2026-01-21 14:55:43,718 [Worker-3: Loading available Gradle versions] INFO  o.e.b.c.i.u.g.PublishedGradleVersions - Gradle version information cache is up-to-date. Trying to read.
2026-01-21 14:58:45,094 [Worker-12: Creating maven-archetype-webapp] INFO  o.e.m.c.i.p.ProjectConfigurationManager - Collecting project info '/pom.xml' D:\Rays\Spring-WorkSpace\Spring-MVC\spring-mvc-simple\pom.xml
2026-01-21 14:58:50,777 [Worker-12: Creating maven-archetype-webapp] INFO  o.e.m.c.i.l.LifecycleMappingFactory - Using org.maven.ide.eclipse.wtp.WarLifecycleMapping lifecycle mapping for MavenProject: com.rays:spring-mvc-simple:0.0.1-SNAPSHOT @ D:\Rays\Spring-WorkSpace\Spring-MVC\spring-mvc-simple\pom.xml.
2026-01-21 14:58:56,308 [Worker-12: Creating maven-archetype-webapp] INFO  o.e.m.j.i.AbstractJavaProjectConfigurator - Adding source folder /spring-mvc-simple/src/main/java
2026-01-21 14:58:56,310 [Worker-12: Creating maven-archetype-webapp] INFO  o.e.m.j.i.AbstractJavaProjectConfigurator - Adding resource folder /spring-mvc-simple/src/main/resources
2026-01-21 14:58:56,310 [Worker-12: Creating maven-archetype-webapp] INFO  o.e.m.j.i.AbstractJavaProjectConfigurator - Adding source folder /spring-mvc-simple/src/test/java
2026-01-21 14:59:03,473 [Worker-12: Creating maven-archetype-webapp] INFO  o.e.m.c.i.p.ProjectConfigurationManager - Imported and configured 1 project(s) in 18 sec
2026-01-21 14:59:17,994 [Worker-10: Building workspace] WARN  o.e.m.c.i.embedder.EclipseLogger - Using platform encoding (Cp1252 actually) to copy filtered resources, i.e. build is platform dependent!
2026-01-21 14:59:18,639 [Worker-10: Building workspace] INFO  o.e.m.c.i.embedder.EclipseLogger - Copying 0 resource
2026-01-21 14:59:19,051 [Worker-10: Building workspace] WARN  o.e.m.c.i.embedder.EclipseLogger - Using platform encoding (Cp1252 actually) to copy filtered resources, i.e. build is platform dependent!
2026-01-21 14:59:19,066 [Worker-10: Building workspace] INFO  o.e.m.c.i.embedder.EclipseLogger - skip non existing resourceDirectory D:\Rays\Spring-WorkSpace\Spring-MVC\spring-mvc-simple\src\test\resources
2026-01-21 15:00:08,661 [Worker-5: Building workspace] WARN  o.e.m.c.i.embedder.EclipseLogger - Using platform encoding (Cp1252 actually) to copy filtered resources, i.e. build is platform dependent!
2026-01-21 15:00:08,670 [Worker-5: Building workspace] INFO  o.e.m.c.i.embedder.EclipseLogger - Copying 0 resource
2026-01-21 15:00:08,673 [Worker-5: Building workspace] WARN  o.e.m.c.i.embedder.EclipseLogger - Using platform encoding (Cp1252 actually) to copy filtered resources, i.e. build is platform dependent!
2026-01-21 15:00:08,674 [Worker-5: Building workspace] INFO  o.e.m.c.i.embedder.EclipseLogger - skip non existing resourceDirectory D:\Rays\Spring-WorkSpace\Spring-MVC\spring-mvc-simple\src\test\resources
2026-01-21 15:00:48,015 [Worker-12: Building workspace] INFO  o.e.m.c.i.l.LifecycleMappingFactory - Using org.maven.ide.eclipse.wtp.WarLifecycleMapping lifecycle mapping for MavenProject: com.rays:spring-mvc-simple:0.0.1-SNAPSHOT @ D:\Rays\Spring-WorkSpace\Spring-MVC\spring-mvc-simple\pom.xml.
2026-01-21 15:00:50,771 [Worker-12: Building workspace] WARN  o.e.m.c.i.embedder.EclipseLogger - Using platform encoding (Cp1252 actually) to copy filtered resources, i.e. build is platform dependent!
2026-01-21 15:00:50,775 [Worker-12: Building workspace] INFO  o.e.m.c.i.embedder.EclipseLogger - Copying 0 resource
2026-01-21 15:00:50,779 [Worker-12: Building workspace] WARN  o.e.m.c.i.embedder.EclipseLogger - Using platform encoding (Cp1252 actually) to copy filtered resources, i.e. build is platform dependent!
2026-01-21 15:00:50,781 [Worker-12: Building workspace] INFO  o.e.m.c.i.embedder.EclipseLogger - skip non existing resourceDirectory D:\Rays\Spring-WorkSpace\Spring-MVC\spring-mvc-simple\src\test\resources
2026-01-21 15:00:50,782 [Worker-12: Building workspace] INFO  o.e.m.w.i.f.ResourceFilteringBuildParticipant - Changed resources require a complete clean of filtered resources of spring-mvc-simple
2026-01-21 15:00:50,809 [Worker-12: Building workspace] INFO  o.e.m.w.i.f.ResourceFilteringBuildParticipant - Executing resource filtering for spring-mvc-simple
2026-01-21 15:00:50,817 [Worker-12: Building workspace] WARN  o.e.m.c.i.embedder.EclipseLogger - Using platform encoding (Cp1252 actually) to copy filtered resources, i.e. build is platform dependent!
2026-01-21 15:01:08,481 [Worker-13: reload maven project] INFO  o.e.m.c.i.e.AbstractTransferListenerAdapter - Downloaded https://repo.maven.apache.org/maven2/org/springframework/spring-context/5.0.6.RELEASE/spring-context-5.0.6.RELEASE.pom
2026-01-21 15:01:08,592 [Worker-13: reload maven project] INFO  o.e.m.c.i.e.AbstractTransferListenerAdapter - Downloaded https://repo.maven.apache.org/maven2/org/springframework/spring-aop/5.0.6.RELEASE/spring-aop-5.0.6.RELEASE.pom
2026-01-21 15:01:08,711 [Worker-13: reload maven project] INFO  o.e.m.c.i.e.AbstractTransferListenerAdapter - Downloaded https://repo.maven.apache.org/maven2/org/springframework/spring-beans/5.0.6.RELEASE/spring-beans-5.0.6.RELEASE.pom
2026-01-21 15:01:08,837 [Worker-12: Building workspace] INFO  o.e.m.c.i.l.LifecycleMappingFactory - Using org.maven.ide.eclipse.wtp.WarLifecycleMapping lifecycle mapping for MavenProject: com.rays:spring-mvc-simple:0.0.1-SNAPSHOT @ D:\Rays\Spring-WorkSpace\Spring-MVC\spring-mvc-simple\pom.xml.
2026-01-21 15:01:08,853 [Worker-13: reload maven project] INFO  o.e.m.c.i.e.AbstractTransferListenerAdapter - Downloaded https://repo.maven.apache.org/maven2/org/springframework/spring-core/5.0.6.RELEASE/spring-core-5.0.6.RELEASE.pom
2026-01-21 15:01:09,028 [Worker-13: reload maven project] INFO  o.e.m.c.i.e.AbstractTransferListenerAdapter - Downloaded https://repo.maven.apache.org/maven2/io/projectreactor/reactor-bom/Bismuth-SR9/reactor-bom-Bismuth-SR9.pom
2026-01-21 15:01:09,135 [Worker-13: reload maven project] INFO  o.e.m.c.i.e.AbstractTransferListenerAdapter - Downloaded https://repo.maven.apache.org/maven2/io/netty/netty-bom/4.1.24.Final/netty-bom-4.1.24.Final.pom
2026-01-21 15:01:09,246 [Worker-13: reload maven project] INFO  o.e.m.c.i.e.AbstractTransferListenerAdapter - Downloaded https://repo.maven.apache.org/maven2/org/springframework/spring-jcl/5.0.6.RELEASE/spring-jcl-5.0.6.RELEASE.pom
2026-01-21 15:01:09,296 [Worker-12: Building workspace] INFO  o.e.m.c.i.e.AbstractTransferListenerAdapter - Downloaded https://repo.maven.apache.org/maven2/io/projectreactor/reactor-bom/Bismuth-SR9/reactor-bom-Bismuth-SR9.pom
2026-01-21 15:01:09,354 [Worker-13: reload maven project] INFO  o.e.m.c.i.e.AbstractTransferListenerAdapter - Downloaded https://repo.maven.apache.org/maven2/org/springframework/spring-expression/5.0.6.RELEASE/spring-expression-5.0.6.RELEASE.pom
2026-01-21 15:01:09,469 [Worker-12: Building workspace] INFO  o.e.m.c.i.e.AbstractTransferListenerAdapter - Downloaded https://repo.maven.apache.org/maven2/org/springframework/spring-expression/5.0.6.RELEASE/spring-expression-5.0.6.RELEASE.pom
2026-01-21 15:01:09,583 [Worker-13: reload maven project] INFO  o.e.m.c.i.e.AbstractTransferListenerAdapter - Downloaded https://repo.maven.apache.org/maven2/org/springframework/spring-web/5.0.6.RELEASE/spring-web-5.0.6.RELEASE.pom
2026-01-21 15:01:09,708 [Worker-13: reload maven project] INFO  o.e.m.c.i.e.AbstractTransferListenerAdapter - Downloaded https://repo.maven.apache.org/maven2/org/springframework/spring-webmvc/5.0.6.RELEASE/spring-webmvc-5.0.6.RELEASE.pom
2026-01-21 15:01:09,760 [Worker-12: Building workspace] INFO  o.e.m.c.i.e.AbstractTransferListenerAdapter - Downloaded https://repo.maven.apache.org/maven2/org/springframework/spring-web/5.0.6.RELEASE/spring-web-5.0.6.RELEASE.pom
2026-01-21 15:01:09,965 [Worker-13: reload maven project] INFO  o.e.m.c.i.e.AbstractTransferListenerAdapter - Downloaded https://repo.maven.apache.org/maven2/org/springframework/spring-tx/5.0.6.RELEASE/spring-tx-5.0.6.RELEASE.pom
2026-01-21 15:01:09,975 [Worker-12: Building workspace] INFO  o.e.m.c.i.e.AbstractTransferListenerAdapter - Downloaded https://repo.maven.apache.org/maven2/org/springframework/spring-tx/5.0.6.RELEASE/spring-tx-5.0.6.RELEASE.pom
2026-01-21 15:01:10,252 [Worker-13: reload maven project] INFO  o.e.m.c.i.e.AbstractTransferListenerAdapter - Downloaded https://repo.maven.apache.org/maven2/org/springframework/spring-test/5.0.6.RELEASE/spring-test-5.0.6.RELEASE.pom
2026-01-21 15:01:10,410 [Worker-13: reload maven project] INFO  o.e.m.c.i.e.AbstractTransferListenerAdapter - Downloaded https://repo.maven.apache.org/maven2/org/springframework/spring-orm/5.0.6.RELEASE/spring-orm-5.0.6.RELEASE.pom
2026-01-21 15:01:10,450 [Worker-12: Building workspace] INFO  o.e.m.c.i.e.AbstractTransferListenerAdapter - Downloaded https://repo.maven.apache.org/maven2/org/springframework/spring-test/5.0.6.RELEASE/spring-test-5.0.6.RELEASE.pom
2026-01-21 15:01:10,515 [Worker-13: reload maven project] INFO  o.e.m.c.i.e.AbstractTransferListenerAdapter - Downloaded https://repo.maven.apache.org/maven2/org/springframework/spring-jdbc/5.0.6.RELEASE/spring-jdbc-5.0.6.RELEASE.pom
2026-01-21 15:01:10,590 [Worker-12: Building workspace] INFO  o.e.m.c.i.e.AbstractTransferListenerAdapter - Downloaded https://repo.maven.apache.org/maven2/org/springframework/spring-jdbc/5.0.6.RELEASE/spring-jdbc-5.0.6.RELEASE.pom
2026-01-21 15:01:10,628 [Worker-13: reload maven project] INFO  o.e.m.c.i.e.AbstractTransferListenerAdapter - Downloaded https://repo.maven.apache.org/maven2/org/springframework/spring-context-support/5.0.6.RELEASE/spring-context-support-5.0.6.RELEASE.pom
2026-01-21 15:01:10,782 [Worker-13: reload maven project] INFO  o.e.m.c.i.e.AbstractTransferListenerAdapter - Downloaded https://repo.maven.apache.org/maven2/javax/annotation/javax.annotation-api/1.3.1/javax.annotation-api-1.3.1.pom
2026-01-21 15:01:10,922 [Worker-13: reload maven project] INFO  o.e.m.c.i.e.AbstractTransferListenerAdapter - Downloaded https://repo.maven.apache.org/maven2/org/hibernate/hibernate-core/5.0.12.Final/hibernate-core-5.0.12.Final.pom
2026-01-21 15:01:11,037 [Worker-12: Building workspace] INFO  o.e.m.c.i.e.AbstractTransferListenerAdapter - Downloaded https://repo.maven.apache.org/maven2/org/springframework/spring-context-support/5.0.6.RELEASE/spring-context-support-5.0.6.RELEASE.pom
2026-01-21 15:01:11,057 [Worker-13: reload maven project] INFO  o.e.m.c.i.e.AbstractTransferListenerAdapter - Downloaded https://repo.maven.apache.org/maven2/org/javassist/javassist/3.18.1-GA/javassist-3.18.1-GA.pom
2026-01-21 15:01:11,220 [Worker-13: reload maven project] INFO  o.e.m.c.i.e.AbstractTransferListenerAdapter - Downloaded https://repo.maven.apache.org/maven2/org/apache/geronimo/specs/geronimo-jta_1.1_spec/1.1.1/geronimo-jta_1.1_spec-1.1.1.pom
2026-01-21 15:01:11,254 [Worker-12: Building workspace] INFO  o.e.m.c.i.e.AbstractTransferListenerAdapter - Downloaded https://repo.maven.apache.org/maven2/org/apache/geronimo/specs/geronimo-jta_1.1_spec/1.1.1/geronimo-jta_1.1_spec-1.1.1.pom
2026-01-21 15:01:11,323 [Worker-13: reload maven project] INFO  o.e.m.c.i.e.AbstractTransferListenerAdapter - Downloaded https://repo.maven.apache.org/maven2/org/apache/geronimo/specs/specs/1.4/specs-1.4.pom
2026-01-21 15:01:11,387 [Worker-12: Building workspace] INFO  o.e.m.c.i.e.AbstractTransferListenerAdapter - Downloaded https://repo.maven.apache.org/maven2/org/apache/geronimo/specs/specs/1.4/specs-1.4.pom
2026-01-21 15:01:11,445 [Worker-13: reload maven project] INFO  o.e.m.c.i.e.AbstractTransferListenerAdapter - Downloaded https://repo.maven.apache.org/maven2/org/apache/geronimo/genesis/config/project-config/1.2/project-config-1.2.pom
2026-01-21 15:01:11,537 [Worker-12: Building workspace] INFO  o.e.m.c.i.e.AbstractTransferListenerAdapter - Downloaded https://repo.maven.apache.org/maven2/org/apache/geronimo/genesis/config/project-config/1.2/project-config-1.2.pom
2026-01-21 15:01:11,560 [Worker-13: reload maven project] INFO  o.e.m.c.i.e.AbstractTransferListenerAdapter - Downloaded https://repo.maven.apache.org/maven2/org/apache/geronimo/genesis/config/config/1.2/config-1.2.pom
2026-01-21 15:01:11,653 [Worker-13: reload maven project] INFO  o.e.m.c.i.e.AbstractTransferListenerAdapter - Downloaded https://repo.maven.apache.org/maven2/org/apache/geronimo/genesis/genesis/1.2/genesis-1.2.pom
2026-01-21 15:01:11,659 [Worker-12: Building workspace] INFO  o.e.m.c.i.e.AbstractTransferListenerAdapter - Downloaded https://repo.maven.apache.org/maven2/org/apache/geronimo/genesis/config/config/1.2/config-1.2.pom
2026-01-21 15:01:11,764 [Worker-13: reload maven project] INFO  o.e.m.c.i.e.AbstractTransferListenerAdapter - Downloaded https://repo.maven.apache.org/maven2/org/jboss/jandex/2.0.0.Final/jandex-2.0.0.Final.pom
2026-01-21 15:01:11,800 [Worker-12: Building workspace] INFO  o.e.m.c.i.e.AbstractTransferListenerAdapter - Downloaded https://repo.maven.apache.org/maven2/org/jboss/jandex/2.0.0.Final/jandex-2.0.0.Final.pom
2026-01-21 15:01:11,887 [Worker-13: reload maven project] INFO  o.e.m.c.i.e.AbstractTransferListenerAdapter - Downloaded https://repo.maven.apache.org/maven2/xml-apis/xml-apis/1.0.b2/xml-apis-1.0.b2.pom
2026-01-21 15:01:11,942 [Worker-12: Building workspace] INFO  o.e.m.c.i.e.AbstractTransferListenerAdapter - Downloaded https://repo.maven.apache.org/maven2/xml-apis/xml-apis/1.0.b2/xml-apis-1.0.b2.pom
2026-01-21 15:01:12,062 [Worker-13: reload maven project] INFO  o.e.m.c.i.e.AbstractTransferListenerAdapter - Downloaded https://repo.maven.apache.org/maven2/org/hibernate/hibernate-validator/5.0.3.Final/hibernate-validator-5.0.3.Final.pom
2026-01-21 15:01:12,241 [Worker-13: reload maven project] INFO  o.e.m.c.i.e.AbstractTransferListenerAdapter - Downloaded https://repo.maven.apache.org/maven2/org/hibernate/hibernate-validator-parent/5.0.3.Final/hibernate-validator-parent-5.0.3.Final.pom
2026-01-21 15:01:12,343 [Worker-13: reload maven project] INFO  o.e.m.c.i.e.AbstractTransferListenerAdapter - Downloaded https://repo.maven.apache.org/maven2/org/jboss/arquillian/arquillian-bom/1.0.2.Final/arquillian-bom-1.0.2.Final.pom
2026-01-21 15:01:12,401 [Worker-12: Building workspace] INFO  o.e.m.c.i.e.AbstractTransferListenerAdapter - Downloaded https://repo.maven.apache.org/maven2/org/hibernate/hibernate-validator/5.0.3.Final/hibernate-validator-5.0.3.Final.pom
2026-01-21 15:01:12,446 [Worker-13: reload maven project] INFO  o.e.m.c.i.e.AbstractTransferListenerAdapter - Downloaded https://repo.maven.apache.org/maven2/org/jboss/shrinkwrap/shrinkwrap-bom/1.0.1/shrinkwrap-bom-1.0.1.pom
2026-01-21 15:01:12,540 [Worker-12: Building workspace] INFO  o.e.m.c.i.e.AbstractTransferListenerAdapter - Downloaded https://repo.maven.apache.org/maven2/org/jboss/shrinkwrap/shrinkwrap-bom/1.0.1/shrinkwrap-bom-1.0.1.pom
2026-01-21 15:01:12,553 [Worker-13: reload maven project] INFO  o.e.m.c.i.e.AbstractTransferListenerAdapter - Downloaded https://repo.maven.apache.org/maven2/org/jboss/shrinkwrap/resolver/shrinkwrap-resolver-bom/1.0.0-beta-7/shrinkwrap-resolver-bom-1.0.0-beta-7.pom
2026-01-21 15:01:12,655 [Worker-13: reload maven project] INFO  o.e.m.c.i.e.AbstractTransferListenerAdapter - Downloaded https://repo.maven.apache.org/maven2/org/jboss/shrinkwrap/descriptors/shrinkwrap-descriptors-bom/2.0.0-alpha-3/shrinkwrap-descriptors-bom-2.0.0-alpha-3.pom
2026-01-21 15:01:12,660 [Worker-12: Building workspace] INFO  o.e.m.c.i.e.AbstractTransferListenerAdapter - Downloaded https://repo.maven.apache.org/maven2/org/jboss/shrinkwrap/resolver/shrinkwrap-resolver-bom/1.0.0-beta-7/shrinkwrap-resolver-bom-1.0.0-beta-7.pom
2026-01-21 15:01:12,772 [Worker-13: reload maven project] INFO  o.e.m.c.i.e.AbstractTransferListenerAdapter - Downloaded https://repo.maven.apache.org/maven2/org/jboss/logging/jboss-logging/3.1.1.GA/jboss-logging-3.1.1.GA.pom
2026-01-21 15:01:12,804 [Worker-12: Building workspace] INFO  o.e.m.c.i.e.AbstractTransferListenerAdapter - Downloaded https://repo.maven.apache.org/maven2/org/jboss/logging/jboss-logging/3.1.1.GA/jboss-logging-3.1.1.GA.pom
2026-01-21 15:01:12,889 [Worker-13: reload maven project] INFO  o.e.m.c.i.e.AbstractTransferListenerAdapter - Downloaded https://repo.maven.apache.org/maven2/org/jboss/jboss-parent/7/jboss-parent-7.pom
2026-01-21 15:01:12,989 [Worker-13: reload maven project] INFO  o.e.m.c.i.e.AbstractTransferListenerAdapter - Downloaded https://repo.maven.apache.org/maven2/com/fasterxml/classmate/1.0.0/classmate-1.0.0.pom
2026-01-21 15:01:13,121 [Worker-13: reload maven project] INFO  o.e.m.c.i.e.AbstractTransferListenerAdapter - Downloaded https://repo.maven.apache.org/maven2/com/mchange/c3p0/0.9.5.4/c3p0-0.9.5.4.pom
2026-01-21 15:01:13,205 [Worker-12: Building workspace] INFO  o.e.m.c.i.e.AbstractTransferListenerAdapter - Downloaded https://repo.maven.apache.org/maven2/org/jboss/jboss-parent/7/jboss-parent-7.pom
2026-01-21 15:01:13,218 [Worker-13: reload maven project] INFO  o.e.m.c.i.e.AbstractTransferListenerAdapter - Downloaded https://repo.maven.apache.org/maven2/com/mchange/mchange-commons-java/0.2.15/mchange-commons-java-0.2.15.pom
2026-01-21 15:01:13,320 [Worker-13: reload maven project] INFO  o.e.m.c.i.e.AbstractTransferListenerAdapter - Downloaded https://repo.maven.apache.org/maven2/javax/persistence/persistence-api/1.0.2/persistence-api-1.0.2.pom
2026-01-21 15:01:13,352 [Worker-12: Building workspace] INFO  o.e.m.c.i.e.AbstractTransferListenerAdapter - Downloaded https://repo.maven.apache.org/maven2/javax/persistence/persistence-api/1.0.2/persistence-api-1.0.2.pom
2026-01-21 15:01:13,481 [Worker-12: Building workspace] INFO  o.e.m.c.i.e.AbstractTransferListenerAdapter - Downloaded https://repo.maven.apache.org/maven2/javax/mail/javax.mail-api/1.4.7/javax.mail-api-1.4.7.pom
2026-01-21 15:01:13,499 [Worker-13: reload maven project] INFO  o.e.m.c.i.e.AbstractTransferListenerAdapter - Downloaded https://repo.maven.apache.org/maven2/javax/mail/javax.mail-api/1.4.7/javax.mail-api-1.4.7.pom
2026-01-21 15:01:13,664 [Worker-12: Building workspace] INFO  o.e.m.c.i.e.AbstractTransferListenerAdapter - Downloaded https://repo.maven.apache.org/maven2/com/sun/mail/javax.mail/1.4.7/javax.mail-1.4.7.pom
2026-01-21 15:01:13,831 [Worker-13: reload maven project] INFO  o.e.m.c.i.e.AbstractTransferListenerAdapter - Downloaded https://repo.maven.apache.org/maven2/com/sun/mail/javax.mail/1.4.7/javax.mail-1.4.7.pom
2026-01-21 15:01:13,932 [Worker-13: reload maven project] INFO  o.e.m.c.i.e.AbstractTransferListenerAdapter - Downloaded https://repo.maven.apache.org/maven2/taglibs/standard/1.1.2/standard-1.1.2.pom
2026-01-21 15:01:13,938 [Worker-12: Building workspace] INFO  o.e.m.c.i.e.AbstractTransferListenerAdapter - Downloaded https://repo.maven.apache.org/maven2/taglibs/standard/1.1.2/standard-1.1.2.pom
2026-01-21 15:01:14,034 [Worker-13: reload maven project] INFO  o.e.m.c.i.e.AbstractTransferListenerAdapter - Downloaded https://repo.maven.apache.org/maven2/javax/servlet/jstl/1.2/jstl-1.2.pom
2026-01-21 15:01:14,074 [Worker-12: Building workspace] INFO  o.e.m.c.i.e.AbstractTransferListenerAdapter - Downloaded https://repo.maven.apache.org/maven2/javax/servlet/jstl/1.2/jstl-1.2.pom
2026-01-21 15:01:14,301 [Worker-12: Building workspace] INFO  o.e.m.c.i.e.AbstractTransferListenerAdapter - Downloaded https://repo.maven.apache.org/maven2/org/apache/tomcat/tomcat-jasper/9.0.12/tomcat-jasper-9.0.12.pom
2026-01-21 15:01:14,380 [Worker-13: reload maven project] INFO  o.e.m.c.i.e.AbstractTransferListenerAdapter - Downloaded https://repo.maven.apache.org/maven2/org/apache/tomcat/tomcat-jasper/9.0.12/tomcat-jasper-9.0.12.pom
2026-01-21 15:01:14,519 [Worker-12: Building workspace] INFO  o.e.m.c.i.e.AbstractTransferListenerAdapter - Downloaded https://repo.maven.apache.org/maven2/org/apache/tomcat/tomcat-servlet-api/9.0.12/tomcat-servlet-api-9.0.12.pom
2026-01-21 15:01:14,693 [Worker-13: reload maven project] INFO  o.e.m.c.i.e.AbstractTransferListenerAdapter - Downloaded https://repo.maven.apache.org/maven2/org/apache/tomcat/tomcat-servlet-api/9.0.12/tomcat-servlet-api-9.0.12.pom
2026-01-21 15:01:14,786 [Worker-12: Building workspace] INFO  o.e.m.c.i.e.AbstractTransferListenerAdapter - Downloaded https://repo.maven.apache.org/maven2/org/apache/tomcat/tomcat-juli/9.0.12/tomcat-juli-9.0.12.pom
2026-01-21 15:01:14,926 [Worker-13: reload maven project] INFO  o.e.m.c.i.e.AbstractTransferListenerAdapter - Downloaded https://repo.maven.apache.org/maven2/org/apache/tomcat/tomcat-juli/9.0.12/tomcat-juli-9.0.12.pom
2026-01-21 15:01:15,167 [Worker-12: Building workspace] INFO  o.e.m.c.i.e.AbstractTransferListenerAdapter - Downloaded https://repo.maven.apache.org/maven2/org/apache/tomcat/tomcat-jsp-api/9.0.12/tomcat-jsp-api-9.0.12.pom
2026-01-21 15:01:15,255 [Worker-13: reload maven project] INFO  o.e.m.c.i.e.AbstractTransferListenerAdapter - Downloaded https://repo.maven.apache.org/maven2/org/apache/tomcat/tomcat-jsp-api/9.0.12/tomcat-jsp-api-9.0.12.pom
2026-01-21 15:01:15,587 [Worker-13: reload maven project] INFO  o.e.m.c.i.e.AbstractTransferListenerAdapter - Downloaded https://repo.maven.apache.org/maven2/org/apache/tomcat/tomcat-el-api/9.0.12/tomcat-el-api-9.0.12.pom
2026-01-21 15:01:15,827 [Worker-12: Building workspace] INFO  o.e.m.c.i.e.AbstractTransferListenerAdapter - Downloaded https://repo.maven.apache.org/maven2/org/apache/tomcat/tomcat-el-api/9.0.12/tomcat-el-api-9.0.12.pom
2026-01-21 15:01:15,872 [Worker-13: reload maven project] INFO  o.e.m.c.i.e.AbstractTransferListenerAdapter - Downloaded https://repo.maven.apache.org/maven2/org/eclipse/jdt/ecj/3.13.102/ecj-3.13.102.pom
2026-01-21 15:01:16,221 [Worker-13: reload maven project] INFO  o.e.m.c.i.e.AbstractTransferListenerAdapter - Downloaded https://repo.maven.apache.org/maven2/org/apache/tomcat/tomcat-jasper-el/9.0.12/tomcat-jasper-el-9.0.12.pom
2026-01-21 15:01:16,710 [Worker-12: Building workspace] INFO  o.e.m.c.i.e.AbstractTransferListenerAdapter - Downloaded https://repo.maven.apache.org/maven2/org/eclipse/jdt/ecj/3.13.102/ecj-3.13.102.pom
2026-01-21 15:01:16,997 [Worker-13: reload maven project] INFO  o.e.m.c.i.e.AbstractTransferListenerAdapter - Downloaded https://repo.maven.apache.org/maven2/org/apache/tomcat/tomcat-api/9.0.12/tomcat-api-9.0.12.pom
2026-01-21 15:01:17,157 [Worker-12: Building workspace] INFO  o.e.m.c.i.e.AbstractTransferListenerAdapter - Downloaded https://repo.maven.apache.org/maven2/org/apache/tomcat/tomcat-api/9.0.12/tomcat-api-9.0.12.pom
2026-01-21 15:01:17,376 [Worker-13: reload maven project] INFO  o.e.m.c.i.e.AbstractTransferListenerAdapter - Downloaded https://repo.maven.apache.org/maven2/org/apache/tomcat/tomcat-util-scan/9.0.12/tomcat-util-scan-9.0.12.pom
2026-01-21 15:01:17,554 [Worker-12: Building workspace] INFO  o.e.m.c.i.e.AbstractTransferListenerAdapter - Downloaded https://repo.maven.apache.org/maven2/org/apache/tomcat/tomcat-util-scan/9.0.12/tomcat-util-scan-9.0.12.pom
2026-01-21 15:01:17,865 [Worker-13: reload maven project] INFO  o.e.m.c.i.e.AbstractTransferListenerAdapter - Downloaded https://repo.maven.apache.org/maven2/org/apache/tomcat/tomcat-util/9.0.12/tomcat-util-9.0.12.pom
2026-01-21 15:01:18,047 [Worker-13: reload maven project] INFO  o.e.m.c.i.e.AbstractTransferListenerAdapter - Downloaded https://repo.maven.apache.org/maven2/org/apache/tiles/tiles-jsp/3.0.5/tiles-jsp-3.0.5.pom
2026-01-21 15:01:18,087 [Worker-12: Building workspace] INFO  o.e.m.c.i.e.AbstractTransferListenerAdapter - Downloaded https://repo.maven.apache.org/maven2/org/apache/tomcat/tomcat-util/9.0.12/tomcat-util-9.0.12.pom
2026-01-21 15:01:18,299 [Worker-13: reload maven project] INFO  o.e.m.c.i.e.AbstractTransferListenerAdapter - Downloaded https://repo.maven.apache.org/maven2/org/apache/tiles/tiles-parent/3.0.5/tiles-parent-3.0.5.pom
2026-01-21 15:01:18,372 [Worker-12: Building workspace] INFO  o.e.m.c.i.e.AbstractTransferListenerAdapter - Downloaded https://repo.maven.apache.org/maven2/org/apache/tiles/tiles-parent/3.0.5/tiles-parent-3.0.5.pom
2026-01-21 15:01:18,430 [Worker-13: reload maven project] INFO  o.e.m.c.i.e.AbstractTransferListenerAdapter - Downloaded https://repo.maven.apache.org/maven2/org/apache/tiles/tiles-master/6/tiles-master-6.pom
2026-01-21 15:01:18,952 [Worker-13: reload maven project] INFO  o.e.m.c.i.e.AbstractTransferListenerAdapter - Downloaded https://repo.maven.apache.org/maven2/org/apache/tiles/tiles-servlet/3.0.5/tiles-servlet-3.0.5.pom
2026-01-21 15:01:18,972 [Worker-12: Building workspace] INFO  o.e.m.c.i.e.AbstractTransferListenerAdapter - Downloaded https://repo.maven.apache.org/maven2/org/apache/tiles/tiles-master/6/tiles-master-6.pom
2026-01-21 15:01:19,063 [Worker-13: reload maven project] INFO  o.e.m.c.i.e.AbstractTransferListenerAdapter - Downloaded https://repo.maven.apache.org/maven2/org/apache/tiles/tiles-core/3.0.5/tiles-core-3.0.5.pom
2026-01-21 15:01:19,110 [Worker-12: Building workspace] INFO  o.e.m.c.i.e.AbstractTransferListenerAdapter - Downloaded https://repo.maven.apache.org/maven2/org/apache/tiles/tiles-core/3.0.5/tiles-core-3.0.5.pom
2026-01-21 15:01:19,167 [Worker-13: reload maven project] INFO  o.e.m.c.i.e.AbstractTransferListenerAdapter - Downloaded https://repo.maven.apache.org/maven2/org/apache/tiles/tiles-api/3.0.5/tiles-api-3.0.5.pom
2026-01-21 15:01:19,239 [Worker-12: Building workspace] INFO  o.e.m.c.i.e.AbstractTransferListenerAdapter - Downloaded https://repo.maven.apache.org/maven2/org/apache/tiles/tiles-api/3.0.5/tiles-api-3.0.5.pom
2026-01-21 15:01:19,267 [Worker-13: reload maven project] INFO  o.e.m.c.i.e.AbstractTransferListenerAdapter - Downloaded https://repo.maven.apache.org/maven2/org/slf4j/slf4j-api/1.7.6/slf4j-api-1.7.6.pom
2026-01-21 15:01:19,367 [Worker-12: Building workspace] INFO  o.e.m.c.i.e.AbstractTransferListenerAdapter - Downloaded https://repo.maven.apache.org/maven2/org/slf4j/slf4j-api/1.7.6/slf4j-api-1.7.6.pom
2026-01-21 15:01:19,377 [Worker-13: reload maven project] INFO  o.e.m.c.i.e.AbstractTransferListenerAdapter - Downloaded https://repo.maven.apache.org/maven2/org/slf4j/slf4j-parent/1.7.6/slf4j-parent-1.7.6.pom
2026-01-21 15:01:19,491 [Worker-13: reload maven project] INFO  o.e.m.c.i.e.AbstractTransferListenerAdapter - Downloaded https://repo.maven.apache.org/maven2/org/apache/tiles/tiles-request-api/1.0.6/tiles-request-api-1.0.6.pom
2026-01-21 15:01:19,493 [Worker-12: Building workspace] INFO  o.e.m.c.i.e.AbstractTransferListenerAdapter - Downloaded https://repo.maven.apache.org/maven2/org/slf4j/slf4j-parent/1.7.6/slf4j-parent-1.7.6.pom
2026-01-21 15:01:19,597 [Worker-13: reload maven project] INFO  o.e.m.c.i.e.AbstractTransferListenerAdapter - Downloaded https://repo.maven.apache.org/maven2/org/apache/tiles/tiles-request/1.0.6/tiles-request-1.0.6.pom
2026-01-21 15:01:19,630 [Worker-12: Building workspace] INFO  o.e.m.c.i.e.AbstractTransferListenerAdapter - Downloaded https://repo.maven.apache.org/maven2/org/apache/tiles/tiles-request/1.0.6/tiles-request-1.0.6.pom
2026-01-21 15:01:19,737 [Worker-13: reload maven project] INFO  o.e.m.c.i.e.AbstractTransferListenerAdapter - Downloaded https://repo.maven.apache.org/maven2/commons-digester/commons-digester/2.0/commons-digester-2.0.pom
2026-01-21 15:01:19,763 [Worker-12: Building workspace] INFO  o.e.m.c.i.e.AbstractTransferListenerAdapter - Downloaded https://repo.maven.apache.org/maven2/commons-digester/commons-digester/2.0/commons-digester-2.0.pom
2026-01-21 15:01:19,891 [Worker-13: reload maven project] INFO  o.e.m.c.i.e.AbstractTransferListenerAdapter - Downloaded https://repo.maven.apache.org/maven2/org/apache/commons/commons-parent/11/commons-parent-11.pom
2026-01-21 15:01:20,026 [Worker-13: reload maven project] INFO  o.e.m.c.i.e.AbstractTransferListenerAdapter - Downloaded https://repo.maven.apache.org/maven2/commons-beanutils/commons-beanutils/1.8.0/commons-beanutils-1.8.0.pom
2026-01-21 15:01:20,133 [Worker-13: reload maven project] INFO  o.e.m.c.i.e.AbstractTransferListenerAdapter - Downloaded https://repo.maven.apache.org/maven2/org/slf4j/jcl-over-slf4j/1.7.6/jcl-over-slf4j-1.7.6.pom
2026-01-21 15:01:20,193 [Worker-12: Building workspace] INFO  o.e.m.c.i.e.AbstractTransferListenerAdapter - Downloaded https://repo.maven.apache.org/maven2/org/apache/commons/commons-parent/11/commons-parent-11.pom
2026-01-21 15:01:20,233 [Worker-13: reload maven project] INFO  o.e.m.c.i.e.AbstractTransferListenerAdapter - Downloaded https://repo.maven.apache.org/maven2/org/apache/tiles/tiles-request-servlet/1.0.6/tiles-request-servlet-1.0.6.pom
2026-01-21 15:01:20,339 [Worker-12: Building workspace] INFO  o.e.m.c.i.e.AbstractTransferListenerAdapter - Downloaded https://repo.maven.apache.org/maven2/org/apache/tiles/tiles-request-servlet/1.0.6/tiles-request-servlet-1.0.6.pom
2026-01-21 15:01:20,358 [Worker-13: reload maven project] INFO  o.e.m.c.i.e.AbstractTransferListenerAdapter - Downloaded https://repo.maven.apache.org/maven2/org/apache/tiles/tiles-template/3.0.5/tiles-template-3.0.5.pom
2026-01-21 15:01:20,453 [Worker-13: reload maven project] INFO  o.e.m.c.i.e.AbstractTransferListenerAdapter - Downloaded https://repo.maven.apache.org/maven2/org/apache/tiles/tiles-autotag-core-runtime/1.1.0/tiles-autotag-core-runtime-1.1.0.pom
2026-01-21 15:01:20,474 [Worker-12: Building workspace] INFO  o.e.m.c.i.e.AbstractTransferListenerAdapter - Downloaded https://repo.maven.apache.org/maven2/org/apache/tiles/tiles-template/3.0.5/tiles-template-3.0.5.pom
2026-01-21 15:01:20,558 [Worker-13: reload maven project] INFO  o.e.m.c.i.e.AbstractTransferListenerAdapter - Downloaded https://repo.maven.apache.org/maven2/org/apache/tiles/tiles-autotag/1.1.0/tiles-autotag-1.1.0.pom
2026-01-21 15:01:20,631 [Worker-12: Building workspace] INFO  o.e.m.c.i.e.AbstractTransferListenerAdapter - Downloaded https://repo.maven.apache.org/maven2/org/apache/tiles/tiles-autotag/1.1.0/tiles-autotag-1.1.0.pom
2026-01-21 15:01:20,716 [Worker-13: reload maven project] INFO  o.e.m.c.i.e.AbstractTransferListenerAdapter - Downloaded https://repo.maven.apache.org/maven2/org/apache/tiles/tiles-master/4/tiles-master-4.pom
2026-01-21 15:01:20,756 [Worker-12: Building workspace] INFO  o.e.m.c.i.e.AbstractTransferListenerAdapter - Downloaded https://repo.maven.apache.org/maven2/org/apache/tiles/tiles-master/4/tiles-master-4.pom
2026-01-21 15:01:20,879 [Worker-13: reload maven project] INFO  o.e.m.c.i.e.AbstractTransferListenerAdapter - Downloaded https://repo.maven.apache.org/maven2/org/apache/tiles/tiles-request-jsp/1.0.6/tiles-request-jsp-1.0.6.pom
2026-01-21 15:01:20,946 [Worker-12: Building workspace] INFO  o.e.m.c.i.e.AbstractTransferListenerAdapter - Downloaded https://repo.maven.apache.org/maven2/org/apache/tiles/tiles-request-jsp/1.0.6/tiles-request-jsp-1.0.6.pom
2026-01-21 15:01:21,101 [Worker-13: reload maven project] INFO  o.e.m.c.i.e.AbstractTransferListenerAdapter - Downloaded https://repo.maven.apache.org/maven2/org/apache/tiles/tiles-el/3.0.5/tiles-el-3.0.5.pom
2026-01-21 15:01:21,254 [Worker-13: reload maven project] INFO  o.e.m.c.i.e.AbstractTransferListenerAdapter - Downloaded https://repo.maven.apache.org/maven2/org/slf4j/slf4j-api/1.6.4/slf4j-api-1.6.4.pom
2026-01-21 15:01:21,352 [Worker-13: reload maven project] INFO  o.e.m.c.i.e.AbstractTransferListenerAdapter - Downloaded https://repo.maven.apache.org/maven2/org/slf4j/slf4j-parent/1.6.4/slf4j-parent-1.6.4.pom
2026-01-21 15:01:21,370 [Worker-12: Building workspace] INFO  o.e.m.c.i.e.AbstractTransferListenerAdapter - Downloaded https://repo.maven.apache.org/maven2/org/apache/tiles/tiles-el/3.0.5/tiles-el-3.0.5.pom
2026-01-21 15:01:21,511 [Worker-13: reload maven project] INFO  o.e.m.c.i.e.AbstractTransferListenerAdapter - Downloaded https://repo.maven.apache.org/maven2/org/slf4j/slf4j-log4j12/1.7.32/slf4j-log4j12-1.7.32.pom
2026-01-21 15:01:21,544 [Worker-12: Building workspace] INFO  o.e.m.c.i.e.AbstractTransferListenerAdapter - Downloaded https://repo.maven.apache.org/maven2/org/slf4j/slf4j-log4j12/1.7.32/slf4j-log4j12-1.7.32.pom
2026-01-21 15:01:21,601 [Worker-13: reload maven project] INFO  o.e.m.c.i.e.AbstractTransferListenerAdapter - Downloaded https://repo.maven.apache.org/maven2/org/slf4j/slf4j-parent/1.7.32/slf4j-parent-1.7.32.pom
2026-01-21 15:01:21,770 [Worker-13: reload maven project] INFO  o.e.m.c.i.e.AbstractTransferListenerAdapter - Downloaded https://repo.maven.apache.org/maven2/org/slf4j/slf4j-api/1.7.32/slf4j-api-1.7.32.pom
2026-01-21 15:01:21,785 [Worker-12: Building workspace] INFO  o.e.m.c.i.e.AbstractTransferListenerAdapter - Downloaded https://repo.maven.apache.org/maven2/org/slf4j/slf4j-parent/1.7.32/slf4j-parent-1.7.32.pom
2026-01-21 15:01:22,318 [Worker-12: Building workspace] INFO  o.e.m.c.i.e.AbstractTransferListenerAdapter - Downloading https://repo.maven.apache.org/maven2/org/springframework/spring-context/5.0.6.RELEASE/spring-context-5.0.6.RELEASE.jar
2026-01-21 15:01:22,327 [Worker-13: reload maven project] INFO  o.e.m.c.i.e.AbstractTransferListenerAdapter - Downloading https://repo.maven.apache.org/maven2/org/springframework/spring-context/5.0.6.RELEASE/spring-context-5.0.6.RELEASE.jar
2026-01-21 15:01:23,929 [Worker-13: reload maven project] INFO  o.e.m.c.i.e.AbstractTransferListenerAdapter - Downloaded https://repo.maven.apache.org/maven2/org/springframework/spring-context/5.0.6.RELEASE/spring-context-5.0.6.RELEASE.jar
2026-01-21 15:01:23,968 [Worker-13: reload maven project] INFO  o.e.m.c.i.e.AbstractTransferListenerAdapter - Downloading https://repo.maven.apache.org/maven2/org/springframework/spring-core/5.0.6.RELEASE/spring-core-5.0.6.RELEASE.jar
2026-01-21 15:01:25,437 [Worker-12: Building workspace] INFO  o.e.m.c.i.e.AbstractTransferListenerAdapter - Downloaded https://repo.maven.apache.org/maven2/org/springframework/spring-context/5.0.6.RELEASE/spring-context-5.0.6.RELEASE.jar
2026-01-21 15:01:25,553 [Worker-12: Building workspace] INFO  o.e.m.c.i.e.AbstractTransferListenerAdapter - Downloading https://repo.maven.apache.org/maven2/org/springframework/spring-core/5.0.6.RELEASE/spring-core-5.0.6.RELEASE.jar
2026-01-21 15:01:25,832 [Worker-13: reload maven project] INFO  o.e.m.c.i.e.AbstractTransferListenerAdapter - Downloaded https://repo.maven.apache.org/maven2/org/springframework/spring-core/5.0.6.RELEASE/spring-core-5.0.6.RELEASE.jar
2026-01-21 15:01:25,873 [Worker-13: reload maven project] INFO  o.e.m.c.i.e.AbstractTransferListenerAdapter - Downloading https://repo.maven.apache.org/maven2/org/springframework/spring-jcl/5.0.6.RELEASE/spring-jcl-5.0.6.RELEASE.jar
2026-01-21 15:01:26,029 [Worker-13: reload maven project] INFO  o.e.m.c.i.e.AbstractTransferListenerAdapter - Downloaded https://repo.maven.apache.org/maven2/org/springframework/spring-jcl/5.0.6.RELEASE/spring-jcl-5.0.6.RELEASE.jar
2026-01-21 15:01:26,069 [Worker-13: reload maven project] INFO  o.e.m.c.i.e.AbstractTransferListenerAdapter - Downloading https://repo.maven.apache.org/maven2/org/springframework/spring-beans/5.0.6.RELEASE/spring-beans-5.0.6.RELEASE.jar
2026-01-21 15:01:27,229 [Worker-13: reload maven project] INFO  o.e.m.c.i.e.AbstractTransferListenerAdapter - Downloaded https://repo.maven.apache.org/maven2/org/springframework/spring-beans/5.0.6.RELEASE/spring-beans-5.0.6.RELEASE.jar
2026-01-21 15:01:27,327 [Worker-13: reload maven project] INFO  o.e.m.c.i.e.AbstractTransferListenerAdapter - Downloading https://repo.maven.apache.org/maven2/org/springframework/spring-web/5.0.6.RELEASE/spring-web-5.0.6.RELEASE.jar
2026-01-21 15:01:27,491 [Worker-12: Building workspace] INFO  o.e.m.c.i.e.AbstractTransferListenerAdapter - Downloaded https://repo.maven.apache.org/maven2/org/springframework/spring-core/5.0.6.RELEASE/spring-core-5.0.6.RELEASE.jar
2026-01-21 15:01:27,543 [Worker-12: Building workspace] INFO  o.e.m.c.i.e.AbstractTransferListenerAdapter - Downloading https://repo.maven.apache.org/maven2/org/springframework/spring-jcl/5.0.6.RELEASE/spring-jcl-5.0.6.RELEASE.jar
2026-01-21 15:01:27,691 [Worker-12: Building workspace] INFO  o.e.m.c.i.e.AbstractTransferListenerAdapter - Downloaded https://repo.maven.apache.org/maven2/org/springframework/spring-jcl/5.0.6.RELEASE/spring-jcl-5.0.6.RELEASE.jar
2026-01-21 15:01:27,754 [Worker-12: Building workspace] INFO  o.e.m.c.i.e.AbstractTransferListenerAdapter - Downloading https://repo.maven.apache.org/maven2/org/springframework/spring-beans/5.0.6.RELEASE/spring-beans-5.0.6.RELEASE.jar
2026-01-21 15:01:28,503 [Worker-12: Building workspace] INFO  o.e.m.c.i.e.AbstractTransferListenerAdapter - Downloaded https://repo.maven.apache.org/maven2/org/springframework/spring-beans/5.0.6.RELEASE/spring-beans-5.0.6.RELEASE.jar
2026-01-21 15:01:28,560 [Worker-12: Building workspace] INFO  o.e.m.c.i.e.AbstractTransferListenerAdapter - Downloading https://repo.maven.apache.org/maven2/org/springframework/spring-web/5.0.6.RELEASE/spring-web-5.0.6.RELEASE.jar
2026-01-21 15:01:28,651 [Worker-13: reload maven project] INFO  o.e.m.c.i.e.AbstractTransferListenerAdapter - Downloaded https://repo.maven.apache.org/maven2/org/springframework/spring-web/5.0.6.RELEASE/spring-web-5.0.6.RELEASE.jar
2026-01-21 15:01:28,692 [Worker-13: reload maven project] INFO  o.e.m.c.i.e.AbstractTransferListenerAdapter - Downloading https://repo.maven.apache.org/maven2/org/springframework/spring-webmvc/5.0.6.RELEASE/spring-webmvc-5.0.6.RELEASE.jar
2026-01-21 15:01:29,571 [Worker-13: reload maven project] INFO  o.e.m.c.i.e.AbstractTransferListenerAdapter - Downloaded https://repo.maven.apache.org/maven2/org/springframework/spring-webmvc/5.0.6.RELEASE/spring-webmvc-5.0.6.RELEASE.jar
2026-01-21 15:01:29,612 [Worker-13: reload maven project] INFO  o.e.m.c.i.e.AbstractTransferListenerAdapter - Downloading https://repo.maven.apache.org/maven2/org/springframework/spring-expression/5.0.6.RELEASE/spring-expression-5.0.6.RELEASE.jar
2026-01-21 15:01:30,055 [Worker-13: reload maven project] INFO  o.e.m.c.i.e.AbstractTransferListenerAdapter - Downloaded https://repo.maven.apache.org/maven2/org/springframework/spring-expression/5.0.6.RELEASE/spring-expression-5.0.6.RELEASE.jar
2026-01-21 15:01:30,115 [Worker-13: reload maven project] INFO  o.e.m.c.i.e.AbstractTransferListenerAdapter - Downloading https://repo.maven.apache.org/maven2/org/springframework/spring-aop/5.0.6.RELEASE/spring-aop-5.0.6.RELEASE.jar
2026-01-21 15:01:30,129 [Worker-12: Building workspace] INFO  o.e.m.c.i.e.AbstractTransferListenerAdapter - Downloaded https://repo.maven.apache.org/maven2/org/springframework/spring-web/5.0.6.RELEASE/spring-web-5.0.6.RELEASE.jar
2026-01-21 15:01:30,180 [Worker-12: Building workspace] INFO  o.e.m.c.i.e.AbstractTransferListenerAdapter - Downloading https://repo.maven.apache.org/maven2/org/springframework/spring-webmvc/5.0.6.RELEASE/spring-webmvc-5.0.6.RELEASE.jar
2026-01-21 15:01:31,118 [Worker-12: Building workspace] INFO  o.e.m.c.i.e.AbstractTransferListenerAdapter - Downloaded https://repo.maven.apache.org/maven2/org/springframework/spring-webmvc/5.0.6.RELEASE/spring-webmvc-5.0.6.RELEASE.jar
2026-01-21 15:01:31,168 [Worker-12: Building workspace] INFO  o.e.m.c.i.e.AbstractTransferListenerAdapter - Downloading https://repo.maven.apache.org/maven2/org/springframework/spring-expression/5.0.6.RELEASE/spring-expression-5.0.6.RELEASE.jar
2026-01-21 15:01:31,282 [Worker-13: reload maven project] INFO  o.e.m.c.i.e.AbstractTransferListenerAdapter - Downloaded https://repo.maven.apache.org/maven2/org/springframework/spring-aop/5.0.6.RELEASE/spring-aop-5.0.6.RELEASE.jar
2026-01-21 15:01:31,318 [Worker-13: reload maven project] INFO  o.e.m.c.i.e.AbstractTransferListenerAdapter - Downloading https://repo.maven.apache.org/maven2/org/springframework/spring-tx/5.0.6.RELEASE/spring-tx-5.0.6.RELEASE.jar
2026-01-21 15:01:31,652 [Worker-13: reload maven project] INFO  o.e.m.c.i.e.AbstractTransferListenerAdapter - Downloaded https://repo.maven.apache.org/maven2/org/springframework/spring-tx/5.0.6.RELEASE/spring-tx-5.0.6.RELEASE.jar
2026-01-21 15:01:31,692 [Worker-13: reload maven project] INFO  o.e.m.c.i.e.AbstractTransferListenerAdapter - Downloading https://repo.maven.apache.org/maven2/org/springframework/spring-test/5.0.6.RELEASE/spring-test-5.0.6.RELEASE.jar
2026-01-21 15:01:31,814 [Worker-12: Building workspace] INFO  o.e.m.c.i.e.AbstractTransferListenerAdapter - Downloaded https://repo.maven.apache.org/maven2/org/springframework/spring-expression/5.0.6.RELEASE/spring-expression-5.0.6.RELEASE.jar
2026-01-21 15:01:31,890 [Worker-12: Building workspace] INFO  o.e.m.c.i.e.AbstractTransferListenerAdapter - Downloading https://repo.maven.apache.org/maven2/org/springframework/spring-aop/5.0.6.RELEASE/spring-aop-5.0.6.RELEASE.jar
2026-01-21 15:01:32,403 [Worker-12: Building workspace] INFO  o.e.m.c.i.e.AbstractTransferListenerAdapter - Downloaded https://repo.maven.apache.org/maven2/org/springframework/spring-aop/5.0.6.RELEASE/spring-aop-5.0.6.RELEASE.jar
2026-01-21 15:01:32,470 [Worker-13: reload maven project] INFO  o.e.m.c.i.e.AbstractTransferListenerAdapter - Downloaded https://repo.maven.apache.org/maven2/org/springframework/spring-test/5.0.6.RELEASE/spring-test-5.0.6.RELEASE.jar
2026-01-21 15:01:32,513 [Worker-13: reload maven project] INFO  o.e.m.c.i.e.AbstractTransferListenerAdapter - Downloading https://repo.maven.apache.org/maven2/org/springframework/spring-orm/5.0.6.RELEASE/spring-orm-5.0.6.RELEASE.jar
2026-01-21 15:01:32,747 [Worker-13: reload maven project] INFO  o.e.m.c.i.e.AbstractTransferListenerAdapter - Downloaded https://repo.maven.apache.org/maven2/org/springframework/spring-orm/5.0.6.RELEASE/spring-orm-5.0.6.RELEASE.jar
2026-01-21 15:01:32,884 [Worker-13: reload maven project] INFO  o.e.m.c.i.e.AbstractTransferListenerAdapter - Downloading https://repo.maven.apache.org/maven2/org/springframework/spring-jdbc/5.0.6.RELEASE/spring-jdbc-5.0.6.RELEASE.jar
2026-01-21 15:01:32,985 [Worker-12: Building workspace] INFO  o.e.m.c.i.e.AbstractTransferListenerAdapter - Downloading https://repo.maven.apache.org/maven2/org/springframework/spring-tx/5.0.6.RELEASE/spring-tx-5.0.6.RELEASE.jar
2026-01-21 15:01:33,398 [Worker-13: reload maven project] INFO  o.e.m.c.i.e.AbstractTransferListenerAdapter - Downloaded https://repo.maven.apache.org/maven2/org/springframework/spring-jdbc/5.0.6.RELEASE/spring-jdbc-5.0.6.RELEASE.jar
2026-01-21 15:01:33,440 [Worker-13: reload maven project] INFO  o.e.m.c.i.e.AbstractTransferListenerAdapter - Downloading https://repo.maven.apache.org/maven2/org/springframework/spring-context-support/5.0.6.RELEASE/spring-context-support-5.0.6.RELEASE.jar
2026-01-21 15:01:33,770 [Worker-13: reload maven project] INFO  o.e.m.c.i.e.AbstractTransferListenerAdapter - Downloaded https://repo.maven.apache.org/maven2/org/springframework/spring-context-support/5.0.6.RELEASE/spring-context-support-5.0.6.RELEASE.jar
2026-01-21 15:01:33,809 [Worker-13: reload maven project] INFO  o.e.m.c.i.e.AbstractTransferListenerAdapter - Downloading https://repo.maven.apache.org/maven2/javax/annotation/javax.annotation-api/1.3.1/javax.annotation-api-1.3.1.jar
2026-01-21 15:01:33,843 [Worker-12: Building workspace] INFO  o.e.m.c.i.e.AbstractTransferListenerAdapter - Downloaded https://repo.maven.apache.org/maven2/org/springframework/spring-tx/5.0.6.RELEASE/spring-tx-5.0.6.RELEASE.jar
2026-01-21 15:01:33,899 [Worker-12: Building workspace] INFO  o.e.m.c.i.e.AbstractTransferListenerAdapter - Downloading https://repo.maven.apache.org/maven2/org/springframework/spring-test/5.0.6.RELEASE/spring-test-5.0.6.RELEASE.jar
2026-01-21 15:01:33,937 [Worker-13: reload maven project] INFO  o.e.m.c.i.e.AbstractTransferListenerAdapter - Downloaded https://repo.maven.apache.org/maven2/javax/annotation/javax.annotation-api/1.3.1/javax.annotation-api-1.3.1.jar
2026-01-21 15:01:33,982 [Worker-13: reload maven project] INFO  o.e.m.c.i.e.AbstractTransferListenerAdapter - Downloading https://repo.maven.apache.org/maven2/org/hibernate/hibernate-core/5.0.12.Final/hibernate-core-5.0.12.Final.jar
2026-01-21 15:01:34,774 [Worker-12: Building workspace] INFO  o.e.m.c.i.e.AbstractTransferListenerAdapter - Downloaded https://repo.maven.apache.org/maven2/org/springframework/spring-test/5.0.6.RELEASE/spring-test-5.0.6.RELEASE.jar
2026-01-21 15:01:34,840 [Worker-12: Building workspace] INFO  o.e.m.c.i.e.AbstractTransferListenerAdapter - Downloading https://repo.maven.apache.org/maven2/org/springframework/spring-orm/5.0.6.RELEASE/spring-orm-5.0.6.RELEASE.jar
2026-01-21 15:01:35,171 [Worker-12: Building workspace] INFO  o.e.m.c.i.e.AbstractTransferListenerAdapter - Downloaded https://repo.maven.apache.org/maven2/org/springframework/spring-orm/5.0.6.RELEASE/spring-orm-5.0.6.RELEASE.jar
2026-01-21 15:01:35,221 [Worker-12: Building workspace] INFO  o.e.m.c.i.e.AbstractTransferListenerAdapter - Downloading https://repo.maven.apache.org/maven2/org/springframework/spring-jdbc/5.0.6.RELEASE/spring-jdbc-5.0.6.RELEASE.jar
2026-01-21 15:01:36,005 [Worker-12: Building workspace] INFO  o.e.m.c.i.e.AbstractTransferListenerAdapter - Downloaded https://repo.maven.apache.org/maven2/org/springframework/spring-jdbc/5.0.6.RELEASE/spring-jdbc-5.0.6.RELEASE.jar
2026-01-21 15:01:36,076 [Worker-12: Building workspace] INFO  o.e.m.c.i.e.AbstractTransferListenerAdapter - Downloading https://repo.maven.apache.org/maven2/org/springframework/spring-context-support/5.0.6.RELEASE/spring-context-support-5.0.6.RELEASE.jar
2026-01-21 15:01:36,347 [Worker-12: Building workspace] INFO  o.e.m.c.i.e.AbstractTransferListenerAdapter - Downloaded https://repo.maven.apache.org/maven2/org/springframework/spring-context-support/5.0.6.RELEASE/spring-context-support-5.0.6.RELEASE.jar
2026-01-21 15:01:36,396 [Worker-12: Building workspace] INFO  o.e.m.c.i.e.AbstractTransferListenerAdapter - Downloading https://repo.maven.apache.org/maven2/javax/annotation/javax.annotation-api/1.3.1/javax.annotation-api-1.3.1.jar
2026-01-21 15:01:36,554 [Worker-12: Building workspace] INFO  o.e.m.c.i.e.AbstractTransferListenerAdapter - Downloaded https://repo.maven.apache.org/maven2/javax/annotation/javax.annotation-api/1.3.1/javax.annotation-api-1.3.1.jar
2026-01-21 15:01:36,615 [Worker-12: Building workspace] INFO  o.e.m.c.i.e.AbstractTransferListenerAdapter - Downloading https://repo.maven.apache.org/maven2/org/hibernate/hibernate-core/5.0.12.Final/hibernate-core-5.0.12.Final.jar
2026-01-21 15:01:41,463 [Worker-13: reload maven project] INFO  o.e.m.c.i.e.AbstractTransferListenerAdapter - Downloaded https://repo.maven.apache.org/maven2/org/hibernate/hibernate-core/5.0.12.Final/hibernate-core-5.0.12.Final.jar
2026-01-21 15:01:41,511 [Worker-13: reload maven project] INFO  o.e.m.c.i.e.AbstractTransferListenerAdapter - Downloading https://repo.maven.apache.org/maven2/org/javassist/javassist/3.18.1-GA/javassist-3.18.1-GA.jar
2026-01-21 15:01:42,483 [Worker-13: reload maven project] INFO  o.e.m.c.i.e.AbstractTransferListenerAdapter - Downloaded https://repo.maven.apache.org/maven2/org/javassist/javassist/3.18.1-GA/javassist-3.18.1-GA.jar
2026-01-21 15:01:42,561 [Worker-13: reload maven project] INFO  o.e.m.c.i.e.AbstractTransferListenerAdapter - Downloading https://repo.maven.apache.org/maven2/org/apache/geronimo/specs/geronimo-jta_1.1_spec/1.1.1/geronimo-jta_1.1_spec-1.1.1.jar
2026-01-21 15:01:42,625 [Worker-13: reload maven project] INFO  o.e.m.c.i.e.AbstractTransferListenerAdapter - Downloaded https://repo.maven.apache.org/maven2/org/apache/geronimo/specs/geronimo-jta_1.1_spec/1.1.1/geronimo-jta_1.1_spec-1.1.1.jar
2026-01-21 15:01:42,668 [Worker-13: reload maven project] INFO  o.e.m.c.i.e.AbstractTransferListenerAdapter - Downloading https://repo.maven.apache.org/maven2/org/jboss/jandex/2.0.0.Final/jandex-2.0.0.Final.jar
2026-01-21 15:01:43,197 [Worker-13: reload maven project] INFO  o.e.m.c.i.e.AbstractTransferListenerAdapter - Downloaded https://repo.maven.apache.org/maven2/org/jboss/jandex/2.0.0.Final/jandex-2.0.0.Final.jar
2026-01-21 15:01:43,286 [Worker-13: reload maven project] INFO  o.e.m.c.i.e.AbstractTransferListenerAdapter - Downloading https://repo.maven.apache.org/maven2/xml-apis/xml-apis/1.0.b2/xml-apis-1.0.b2.jar
2026-01-21 15:01:43,540 [Worker-13: reload maven project] INFO  o.e.m.c.i.e.AbstractTransferListenerAdapter - Downloaded https://repo.maven.apache.org/maven2/xml-apis/xml-apis/1.0.b2/xml-apis-1.0.b2.jar
2026-01-21 15:01:43,576 [Worker-13: reload maven project] INFO  o.e.m.c.i.e.AbstractTransferListenerAdapter - Downloading https://repo.maven.apache.org/maven2/org/hibernate/hibernate-validator/5.0.3.Final/hibernate-validator-5.0.3.Final.jar
2026-01-21 15:01:44,588 [Worker-13: reload maven project] INFO  o.e.m.c.i.e.AbstractTransferListenerAdapter - Downloaded https://repo.maven.apache.org/maven2/org/hibernate/hibernate-validator/5.0.3.Final/hibernate-validator-5.0.3.Final.jar
2026-01-21 15:01:44,632 [Worker-13: reload maven project] INFO  o.e.m.c.i.e.AbstractTransferListenerAdapter - Downloading https://repo.maven.apache.org/maven2/com/fasterxml/classmate/1.0.0/classmate-1.0.0.jar
2026-01-21 15:01:44,759 [Worker-13: reload maven project] INFO  o.e.m.c.i.e.AbstractTransferListenerAdapter - Downloaded https://repo.maven.apache.org/maven2/com/fasterxml/classmate/1.0.0/classmate-1.0.0.jar
2026-01-21 15:01:44,803 [Worker-13: reload maven project] INFO  o.e.m.c.i.e.AbstractTransferListenerAdapter - Downloading https://repo.maven.apache.org/maven2/com/mchange/c3p0/0.9.5.4/c3p0-0.9.5.4.jar
2026-01-21 15:01:45,436 [Worker-12: Building workspace] INFO  o.e.m.c.i.e.AbstractTransferListenerAdapter - Downloaded https://repo.maven.apache.org/maven2/org/hibernate/hibernate-core/5.0.12.Final/hibernate-core-5.0.12.Final.jar
2026-01-21 15:01:45,502 [Worker-12: Building workspace] INFO  o.e.m.c.i.e.AbstractTransferListenerAdapter - Downloading https://repo.maven.apache.org/maven2/org/javassist/javassist/3.18.1-GA/javassist-3.18.1-GA.jar
2026-01-21 15:01:45,696 [Worker-13: reload maven project] INFO  o.e.m.c.i.e.AbstractTransferListenerAdapter - Downloaded https://repo.maven.apache.org/maven2/com/mchange/c3p0/0.9.5.4/c3p0-0.9.5.4.jar
2026-01-21 15:01:45,739 [Worker-13: reload maven project] INFO  o.e.m.c.i.e.AbstractTransferListenerAdapter - Downloading https://repo.maven.apache.org/maven2/com/mchange/mchange-commons-java/0.2.15/mchange-commons-java-0.2.15.jar
2026-01-21 15:01:48,169 [Worker-13: reload maven project] INFO  o.e.m.c.i.e.AbstractTransferListenerAdapter - Downloaded https://repo.maven.apache.org/maven2/com/mchange/mchange-commons-java/0.2.15/mchange-commons-java-0.2.15.jar
2026-01-21 15:01:48,370 [Worker-13: reload maven project] INFO  o.e.m.c.i.e.AbstractTransferListenerAdapter - Downloading https://repo.maven.apache.org/maven2/javax/persistence/persistence-api/1.0.2/persistence-api-1.0.2.jar
2026-01-21 15:01:48,626 [Worker-13: reload maven project] INFO  o.e.m.c.i.e.AbstractTransferListenerAdapter - Downloaded https://repo.maven.apache.org/maven2/javax/persistence/persistence-api/1.0.2/persistence-api-1.0.2.jar
2026-01-21 15:01:48,632 [Worker-12: Building workspace] INFO  o.e.m.c.i.e.AbstractTransferListenerAdapter - Downloaded https://repo.maven.apache.org/maven2/org/javassist/javassist/3.18.1-GA/javassist-3.18.1-GA.jar
2026-01-21 15:01:48,758 [Worker-13: reload maven project] INFO  o.e.m.c.i.e.AbstractTransferListenerAdapter - Downloading https://repo.maven.apache.org/maven2/javax/mail/javax.mail-api/1.4.7/javax.mail-api-1.4.7.jar
2026-01-21 15:01:48,758 [Worker-12: Building workspace] INFO  o.e.m.c.i.e.AbstractTransferListenerAdapter - Downloading https://repo.maven.apache.org/maven2/org/apache/geronimo/specs/geronimo-jta_1.1_spec/1.1.1/geronimo-jta_1.1_spec-1.1.1.jar
2026-01-21 15:01:48,889 [Worker-12: Building workspace] INFO  o.e.m.c.i.e.AbstractTransferListenerAdapter - Downloaded https://repo.maven.apache.org/maven2/org/apache/geronimo/specs/geronimo-jta_1.1_spec/1.1.1/geronimo-jta_1.1_spec-1.1.1.jar
2026-01-21 15:01:48,942 [Worker-12: Building workspace] INFO  o.e.m.c.i.e.AbstractTransferListenerAdapter - Downloading https://repo.maven.apache.org/maven2/org/jboss/jandex/2.0.0.Final/jandex-2.0.0.Final.jar
2026-01-21 15:01:49,157 [Worker-13: reload maven project] INFO  o.e.m.c.i.e.AbstractTransferListenerAdapter - Downloaded https://repo.maven.apache.org/maven2/javax/mail/javax.mail-api/1.4.7/javax.mail-api-1.4.7.jar
2026-01-21 15:01:49,197 [Worker-13: reload maven project] INFO  o.e.m.c.i.e.AbstractTransferListenerAdapter - Downloading https://repo.maven.apache.org/maven2/com/sun/mail/javax.mail/1.4.7/javax.mail-1.4.7.jar
2026-01-21 15:01:49,402 [Worker-12: Building workspace] INFO  o.e.m.c.i.e.AbstractTransferListenerAdapter - Downloaded https://repo.maven.apache.org/maven2/org/jboss/jandex/2.0.0.Final/jandex-2.0.0.Final.jar
2026-01-21 15:01:49,524 [Worker-12: Building workspace] INFO  o.e.m.c.i.e.AbstractTransferListenerAdapter - Downloading https://repo.maven.apache.org/maven2/xml-apis/xml-apis/1.0.b2/xml-apis-1.0.b2.jar
2026-01-21 15:01:49,761 [Worker-12: Building workspace] INFO  o.e.m.c.i.e.AbstractTransferListenerAdapter - Downloaded https://repo.maven.apache.org/maven2/xml-apis/xml-apis/1.0.b2/xml-apis-1.0.b2.jar
2026-01-21 15:01:49,947 [Worker-12: Building workspace] INFO  o.e.m.c.i.e.AbstractTransferListenerAdapter - Downloading https://repo.maven.apache.org/maven2/org/hibernate/hibernate-validator/5.0.3.Final/hibernate-validator-5.0.3.Final.jar
2026-01-21 15:01:50,938 [Worker-13: reload maven project] INFO  o.e.m.c.i.e.AbstractTransferListenerAdapter - Downloaded https://repo.maven.apache.org/maven2/com/sun/mail/javax.mail/1.4.7/javax.mail-1.4.7.jar
2026-01-21 15:01:50,975 [Worker-13: reload maven project] INFO  o.e.m.c.i.e.AbstractTransferListenerAdapter - Downloading https://repo.maven.apache.org/maven2/taglibs/standard/1.1.2/standard-1.1.2.jar
2026-01-21 15:01:51,573 [Worker-12: Building workspace] INFO  o.e.m.c.i.e.AbstractTransferListenerAdapter - Downloaded https://repo.maven.apache.org/maven2/org/hibernate/hibernate-validator/5.0.3.Final/hibernate-validator-5.0.3.Final.jar
2026-01-21 15:01:51,629 [Worker-12: Building workspace] INFO  o.e.m.c.i.e.AbstractTransferListenerAdapter - Downloading https://repo.maven.apache.org/maven2/com/fasterxml/classmate/1.0.0/classmate-1.0.0.jar
2026-01-21 15:01:52,363 [Worker-12: Building workspace] INFO  o.e.m.c.i.e.AbstractTransferListenerAdapter - Downloaded https://repo.maven.apache.org/maven2/com/fasterxml/classmate/1.0.0/classmate-1.0.0.jar
2026-01-21 15:01:52,366 [Worker-13: reload maven project] INFO  o.e.m.c.i.e.AbstractTransferListenerAdapter - Downloaded https://repo.maven.apache.org/maven2/taglibs/standard/1.1.2/standard-1.1.2.jar
2026-01-21 15:01:52,436 [Worker-13: reload maven project] INFO  o.e.m.c.i.e.AbstractTransferListenerAdapter - Downloading https://repo.maven.apache.org/maven2/javax/servlet/jstl/1.2/jstl-1.2.jar
2026-01-21 15:01:52,452 [Worker-12: Building workspace] INFO  o.e.m.c.i.e.AbstractTransferListenerAdapter - Downloading https://repo.maven.apache.org/maven2/com/mchange/c3p0/0.9.5.4/c3p0-0.9.5.4.jar
2026-01-21 15:01:53,147 [Worker-13: reload maven project] INFO  o.e.m.c.i.e.AbstractTransferListenerAdapter - Downloaded https://repo.maven.apache.org/maven2/javax/servlet/jstl/1.2/jstl-1.2.jar
2026-01-21 15:01:53,187 [Worker-13: reload maven project] INFO  o.e.m.c.i.e.AbstractTransferListenerAdapter - Downloading https://repo.maven.apache.org/maven2/org/apache/tomcat/tomcat-jasper/9.0.12/tomcat-jasper-9.0.12.jar
2026-01-21 15:01:53,922 [Worker-12: Building workspace] INFO  o.e.m.c.i.e.AbstractTransferListenerAdapter - Downloaded https://repo.maven.apache.org/maven2/com/mchange/c3p0/0.9.5.4/c3p0-0.9.5.4.jar
2026-01-21 15:01:54,047 [Worker-12: Building workspace] INFO  o.e.m.c.i.e.AbstractTransferListenerAdapter - Downloading https://repo.maven.apache.org/maven2/com/mchange/mchange-commons-java/0.2.15/mchange-commons-java-0.2.15.jar
2026-01-21 15:01:54,196 [Worker-13: reload maven project] INFO  o.e.m.c.i.e.AbstractTransferListenerAdapter - Downloaded https://repo.maven.apache.org/maven2/org/apache/tomcat/tomcat-jasper/9.0.12/tomcat-jasper-9.0.12.jar
2026-01-21 15:01:54,308 [Worker-13: reload maven project] INFO  o.e.m.c.i.e.AbstractTransferListenerAdapter - Downloading https://repo.maven.apache.org/maven2/org/apache/tomcat/tomcat-servlet-api/9.0.12/tomcat-servlet-api-9.0.12.jar
2026-01-21 15:01:54,845 [Worker-13: reload maven project] INFO  o.e.m.c.i.e.AbstractTransferListenerAdapter - Downloaded https://repo.maven.apache.org/maven2/org/apache/tomcat/tomcat-servlet-api/9.0.12/tomcat-servlet-api-9.0.12.jar
2026-01-21 15:01:54,894 [Worker-13: reload maven project] INFO  o.e.m.c.i.e.AbstractTransferListenerAdapter - Downloading https://repo.maven.apache.org/maven2/org/apache/tomcat/tomcat-juli/9.0.12/tomcat-juli-9.0.12.jar
2026-01-21 15:01:55,419 [Worker-12: Building workspace] INFO  o.e.m.c.i.e.AbstractTransferListenerAdapter - Downloaded https://repo.maven.apache.org/maven2/com/mchange/mchange-commons-java/0.2.15/mchange-commons-java-0.2.15.jar
2026-01-21 15:01:55,551 [Worker-12: Building workspace] INFO  o.e.m.c.i.e.AbstractTransferListenerAdapter - Downloading https://repo.maven.apache.org/maven2/javax/persistence/persistence-api/1.0.2/persistence-api-1.0.2.jar
2026-01-21 15:01:55,563 [Worker-13: reload maven project] INFO  o.e.m.c.i.e.AbstractTransferListenerAdapter - Downloaded https://repo.maven.apache.org/maven2/org/apache/tomcat/tomcat-juli/9.0.12/tomcat-juli-9.0.12.jar
2026-01-21 15:01:55,659 [Worker-12: Building workspace] INFO  o.e.m.c.i.e.AbstractTransferListenerAdapter - Downloaded https://repo.maven.apache.org/maven2/javax/persistence/persistence-api/1.0.2/persistence-api-1.0.2.jar
2026-01-21 15:01:55,702 [Worker-13: reload maven project] INFO  o.e.m.c.i.e.AbstractTransferListenerAdapter - Downloading https://repo.maven.apache.org/maven2/org/apache/tomcat/tomcat-jsp-api/9.0.12/tomcat-jsp-api-9.0.12.jar
2026-01-21 15:01:55,825 [Worker-12: Building workspace] INFO  o.e.m.c.i.e.AbstractTransferListenerAdapter - Downloading https://repo.maven.apache.org/maven2/javax/mail/javax.mail-api/1.4.7/javax.mail-api-1.4.7.jar
2026-01-21 15:01:56,186 [Worker-13: reload maven project] INFO  o.e.m.c.i.e.AbstractTransferListenerAdapter - Downloaded https://repo.maven.apache.org/maven2/org/apache/tomcat/tomcat-jsp-api/9.0.12/tomcat-jsp-api-9.0.12.jar
2026-01-21 15:01:56,341 [Worker-12: Building workspace] INFO  o.e.m.c.i.e.AbstractTransferListenerAdapter - Downloaded https://repo.maven.apache.org/maven2/javax/mail/javax.mail-api/1.4.7/javax.mail-api-1.4.7.jar
2026-01-21 15:01:56,416 [Worker-13: reload maven project] INFO  o.e.m.c.i.e.AbstractTransferListenerAdapter - Downloading https://repo.maven.apache.org/maven2/org/apache/tomcat/tomcat-el-api/9.0.12/tomcat-el-api-9.0.12.jar
2026-01-21 15:01:56,428 [Worker-12: Building workspace] INFO  o.e.m.c.i.e.AbstractTransferListenerAdapter - Downloading https://repo.maven.apache.org/maven2/com/sun/mail/javax.mail/1.4.7/javax.mail-1.4.7.jar
2026-01-21 15:01:57,595 [Worker-13: reload maven project] INFO  o.e.m.c.i.e.AbstractTransferListenerAdapter - Downloaded https://repo.maven.apache.org/maven2/org/apache/tomcat/tomcat-el-api/9.0.12/tomcat-el-api-9.0.12.jar
2026-01-21 15:01:57,652 [Worker-13: reload maven project] INFO  o.e.m.c.i.e.AbstractTransferListenerAdapter - Downloading https://repo.maven.apache.org/maven2/org/eclipse/jdt/ecj/3.13.102/ecj-3.13.102.jar
2026-01-21 15:01:57,829 [Worker-12: Building workspace] INFO  o.e.m.c.i.e.AbstractTransferListenerAdapter - Downloaded https://repo.maven.apache.org/maven2/com/sun/mail/javax.mail/1.4.7/javax.mail-1.4.7.jar
2026-01-21 15:01:57,878 [Worker-12: Building workspace] INFO  o.e.m.c.i.e.AbstractTransferListenerAdapter - Downloading https://repo.maven.apache.org/maven2/taglibs/standard/1.1.2/standard-1.1.2.jar
2026-01-21 15:01:59,180 [Worker-12: Building workspace] INFO  o.e.m.c.i.e.AbstractTransferListenerAdapter - Downloaded https://repo.maven.apache.org/maven2/taglibs/standard/1.1.2/standard-1.1.2.jar
2026-01-21 15:01:59,259 [Worker-12: Building workspace] INFO  o.e.m.c.i.e.AbstractTransferListenerAdapter - Downloading https://repo.maven.apache.org/maven2/javax/servlet/jstl/1.2/jstl-1.2.jar
2026-01-21 15:02:00,191 [Worker-12: Building workspace] INFO  o.e.m.c.i.e.AbstractTransferListenerAdapter - Downloaded https://repo.maven.apache.org/maven2/javax/servlet/jstl/1.2/jstl-1.2.jar
2026-01-21 15:02:00,353 [Worker-12: Building workspace] INFO  o.e.m.c.i.e.AbstractTransferListenerAdapter - Downloading https://repo.maven.apache.org/maven2/org/apache/tomcat/tomcat-jasper/9.0.12/tomcat-jasper-9.0.12.jar
2026-01-21 15:02:01,544 [Worker-13: reload maven project] INFO  o.e.m.c.i.e.AbstractTransferListenerAdapter - Downloaded https://repo.maven.apache.org/maven2/org/eclipse/jdt/ecj/3.13.102/ecj-3.13.102.jar
2026-01-21 15:02:01,695 [Worker-13: reload maven project] INFO  o.e.m.c.i.e.AbstractTransferListenerAdapter - Downloading https://repo.maven.apache.org/maven2/org/apache/tomcat/tomcat-jasper-el/9.0.12/tomcat-jasper-el-9.0.12.jar
2026-01-21 15:02:01,787 [Worker-12: Building workspace] INFO  o.e.m.c.i.e.AbstractTransferListenerAdapter - Downloaded https://repo.maven.apache.org/maven2/org/apache/tomcat/tomcat-jasper/9.0.12/tomcat-jasper-9.0.12.jar
2026-01-21 15:02:01,924 [Worker-12: Building workspace] INFO  o.e.m.c.i.e.AbstractTransferListenerAdapter - Downloading https://repo.maven.apache.org/maven2/org/apache/tomcat/tomcat-servlet-api/9.0.12/tomcat-servlet-api-9.0.12.jar
2026-01-21 15:02:02,125 [Worker-13: reload maven project] INFO  o.e.m.c.i.e.AbstractTransferListenerAdapter - Downloaded https://repo.maven.apache.org/maven2/org/apache/tomcat/tomcat-jasper-el/9.0.12/tomcat-jasper-el-9.0.12.jar
2026-01-21 15:02:02,241 [Worker-13: reload maven project] INFO  o.e.m.c.i.e.AbstractTransferListenerAdapter - Downloading https://repo.maven.apache.org/maven2/org/apache/tomcat/tomcat-api/9.0.12/tomcat-api-9.0.12.jar
2026-01-21 15:02:02,494 [Worker-13: reload maven project] INFO  o.e.m.c.i.e.AbstractTransferListenerAdapter - Downloaded https://repo.maven.apache.org/maven2/org/apache/tomcat/tomcat-api/9.0.12/tomcat-api-9.0.12.jar
2026-01-21 15:02:02,604 [Worker-12: Building workspace] INFO  o.e.m.c.i.e.AbstractTransferListenerAdapter - Downloaded https://repo.maven.apache.org/maven2/org/apache/tomcat/tomcat-servlet-api/9.0.12/tomcat-servlet-api-9.0.12.jar
2026-01-21 15:02:02,623 [Worker-13: reload maven project] INFO  o.e.m.c.i.e.AbstractTransferListenerAdapter - Downloading https://repo.maven.apache.org/maven2/org/apache/tomcat/tomcat-util-scan/9.0.12/tomcat-util-scan-9.0.12.jar
2026-01-21 15:02:02,666 [Worker-12: Building workspace] INFO  o.e.m.c.i.e.AbstractTransferListenerAdapter - Downloading https://repo.maven.apache.org/maven2/org/apache/tomcat/tomcat-juli/9.0.12/tomcat-juli-9.0.12.jar
2026-01-21 15:02:02,825 [Worker-12: Building workspace] INFO  o.e.m.c.i.e.AbstractTransferListenerAdapter - Downloaded https://repo.maven.apache.org/maven2/org/apache/tomcat/tomcat-juli/9.0.12/tomcat-juli-9.0.12.jar
2026-01-21 15:02:02,891 [Worker-12: Building workspace] INFO  o.e.m.c.i.e.AbstractTransferListenerAdapter - Downloading https://repo.maven.apache.org/maven2/org/apache/tomcat/tomcat-jsp-api/9.0.12/tomcat-jsp-api-9.0.12.jar
2026-01-21 15:02:03,127 [Worker-13: reload maven project] INFO  o.e.m.c.i.e.AbstractTransferListenerAdapter - Downloaded https://repo.maven.apache.org/maven2/org/apache/tomcat/tomcat-util-scan/9.0.12/tomcat-util-scan-9.0.12.jar
2026-01-21 15:02:03,170 [Worker-13: reload maven project] INFO  o.e.m.c.i.e.AbstractTransferListenerAdapter - Downloading https://repo.maven.apache.org/maven2/org/apache/tomcat/tomcat-util/9.0.12/tomcat-util-9.0.12.jar
2026-01-21 15:02:03,633 [Worker-13: reload maven project] INFO  o.e.m.c.i.e.AbstractTransferListenerAdapter - Downloaded https://repo.maven.apache.org/maven2/org/apache/tomcat/tomcat-util/9.0.12/tomcat-util-9.0.12.jar
2026-01-21 15:02:03,669 [Worker-13: reload maven project] INFO  o.e.m.c.i.e.AbstractTransferListenerAdapter - Downloading https://repo.maven.apache.org/maven2/org/apache/tiles/tiles-jsp/3.0.5/tiles-jsp-3.0.5.jar
2026-01-21 15:02:03,790 [Worker-13: reload maven project] INFO  o.e.m.c.i.e.AbstractTransferListenerAdapter - Downloaded https://repo.maven.apache.org/maven2/org/apache/tiles/tiles-jsp/3.0.5/tiles-jsp-3.0.5.jar
2026-01-21 15:02:03,833 [Worker-13: reload maven project] INFO  o.e.m.c.i.e.AbstractTransferListenerAdapter - Downloading https://repo.maven.apache.org/maven2/org/apache/tiles/tiles-template/3.0.5/tiles-template-3.0.5.jar
2026-01-21 15:02:03,982 [Worker-13: reload maven project] INFO  o.e.m.c.i.e.AbstractTransferListenerAdapter - Downloaded https://repo.maven.apache.org/maven2/org/apache/tiles/tiles-template/3.0.5/tiles-template-3.0.5.jar
2026-01-21 15:02:04,024 [Worker-13: reload maven project] INFO  o.e.m.c.i.e.AbstractTransferListenerAdapter - Downloading https://repo.maven.apache.org/maven2/org/apache/tiles/tiles-autotag-core-runtime/1.1.0/tiles-autotag-core-runtime-1.1.0.jar
2026-01-21 15:02:04,083 [Worker-13: reload maven project] INFO  o.e.m.c.i.e.AbstractTransferListenerAdapter - Downloaded https://repo.maven.apache.org/maven2/org/apache/tiles/tiles-autotag-core-runtime/1.1.0/tiles-autotag-core-runtime-1.1.0.jar
2026-01-21 15:02:04,127 [Worker-13: reload maven project] INFO  o.e.m.c.i.e.AbstractTransferListenerAdapter - Downloading https://repo.maven.apache.org/maven2/org/apache/tiles/tiles-request-jsp/1.0.6/tiles-request-jsp-1.0.6.jar
2026-01-21 15:02:04,199 [Worker-13: reload maven project] INFO  o.e.m.c.i.e.AbstractTransferListenerAdapter - Downloaded https://repo.maven.apache.org/maven2/org/apache/tiles/tiles-request-jsp/1.0.6/tiles-request-jsp-1.0.6.jar
2026-01-21 15:02:04,236 [Worker-12: Building workspace] INFO  o.e.m.c.i.e.AbstractTransferListenerAdapter - Downloaded https://repo.maven.apache.org/maven2/org/apache/tomcat/tomcat-jsp-api/9.0.12/tomcat-jsp-api-9.0.12.jar
2026-01-21 15:02:04,243 [Worker-13: reload maven project] INFO  o.e.m.c.i.e.AbstractTransferListenerAdapter - Downloading https://repo.maven.apache.org/maven2/org/apache/tiles/tiles-request-api/1.0.6/tiles-request-api-1.0.6.jar
2026-01-21 15:02:04,297 [Worker-12: Building workspace] INFO  o.e.m.c.i.e.AbstractTransferListenerAdapter - Downloading https://repo.maven.apache.org/maven2/org/apache/tomcat/tomcat-el-api/9.0.12/tomcat-el-api-9.0.12.jar
2026-01-21 15:02:04,617 [Worker-12: Building workspace] INFO  o.e.m.c.i.e.AbstractTransferListenerAdapter - Downloaded https://repo.maven.apache.org/maven2/org/apache/tomcat/tomcat-el-api/9.0.12/tomcat-el-api-9.0.12.jar
2026-01-21 15:02:04,681 [Worker-12: Building workspace] INFO  o.e.m.c.i.e.AbstractTransferListenerAdapter - Downloading https://repo.maven.apache.org/maven2/org/eclipse/jdt/ecj/3.13.102/ecj-3.13.102.jar
2026-01-21 15:02:04,784 [Worker-13: reload maven project] INFO  o.e.m.c.i.e.AbstractTransferListenerAdapter - Downloaded https://repo.maven.apache.org/maven2/org/apache/tiles/tiles-request-api/1.0.6/tiles-request-api-1.0.6.jar
2026-01-21 15:02:04,824 [Worker-13: reload maven project] INFO  o.e.m.c.i.e.AbstractTransferListenerAdapter - Downloading https://repo.maven.apache.org/maven2/org/apache/tiles/tiles-servlet/3.0.5/tiles-servlet-3.0.5.jar
2026-01-21 15:02:05,001 [Worker-13: reload maven project] INFO  o.e.m.c.i.e.AbstractTransferListenerAdapter - Downloaded https://repo.maven.apache.org/maven2/org/apache/tiles/tiles-servlet/3.0.5/tiles-servlet-3.0.5.jar
2026-01-21 15:02:05,178 [Worker-13: reload maven project] INFO  o.e.m.c.i.e.AbstractTransferListenerAdapter - Downloading https://repo.maven.apache.org/maven2/org/apache/tiles/tiles-request-servlet/1.0.6/tiles-request-servlet-1.0.6.jar
2026-01-21 15:02:05,510 [Worker-13: reload maven project] INFO  o.e.m.c.i.e.AbstractTransferListenerAdapter - Downloaded https://repo.maven.apache.org/maven2/org/apache/tiles/tiles-request-servlet/1.0.6/tiles-request-servlet-1.0.6.jar
2026-01-21 15:02:05,548 [Worker-13: reload maven project] INFO  o.e.m.c.i.e.AbstractTransferListenerAdapter - Downloading https://repo.maven.apache.org/maven2/org/apache/tiles/tiles-core/3.0.5/tiles-core-3.0.5.jar
2026-01-21 15:02:06,105 [Worker-13: reload maven project] INFO  o.e.m.c.i.e.AbstractTransferListenerAdapter - Downloaded https://repo.maven.apache.org/maven2/org/apache/tiles/tiles-core/3.0.5/tiles-core-3.0.5.jar
2026-01-21 15:02:06,142 [Worker-13: reload maven project] INFO  o.e.m.c.i.e.AbstractTransferListenerAdapter - Downloading https://repo.maven.apache.org/maven2/org/apache/tiles/tiles-api/3.0.5/tiles-api-3.0.5.jar
2026-01-21 15:02:06,318 [Worker-13: reload maven project] INFO  o.e.m.c.i.e.AbstractTransferListenerAdapter - Downloaded https://repo.maven.apache.org/maven2/org/apache/tiles/tiles-api/3.0.5/tiles-api-3.0.5.jar
2026-01-21 15:02:06,357 [Worker-13: reload maven project] INFO  o.e.m.c.i.e.AbstractTransferListenerAdapter - Downloading https://repo.maven.apache.org/maven2/commons-digester/commons-digester/2.0/commons-digester-2.0.jar
2026-01-21 15:02:07,016 [Worker-13: reload maven project] INFO  o.e.m.c.i.e.AbstractTransferListenerAdapter - Downloaded https://repo.maven.apache.org/maven2/commons-digester/commons-digester/2.0/commons-digester-2.0.jar
2026-01-21 15:02:07,057 [Worker-13: reload maven project] INFO  o.e.m.c.i.e.AbstractTransferListenerAdapter - Downloading https://repo.maven.apache.org/maven2/commons-beanutils/commons-beanutils/1.8.0/commons-beanutils-1.8.0.jar
2026-01-21 15:02:07,772 [Worker-13: reload maven project] INFO  o.e.m.c.i.e.AbstractTransferListenerAdapter - Downloaded https://repo.maven.apache.org/maven2/commons-beanutils/commons-beanutils/1.8.0/commons-beanutils-1.8.0.jar
2026-01-21 15:02:07,812 [Worker-13: reload maven project] INFO  o.e.m.c.i.e.AbstractTransferListenerAdapter - Downloading https://repo.maven.apache.org/maven2/org/slf4j/jcl-over-slf4j/1.7.6/jcl-over-slf4j-1.7.6.jar
2026-01-21 15:02:07,896 [Worker-13: reload maven project] INFO  o.e.m.c.i.e.AbstractTransferListenerAdapter - Downloaded https://repo.maven.apache.org/maven2/org/slf4j/jcl-over-slf4j/1.7.6/jcl-over-slf4j-1.7.6.jar
2026-01-21 15:02:07,933 [Worker-13: reload maven project] INFO  o.e.m.c.i.e.AbstractTransferListenerAdapter - Downloading https://repo.maven.apache.org/maven2/org/apache/tiles/tiles-el/3.0.5/tiles-el-3.0.5.jar
2026-01-21 15:02:08,055 [Worker-13: reload maven project] INFO  o.e.m.c.i.e.AbstractTransferListenerAdapter - Downloaded https://repo.maven.apache.org/maven2/org/apache/tiles/tiles-el/3.0.5/tiles-el-3.0.5.jar
2026-01-21 15:02:08,109 [Worker-13: reload maven project] INFO  o.e.m.c.i.e.AbstractTransferListenerAdapter - Downloading https://repo.maven.apache.org/maven2/org/slf4j/slf4j-api/1.6.4/slf4j-api-1.6.4.jar
2026-01-21 15:02:08,300 [Worker-13: reload maven project] INFO  o.e.m.c.i.e.AbstractTransferListenerAdapter - Downloaded https://repo.maven.apache.org/maven2/org/slf4j/slf4j-api/1.6.4/slf4j-api-1.6.4.jar
2026-01-21 15:02:08,353 [Worker-13: reload maven project] INFO  o.e.m.c.i.e.AbstractTransferListenerAdapter - Downloading https://repo.maven.apache.org/maven2/org/slf4j/slf4j-log4j12/1.7.32/slf4j-log4j12-1.7.32.jar
2026-01-21 15:02:08,863 [Worker-13: reload maven project] INFO  o.e.m.c.i.e.AbstractTransferListenerAdapter - Downloaded https://repo.maven.apache.org/maven2/org/slf4j/slf4j-log4j12/1.7.32/slf4j-log4j12-1.7.32.jar
2026-01-21 15:02:09,574 [Worker-12: Building workspace] INFO  o.e.m.c.i.e.AbstractTransferListenerAdapter - Downloaded https://repo.maven.apache.org/maven2/org/eclipse/jdt/ecj/3.13.102/ecj-3.13.102.jar
2026-01-21 15:02:09,638 [Worker-12: Building workspace] INFO  o.e.m.c.i.e.AbstractTransferListenerAdapter - Downloading https://repo.maven.apache.org/maven2/org/apache/tomcat/tomcat-jasper-el/9.0.12/tomcat-jasper-el-9.0.12.jar
2026-01-21 15:02:10,023 [Worker-12: Building workspace] INFO  o.e.m.c.i.e.AbstractTransferListenerAdapter - Downloaded https://repo.maven.apache.org/maven2/org/apache/tomcat/tomcat-jasper-el/9.0.12/tomcat-jasper-el-9.0.12.jar
2026-01-21 15:02:10,130 [Worker-12: Building workspace] INFO  o.e.m.c.i.e.AbstractTransferListenerAdapter - Downloading https://repo.maven.apache.org/maven2/org/apache/tomcat/tomcat-api/9.0.12/tomcat-api-9.0.12.jar
2026-01-21 15:02:10,201 [Worker-12: Building workspace] INFO  o.e.m.c.i.e.AbstractTransferListenerAdapter - Downloaded https://repo.maven.apache.org/maven2/org/apache/tomcat/tomcat-api/9.0.12/tomcat-api-9.0.12.jar
2026-01-21 15:02:10,325 [Worker-12: Building workspace] INFO  o.e.m.c.i.e.AbstractTransferListenerAdapter - Downloading https://repo.maven.apache.org/maven2/org/apache/tomcat/tomcat-util-scan/9.0.12/tomcat-util-scan-9.0.12.jar
2026-01-21 15:02:10,924 [Worker-12: Building workspace] INFO  o.e.m.c.i.e.AbstractTransferListenerAdapter - Downloaded https://repo.maven.apache.org/maven2/org/apache/tomcat/tomcat-util-scan/9.0.12/tomcat-util-scan-9.0.12.jar
2026-01-21 15:02:11,291 [Worker-12: Building workspace] INFO  o.e.m.c.i.e.AbstractTransferListenerAdapter - Downloading https://repo.maven.apache.org/maven2/org/apache/tomcat/tomcat-util/9.0.12/tomcat-util-9.0.12.jar
2026-01-21 15:02:11,610 [Worker-12: Building workspace] INFO  o.e.m.c.i.e.AbstractTransferListenerAdapter - Downloaded https://repo.maven.apache.org/maven2/org/apache/tomcat/tomcat-util/9.0.12/tomcat-util-9.0.12.jar
2026-01-21 15:02:11,668 [Worker-12: Building workspace] INFO  o.e.m.c.i.e.AbstractTransferListenerAdapter - Downloading https://repo.maven.apache.org/maven2/org/apache/tiles/tiles-jsp/3.0.5/tiles-jsp-3.0.5.jar
2026-01-21 15:02:11,912 [Worker-12: Building workspace] INFO  o.e.m.c.i.e.AbstractTransferListenerAdapter - Downloaded https://repo.maven.apache.org/maven2/org/apache/tiles/tiles-jsp/3.0.5/tiles-jsp-3.0.5.jar
2026-01-21 15:02:11,962 [Worker-12: Building workspace] INFO  o.e.m.c.i.e.AbstractTransferListenerAdapter - Downloading https://repo.maven.apache.org/maven2/org/apache/tiles/tiles-template/3.0.5/tiles-template-3.0.5.jar
2026-01-21 15:02:12,100 [Worker-12: Building workspace] INFO  o.e.m.c.i.e.AbstractTransferListenerAdapter - Downloaded https://repo.maven.apache.org/maven2/org/apache/tiles/tiles-template/3.0.5/tiles-template-3.0.5.jar
2026-01-21 15:02:12,154 [Worker-12: Building workspace] INFO  o.e.m.c.i.e.AbstractTransferListenerAdapter - Downloading https://repo.maven.apache.org/maven2/org/apache/tiles/tiles-autotag-core-runtime/1.1.0/tiles-autotag-core-runtime-1.1.0.jar
2026-01-21 15:02:12,412 [Worker-12: Building workspace] INFO  o.e.m.c.i.e.AbstractTransferListenerAdapter - Downloaded https://repo.maven.apache.org/maven2/org/apache/tiles/tiles-autotag-core-runtime/1.1.0/tiles-autotag-core-runtime-1.1.0.jar
2026-01-21 15:02:12,466 [Worker-12: Building workspace] INFO  o.e.m.c.i.e.AbstractTransferListenerAdapter - Downloading https://repo.maven.apache.org/maven2/org/apache/tiles/tiles-request-jsp/1.0.6/tiles-request-jsp-1.0.6.jar
2026-01-21 15:02:12,807 [Worker-12: Building workspace] INFO  o.e.m.c.i.e.AbstractTransferListenerAdapter - Downloaded https://repo.maven.apache.org/maven2/org/apache/tiles/tiles-request-jsp/1.0.6/tiles-request-jsp-1.0.6.jar
2026-01-21 15:02:13,270 [Worker-12: Building workspace] INFO  o.e.m.c.i.e.AbstractTransferListenerAdapter - Downloading https://repo.maven.apache.org/maven2/org/apache/tiles/tiles-request-api/1.0.6/tiles-request-api-1.0.6.jar
2026-01-21 15:02:13,806 [Worker-12: Building workspace] INFO  o.e.m.c.i.e.AbstractTransferListenerAdapter - Downloaded https://repo.maven.apache.org/maven2/org/apache/tiles/tiles-request-api/1.0.6/tiles-request-api-1.0.6.jar
2026-01-21 15:02:13,937 [Worker-12: Building workspace] INFO  o.e.m.c.i.e.AbstractTransferListenerAdapter - Downloading https://repo.maven.apache.org/maven2/org/apache/tiles/tiles-servlet/3.0.5/tiles-servlet-3.0.5.jar
2026-01-21 15:02:14,630 [Worker-12: Building workspace] INFO  o.e.m.c.i.e.AbstractTransferListenerAdapter - Downloaded https://repo.maven.apache.org/maven2/org/apache/tiles/tiles-servlet/3.0.5/tiles-servlet-3.0.5.jar
2026-01-21 15:02:14,707 [Worker-12: Building workspace] INFO  o.e.m.c.i.e.AbstractTransferListenerAdapter - Downloading https://repo.maven.apache.org/maven2/org/apache/tiles/tiles-request-servlet/1.0.6/tiles-request-servlet-1.0.6.jar
2026-01-21 15:02:14,956 [Worker-12: Building workspace] INFO  o.e.m.c.i.e.AbstractTransferListenerAdapter - Downloaded https://repo.maven.apache.org/maven2/org/apache/tiles/tiles-request-servlet/1.0.6/tiles-request-servlet-1.0.6.jar
2026-01-21 15:02:15,132 [Worker-12: Building workspace] INFO  o.e.m.c.i.e.AbstractTransferListenerAdapter - Downloading https://repo.maven.apache.org/maven2/org/apache/tiles/tiles-core/3.0.5/tiles-core-3.0.5.jar
2026-01-21 15:02:15,985 [Worker-12: Building workspace] INFO  o.e.m.c.i.e.AbstractTransferListenerAdapter - Downloaded https://repo.maven.apache.org/maven2/org/apache/tiles/tiles-core/3.0.5/tiles-core-3.0.5.jar
2026-01-21 15:02:16,129 [Worker-12: Building workspace] INFO  o.e.m.c.i.e.AbstractTransferListenerAdapter - Downloading https://repo.maven.apache.org/maven2/org/apache/tiles/tiles-api/3.0.5/tiles-api-3.0.5.jar
2026-01-21 15:02:16,503 [Worker-12: Building workspace] INFO  o.e.m.c.i.e.AbstractTransferListenerAdapter - Downloaded https://repo.maven.apache.org/maven2/org/apache/tiles/tiles-api/3.0.5/tiles-api-3.0.5.jar
2026-01-21 15:02:16,567 [Worker-12: Building workspace] INFO  o.e.m.c.i.e.AbstractTransferListenerAdapter - Downloading https://repo.maven.apache.org/maven2/commons-digester/commons-digester/2.0/commons-digester-2.0.jar
2026-01-21 15:02:19,001 [Worker-12: Building workspace] INFO  o.e.m.c.i.e.AbstractTransferListenerAdapter - Downloaded https://repo.maven.apache.org/maven2/commons-digester/commons-digester/2.0/commons-digester-2.0.jar
2026-01-21 15:02:19,072 [Worker-12: Building workspace] INFO  o.e.m.c.i.e.AbstractTransferListenerAdapter - Downloading https://repo.maven.apache.org/maven2/commons-beanutils/commons-beanutils/1.8.0/commons-beanutils-1.8.0.jar
2026-01-21 15:02:19,747 [Worker-12: Building workspace] INFO  o.e.m.c.i.e.AbstractTransferListenerAdapter - Downloaded https://repo.maven.apache.org/maven2/commons-beanutils/commons-beanutils/1.8.0/commons-beanutils-1.8.0.jar
2026-01-21 15:02:19,801 [Worker-12: Building workspace] INFO  o.e.m.c.i.e.AbstractTransferListenerAdapter - Downloading https://repo.maven.apache.org/maven2/org/slf4j/jcl-over-slf4j/1.7.6/jcl-over-slf4j-1.7.6.jar
2026-01-21 15:02:19,912 [Worker-12: Building workspace] INFO  o.e.m.c.i.e.AbstractTransferListenerAdapter - Downloaded https://repo.maven.apache.org/maven2/org/slf4j/jcl-over-slf4j/1.7.6/jcl-over-slf4j-1.7.6.jar
2026-01-21 15:02:20,217 [Worker-12: Building workspace] INFO  o.e.m.c.i.e.AbstractTransferListenerAdapter - Downloading https://repo.maven.apache.org/maven2/org/apache/tiles/tiles-el/3.0.5/tiles-el-3.0.5.jar
2026-01-21 15:02:20,420 [Worker-12: Building workspace] INFO  o.e.m.c.i.e.AbstractTransferListenerAdapter - Downloaded https://repo.maven.apache.org/maven2/org/apache/tiles/tiles-el/3.0.5/tiles-el-3.0.5.jar
2026-01-21 15:02:20,471 [Worker-12: Building workspace] INFO  o.e.m.c.i.e.AbstractTransferListenerAdapter - Downloading https://repo.maven.apache.org/maven2/org/slf4j/slf4j-api/1.6.4/slf4j-api-1.6.4.jar
2026-01-21 15:02:20,763 [Worker-12: Building workspace] INFO  o.e.m.c.i.e.AbstractTransferListenerAdapter - Downloaded https://repo.maven.apache.org/maven2/org/slf4j/slf4j-api/1.6.4/slf4j-api-1.6.4.jar
2026-01-21 15:02:20,811 [Worker-12: Building workspace] INFO  o.e.m.c.i.e.AbstractTransferListenerAdapter - Downloading https://repo.maven.apache.org/maven2/org/slf4j/slf4j-log4j12/1.7.32/slf4j-log4j12-1.7.32.jar
2026-01-21 15:02:20,929 [Worker-12: Building workspace] INFO  o.e.m.c.i.e.AbstractTransferListenerAdapter - Downloaded https://repo.maven.apache.org/maven2/org/slf4j/slf4j-log4j12/1.7.32/slf4j-log4j12-1.7.32.jar
2026-01-21 15:02:29,207 [Worker-12: Building workspace] INFO  o.e.m.c.i.embedder.EclipseLogger - Using 'UTF-8' encoding to copy filtered resources.
2026-01-21 15:02:29,210 [Worker-12: Building workspace] INFO  o.e.m.c.i.embedder.EclipseLogger - Copying 0 resource
2026-01-21 15:02:29,219 [Worker-12: Building workspace] INFO  o.e.m.c.i.embedder.EclipseLogger - Using 'UTF-8' encoding to copy filtered resources.
2026-01-21 15:02:29,219 [Worker-12: Building workspace] INFO  o.e.m.c.i.embedder.EclipseLogger - skip non existing resourceDirectory D:\Rays\Spring-WorkSpace\Spring-MVC\spring-mvc-simple\src\test\resources
2026-01-21 15:02:29,220 [Worker-12: Building workspace] INFO  o.e.m.w.i.f.ResourceFilteringBuildParticipant - Changed resources require a complete clean of filtered resources of spring-mvc-simple
2026-01-21 15:02:29,220 [Worker-12: Building workspace] INFO  o.e.m.w.i.f.ResourceFilteringBuildParticipant - Executing resource filtering for spring-mvc-simple
2026-01-21 15:02:29,244 [Worker-12: Building workspace] INFO  o.e.m.c.i.embedder.EclipseLogger - Using 'UTF-8' encoding to copy filtered resources.
2026-01-21 15:02:30,713 [Worker-12: Building workspace] INFO  o.e.m.c.i.embedder.EclipseLogger - Using 'UTF-8' encoding to copy filtered resources.
2026-01-21 15:02:30,714 [Worker-12: Building workspace] INFO  o.e.m.c.i.embedder.EclipseLogger - Copying 0 resource
2026-01-21 15:02:30,719 [Worker-12: Building workspace] INFO  o.e.m.c.i.embedder.EclipseLogger - Using 'UTF-8' encoding to copy filtered resources.
2026-01-21 15:02:30,720 [Worker-12: Building workspace] INFO  o.e.m.c.i.embedder.EclipseLogger - skip non existing resourceDirectory D:\Rays\Spring-WorkSpace\Spring-MVC\spring-mvc-simple\src\test\resources
2026-01-21 15:02:30,855 [Worker-15: Download sources and javadoc] INFO  o.e.m.c.i.e.AbstractTransferListenerAdapter - Downloading https://repo.maven.apache.org/maven2/org/springframework/spring-context/5.0.6.RELEASE/spring-context-5.0.6.RELEASE-sources.jar
2026-01-21 15:02:31,737 [Worker-15: Download sources and javadoc] INFO  o.e.m.c.i.e.AbstractTransferListenerAdapter - Downloaded https://repo.maven.apache.org/maven2/org/springframework/spring-context/5.0.6.RELEASE/spring-context-5.0.6.RELEASE-sources.jar
2026-01-21 15:02:32,030 [Worker-15: Download sources and javadoc] INFO  o.e.m.j.internal.DownloadSourcesJob - Downloaded sources for org.springframework:spring-context:5.0.6.RELEASE
2026-01-21 15:02:32,096 [Worker-15: Download sources and javadoc] INFO  o.e.m.c.i.e.AbstractTransferListenerAdapter - Downloading https://repo.maven.apache.org/maven2/org/springframework/spring-core/5.0.6.RELEASE/spring-core-5.0.6.RELEASE-sources.jar
2026-01-21 15:02:32,904 [Worker-15: Download sources and javadoc] INFO  o.e.m.c.i.e.AbstractTransferListenerAdapter - Downloaded https://repo.maven.apache.org/maven2/org/springframework/spring-core/5.0.6.RELEASE/spring-core-5.0.6.RELEASE-sources.jar
2026-01-21 15:02:33,164 [Worker-15: Download sources and javadoc] INFO  o.e.m.j.internal.DownloadSourcesJob - Downloaded sources for org.springframework:spring-core:5.0.6.RELEASE
2026-01-21 15:02:33,217 [Worker-15: Download sources and javadoc] INFO  o.e.m.c.i.e.AbstractTransferListenerAdapter - Downloading https://repo.maven.apache.org/maven2/org/springframework/spring-jcl/5.0.6.RELEASE/spring-jcl-5.0.6.RELEASE-sources.jar
2026-01-21 15:02:33,740 [Worker-15: Download sources and javadoc] INFO  o.e.m.c.i.e.AbstractTransferListenerAdapter - Downloaded https://repo.maven.apache.org/maven2/org/springframework/spring-jcl/5.0.6.RELEASE/spring-jcl-5.0.6.RELEASE-sources.jar
2026-01-21 15:02:35,203 [Worker-15: Download sources and javadoc] INFO  o.e.m.j.internal.DownloadSourcesJob - Downloaded sources for org.springframework:spring-jcl:5.0.6.RELEASE
2026-01-21 15:02:35,253 [Worker-15: Download sources and javadoc] INFO  o.e.m.c.i.e.AbstractTransferListenerAdapter - Downloading https://repo.maven.apache.org/maven2/org/springframework/spring-beans/5.0.6.RELEASE/spring-beans-5.0.6.RELEASE-sources.jar
2026-01-21 15:02:35,978 [Worker-15: Download sources and javadoc] INFO  o.e.m.c.i.e.AbstractTransferListenerAdapter - Downloaded https://repo.maven.apache.org/maven2/org/springframework/spring-beans/5.0.6.RELEASE/spring-beans-5.0.6.RELEASE-sources.jar
2026-01-21 15:02:36,271 [Worker-15: Download sources and javadoc] INFO  o.e.m.j.internal.DownloadSourcesJob - Downloaded sources for org.springframework:spring-beans:5.0.6.RELEASE
2026-01-21 15:02:36,324 [Worker-15: Download sources and javadoc] INFO  o.e.m.c.i.e.AbstractTransferListenerAdapter - Downloading https://repo.maven.apache.org/maven2/org/springframework/spring-web/5.0.6.RELEASE/spring-web-5.0.6.RELEASE-sources.jar
2026-01-21 15:02:37,763 [Worker-15: Download sources and javadoc] INFO  o.e.m.c.i.e.AbstractTransferListenerAdapter - Downloaded https://repo.maven.apache.org/maven2/org/springframework/spring-web/5.0.6.RELEASE/spring-web-5.0.6.RELEASE-sources.jar
2026-01-21 15:02:37,948 [Worker-15: Download sources and javadoc] INFO  o.e.m.j.internal.DownloadSourcesJob - Downloaded sources for org.springframework:spring-web:5.0.6.RELEASE
2026-01-21 15:02:37,998 [Worker-15: Download sources and javadoc] INFO  o.e.m.c.i.e.AbstractTransferListenerAdapter - Downloading https://repo.maven.apache.org/maven2/org/springframework/spring-webmvc/5.0.6.RELEASE/spring-webmvc-5.0.6.RELEASE-sources.jar
2026-01-21 15:02:39,185 [Worker-15: Download sources and javadoc] INFO  o.e.m.c.i.e.AbstractTransferListenerAdapter - Downloaded https://repo.maven.apache.org/maven2/org/springframework/spring-webmvc/5.0.6.RELEASE/spring-webmvc-5.0.6.RELEASE-sources.jar
2026-01-21 15:02:39,382 [Worker-15: Download sources and javadoc] INFO  o.e.m.j.internal.DownloadSourcesJob - Downloaded sources for org.springframework:spring-webmvc:5.0.6.RELEASE
2026-01-21 15:02:39,726 [Worker-15: Download sources and javadoc] INFO  o.e.m.c.i.e.AbstractTransferListenerAdapter - Downloading https://repo.maven.apache.org/maven2/org/springframework/spring-expression/5.0.6.RELEASE/spring-expression-5.0.6.RELEASE-sources.jar
2026-01-21 15:02:39,994 [Worker-15: Download sources and javadoc] INFO  o.e.m.c.i.e.AbstractTransferListenerAdapter - Downloaded https://repo.maven.apache.org/maven2/org/springframework/spring-expression/5.0.6.RELEASE/spring-expression-5.0.6.RELEASE-sources.jar
2026-01-21 15:02:40,227 [Worker-15: Download sources and javadoc] INFO  o.e.m.j.internal.DownloadSourcesJob - Downloaded sources for org.springframework:spring-expression:5.0.6.RELEASE
2026-01-21 15:02:40,278 [Worker-15: Download sources and javadoc] INFO  o.e.m.c.i.e.AbstractTransferListenerAdapter - Downloading https://repo.maven.apache.org/maven2/org/springframework/spring-aop/5.0.6.RELEASE/spring-aop-5.0.6.RELEASE-sources.jar
2026-01-21 15:02:40,692 [Worker-15: Download sources and javadoc] INFO  o.e.m.c.i.e.AbstractTransferListenerAdapter - Downloaded https://repo.maven.apache.org/maven2/org/springframework/spring-aop/5.0.6.RELEASE/spring-aop-5.0.6.RELEASE-sources.jar
2026-01-21 15:02:40,860 [Worker-15: Download sources and javadoc] INFO  o.e.m.j.internal.DownloadSourcesJob - Downloaded sources for org.springframework:spring-aop:5.0.6.RELEASE
2026-01-21 15:02:40,915 [Worker-15: Download sources and javadoc] INFO  o.e.m.c.i.e.AbstractTransferListenerAdapter - Downloading https://repo.maven.apache.org/maven2/org/springframework/spring-tx/5.0.6.RELEASE/spring-tx-5.0.6.RELEASE-sources.jar
2026-01-21 15:02:41,271 [Worker-15: Download sources and javadoc] INFO  o.e.m.c.i.e.AbstractTransferListenerAdapter - Downloaded https://repo.maven.apache.org/maven2/org/springframework/spring-tx/5.0.6.RELEASE/spring-tx-5.0.6.RELEASE-sources.jar
2026-01-21 15:02:41,472 [Worker-15: Download sources and javadoc] INFO  o.e.m.j.internal.DownloadSourcesJob - Downloaded sources for org.springframework:spring-tx:5.0.6.RELEASE
2026-01-21 15:02:41,774 [Worker-15: Download sources and javadoc] INFO  o.e.m.c.i.e.AbstractTransferListenerAdapter - Downloading https://repo.maven.apache.org/maven2/org/springframework/spring-test/5.0.6.RELEASE/spring-test-5.0.6.RELEASE-sources.jar
2026-01-21 15:02:42,569 [Worker-15: Download sources and javadoc] INFO  o.e.m.c.i.e.AbstractTransferListenerAdapter - Downloaded https://repo.maven.apache.org/maven2/org/springframework/spring-test/5.0.6.RELEASE/spring-test-5.0.6.RELEASE-sources.jar
2026-01-21 15:02:42,784 [Worker-15: Download sources and javadoc] INFO  o.e.m.j.internal.DownloadSourcesJob - Downloaded sources for org.springframework:spring-test:5.0.6.RELEASE
2026-01-21 15:02:43,041 [Worker-15: Download sources and javadoc] INFO  o.e.m.c.i.e.AbstractTransferListenerAdapter - Downloading https://repo.maven.apache.org/maven2/org/springframework/spring-orm/5.0.6.RELEASE/spring-orm-5.0.6.RELEASE-sources.jar
2026-01-21 15:02:43,339 [Worker-15: Download sources and javadoc] INFO  o.e.m.c.i.e.AbstractTransferListenerAdapter - Downloaded https://repo.maven.apache.org/maven2/org/springframework/spring-orm/5.0.6.RELEASE/spring-orm-5.0.6.RELEASE-sources.jar
2026-01-21 15:02:43,551 [Worker-15: Download sources and javadoc] INFO  o.e.m.j.internal.DownloadSourcesJob - Downloaded sources for org.springframework:spring-orm:5.0.6.RELEASE
2026-01-21 15:02:43,605 [Worker-15: Download sources and javadoc] INFO  o.e.m.c.i.e.AbstractTransferListenerAdapter - Downloading https://repo.maven.apache.org/maven2/org/springframework/spring-jdbc/5.0.6.RELEASE/spring-jdbc-5.0.6.RELEASE-sources.jar
2026-01-21 15:02:44,201 [Worker-15: Download sources and javadoc] INFO  o.e.m.c.i.e.AbstractTransferListenerAdapter - Downloaded https://repo.maven.apache.org/maven2/org/springframework/spring-jdbc/5.0.6.RELEASE/spring-jdbc-5.0.6.RELEASE-sources.jar
2026-01-21 15:02:44,531 [Worker-15: Download sources and javadoc] INFO  o.e.m.j.internal.DownloadSourcesJob - Downloaded sources for org.springframework:spring-jdbc:5.0.6.RELEASE
2026-01-21 15:02:44,642 [Worker-15: Download sources and javadoc] INFO  o.e.m.c.i.e.AbstractTransferListenerAdapter - Downloading https://repo.maven.apache.org/maven2/org/springframework/spring-context-support/5.0.6.RELEASE/spring-context-support-5.0.6.RELEASE-sources.jar
2026-01-21 15:02:44,846 [Worker-15: Download sources and javadoc] INFO  o.e.m.c.i.e.AbstractTransferListenerAdapter - Downloaded https://repo.maven.apache.org/maven2/org/springframework/spring-context-support/5.0.6.RELEASE/spring-context-support-5.0.6.RELEASE-sources.jar
2026-01-21 15:02:45,019 [Worker-15: Download sources and javadoc] INFO  o.e.m.j.internal.DownloadSourcesJob - Downloaded sources for org.springframework:spring-context-support:5.0.6.RELEASE
2026-01-21 15:02:45,085 [Worker-15: Download sources and javadoc] INFO  o.e.m.c.i.e.AbstractTransferListenerAdapter - Downloading https://repo.maven.apache.org/maven2/javax/annotation/javax.annotation-api/1.3.1/javax.annotation-api-1.3.1-sources.jar
2026-01-21 15:02:45,335 [Worker-15: Download sources and javadoc] INFO  o.e.m.c.i.e.AbstractTransferListenerAdapter - Downloaded https://repo.maven.apache.org/maven2/javax/annotation/javax.annotation-api/1.3.1/javax.annotation-api-1.3.1-sources.jar
2026-01-21 15:02:45,556 [Worker-15: Download sources and javadoc] INFO  o.e.m.j.internal.DownloadSourcesJob - Downloaded sources for javax.annotation:javax.annotation-api:1.3.1
2026-01-21 15:02:45,660 [Worker-15: Download sources and javadoc] INFO  o.e.m.c.i.e.AbstractTransferListenerAdapter - Downloading https://repo.maven.apache.org/maven2/org/hibernate/hibernate-core/5.0.12.Final/hibernate-core-5.0.12.Final-sources.jar
2026-01-21 15:02:50,404 [Worker-15: Download sources and javadoc] INFO  o.e.m.c.i.e.AbstractTransferListenerAdapter - Downloaded https://repo.maven.apache.org/maven2/org/hibernate/hibernate-core/5.0.12.Final/hibernate-core-5.0.12.Final-sources.jar
2026-01-21 15:02:50,879 [Worker-15: Download sources and javadoc] INFO  o.e.m.j.internal.DownloadSourcesJob - Downloaded sources for org.hibernate:hibernate-core:5.0.12.Final
2026-01-21 15:02:50,931 [Worker-15: Download sources and javadoc] INFO  o.e.m.c.i.e.AbstractTransferListenerAdapter - Downloading https://repo.maven.apache.org/maven2/org/javassist/javassist/3.18.1-GA/javassist-3.18.1-GA-sources.jar
2026-01-21 15:02:51,636 [Worker-15: Download sources and javadoc] INFO  o.e.m.c.i.e.AbstractTransferListenerAdapter - Downloaded https://repo.maven.apache.org/maven2/org/javassist/javassist/3.18.1-GA/javassist-3.18.1-GA-sources.jar
2026-01-21 15:02:51,854 [Worker-15: Download sources and javadoc] INFO  o.e.m.j.internal.DownloadSourcesJob - Downloaded sources for org.javassist:javassist:3.18.1-GA
2026-01-21 15:02:51,916 [Worker-15: Download sources and javadoc] INFO  o.e.m.c.i.e.AbstractTransferListenerAdapter - Downloading https://repo.maven.apache.org/maven2/org/apache/geronimo/specs/geronimo-jta_1.1_spec/1.1.1/geronimo-jta_1.1_spec-1.1.1-sources.jar
2026-01-21 15:02:51,988 [Worker-15: Download sources and javadoc] INFO  o.e.m.c.i.e.AbstractTransferListenerAdapter - Downloaded https://repo.maven.apache.org/maven2/org/apache/geronimo/specs/geronimo-jta_1.1_spec/1.1.1/geronimo-jta_1.1_spec-1.1.1-sources.jar
2026-01-21 15:02:52,266 [Worker-15: Download sources and javadoc] INFO  o.e.m.j.internal.DownloadSourcesJob - Downloaded sources for org.apache.geronimo.specs:geronimo-jta_1.1_spec:1.1.1
2026-01-21 15:02:52,316 [Worker-15: Download sources and javadoc] INFO  o.e.m.c.i.e.AbstractTransferListenerAdapter - Downloading https://repo.maven.apache.org/maven2/org/jboss/jandex/2.0.0.Final/jandex-2.0.0.Final-sources.jar
2026-01-21 15:02:52,449 [Worker-14: Building workspace] INFO  o.e.m.c.i.l.LifecycleMappingFactory - Using org.maven.ide.eclipse.wtp.WarLifecycleMapping lifecycle mapping for MavenProject: com.rays:spring-mvc-simple:0.0.1-SNAPSHOT @ D:\Rays\Spring-WorkSpace\Spring-MVC\spring-mvc-simple\pom.xml.
2026-01-21 15:02:52,647 [Worker-15: Download sources and javadoc] INFO  o.e.m.c.i.e.AbstractTransferListenerAdapter - Downloaded https://repo.maven.apache.org/maven2/org/jboss/jandex/2.0.0.Final/jandex-2.0.0.Final-sources.jar
2026-01-21 15:02:52,956 [Worker-15: Download sources and javadoc] INFO  o.e.m.j.internal.DownloadSourcesJob - Downloaded sources for org.jboss:jandex:2.0.0.Final
2026-01-21 15:02:53,014 [Worker-15: Download sources and javadoc] INFO  o.e.m.c.i.e.AbstractTransferListenerAdapter - Downloading https://repo.maven.apache.org/maven2/xml-apis/xml-apis/1.0.b2/xml-apis-1.0.b2-sources.jar
2026-01-21 15:02:53,395 [Worker-15: Download sources and javadoc] INFO  o.e.m.c.i.e.AbstractTransferListenerAdapter - Downloaded https://repo.maven.apache.org/maven2/xml-apis/xml-apis/1.0.b2/xml-apis-1.0.b2-sources.jar
2026-01-21 15:02:53,678 [Worker-15: Download sources and javadoc] INFO  o.e.m.j.internal.DownloadSourcesJob - Downloaded sources for xml-apis:xml-apis:1.0.b2
2026-01-21 15:02:53,946 [Worker-15: Download sources and javadoc] INFO  o.e.m.c.i.e.AbstractTransferListenerAdapter - Downloading https://repo.maven.apache.org/maven2/org/hibernate/hibernate-validator/5.0.3.Final/hibernate-validator-5.0.3.Final-sources.jar
2026-01-21 15:02:54,476 [Worker-15: Download sources and javadoc] INFO  o.e.m.c.i.e.AbstractTransferListenerAdapter - Downloaded https://repo.maven.apache.org/maven2/org/hibernate/hibernate-validator/5.0.3.Final/hibernate-validator-5.0.3.Final-sources.jar
2026-01-21 15:02:54,756 [Worker-15: Download sources and javadoc] INFO  o.e.m.j.internal.DownloadSourcesJob - Downloaded sources for org.hibernate:hibernate-validator:5.0.3.Final
2026-01-21 15:02:54,814 [Worker-15: Download sources and javadoc] INFO  o.e.m.c.i.e.AbstractTransferListenerAdapter - Downloading https://repo.maven.apache.org/maven2/com/fasterxml/classmate/1.0.0/classmate-1.0.0-sources.jar
2026-01-21 15:02:54,896 [Worker-15: Download sources and javadoc] INFO  o.e.m.c.i.e.AbstractTransferListenerAdapter - Downloaded https://repo.maven.apache.org/maven2/com/fasterxml/classmate/1.0.0/classmate-1.0.0-sources.jar
2026-01-21 15:02:55,360 [Worker-15: Download sources and javadoc] INFO  o.e.m.j.internal.DownloadSourcesJob - Downloaded sources for com.fasterxml:classmate:1.0.0
2026-01-21 15:02:55,363 [Worker-14: Building workspace] INFO  o.e.m.c.i.embedder.EclipseLogger - Using 'UTF-8' encoding to copy filtered resources.
2026-01-21 15:02:55,365 [Worker-14: Building workspace] INFO  o.e.m.c.i.embedder.EclipseLogger - Copying 0 resource
2026-01-21 15:02:55,368 [Worker-14: Building workspace] INFO  o.e.m.c.i.embedder.EclipseLogger - Using 'UTF-8' encoding to copy filtered resources.
2026-01-21 15:02:55,369 [Worker-14: Building workspace] INFO  o.e.m.c.i.embedder.EclipseLogger - skip non existing resourceDirectory D:\Rays\Spring-WorkSpace\Spring-MVC\spring-mvc-simple\src\test\resources
2026-01-21 15:02:55,369 [Worker-14: Building workspace] INFO  o.e.m.w.i.f.ResourceFilteringBuildParticipant - Changed resources require a complete clean of filtered resources of spring-mvc-simple
2026-01-21 15:02:55,369 [Worker-14: Building workspace] INFO  o.e.m.w.i.f.ResourceFilteringBuildParticipant - Executing resource filtering for spring-mvc-simple
2026-01-21 15:02:55,376 [Worker-14: Building workspace] INFO  o.e.m.c.i.embedder.EclipseLogger - Using 'UTF-8' encoding to copy filtered resources.
2026-01-21 15:02:55,415 [Worker-15: Download sources and javadoc] INFO  o.e.m.c.i.e.AbstractTransferListenerAdapter - Downloading https://repo.maven.apache.org/maven2/com/mchange/c3p0/0.9.5.4/c3p0-0.9.5.4-sources.jar
2026-01-21 15:02:56,643 [Worker-15: Download sources and javadoc] INFO  o.e.m.c.i.e.AbstractTransferListenerAdapter - Downloaded https://repo.maven.apache.org/maven2/com/mchange/c3p0/0.9.5.4/c3p0-0.9.5.4-sources.jar
2026-01-21 15:02:56,647 [Worker-13: Building workspace] INFO  o.e.m.c.i.embedder.EclipseLogger - Using 'UTF-8' encoding to copy filtered resources.
2026-01-21 15:02:56,650 [Worker-13: Building workspace] INFO  o.e.m.c.i.embedder.EclipseLogger - Copying 0 resource
2026-01-21 15:02:56,683 [Worker-13: Building workspace] INFO  o.e.m.c.i.embedder.EclipseLogger - Using 'UTF-8' encoding to copy filtered resources.
2026-01-21 15:02:56,683 [Worker-13: Building workspace] INFO  o.e.m.c.i.embedder.EclipseLogger - skip non existing resourceDirectory D:\Rays\Spring-WorkSpace\Spring-MVC\spring-mvc-simple\src\test\resources
2026-01-21 15:02:56,925 [Worker-15: Download sources and javadoc] INFO  o.e.m.j.internal.DownloadSourcesJob - Downloaded sources for com.mchange:c3p0:0.9.5.4
2026-01-21 15:02:56,985 [Worker-15: Download sources and javadoc] INFO  o.e.m.c.i.e.AbstractTransferListenerAdapter - Downloading https://repo.maven.apache.org/maven2/com/mchange/mchange-commons-java/0.2.15/mchange-commons-java-0.2.15-sources.jar
2026-01-21 15:02:57,978 [Worker-15: Download sources and javadoc] INFO  o.e.m.c.i.e.AbstractTransferListenerAdapter - Downloaded https://repo.maven.apache.org/maven2/com/mchange/mchange-commons-java/0.2.15/mchange-commons-java-0.2.15-sources.jar
2026-01-21 15:02:58,159 [Worker-15: Download sources and javadoc] INFO  o.e.m.j.internal.DownloadSourcesJob - Downloaded sources for com.mchange:mchange-commons-java:0.2.15
2026-01-21 15:02:58,253 [Worker-15: Download sources and javadoc] INFO  o.e.m.c.i.e.AbstractTransferListenerAdapter - Downloading https://repo.maven.apache.org/maven2/javax/persistence/persistence-api/1.0.2/persistence-api-1.0.2-sources.jar
2026-01-21 15:02:58,531 [Worker-15: Download sources and javadoc] INFO  o.e.m.c.i.e.AbstractTransferListenerAdapter - Downloaded https://repo.maven.apache.org/maven2/javax/persistence/persistence-api/1.0.2/persistence-api-1.0.2-sources.jar
2026-01-21 15:02:58,806 [Worker-15: Download sources and javadoc] INFO  o.e.m.j.internal.DownloadSourcesJob - Downloaded sources for javax.persistence:persistence-api:1.0.2
2026-01-21 15:02:58,858 [Worker-15: Download sources and javadoc] INFO  o.e.m.c.i.e.AbstractTransferListenerAdapter - Downloading https://repo.maven.apache.org/maven2/javax/mail/javax.mail-api/1.4.7/javax.mail-api-1.4.7-sources.jar
2026-01-21 15:02:59,099 [Worker-15: Download sources and javadoc] INFO  o.e.m.c.i.e.AbstractTransferListenerAdapter - Downloaded https://repo.maven.apache.org/maven2/javax/mail/javax.mail-api/1.4.7/javax.mail-api-1.4.7-sources.jar
2026-01-21 15:02:59,307 [Worker-15: Download sources and javadoc] INFO  o.e.m.j.internal.DownloadSourcesJob - Downloaded sources for javax.mail:javax.mail-api:1.4.7
2026-01-21 15:02:59,621 [Worker-15: Download sources and javadoc] INFO  o.e.m.c.i.e.AbstractTransferListenerAdapter - Downloading https://repo.maven.apache.org/maven2/com/sun/mail/javax.mail/1.4.7/javax.mail-1.4.7-sources.jar
2026-01-21 15:03:00,013 [Worker-15: Download sources and javadoc] INFO  o.e.m.c.i.e.AbstractTransferListenerAdapter - Downloaded https://repo.maven.apache.org/maven2/com/sun/mail/javax.mail/1.4.7/javax.mail-1.4.7-sources.jar
2026-01-21 15:03:00,251 [Worker-15: Download sources and javadoc] INFO  o.e.m.j.internal.DownloadSourcesJob - Downloaded sources for com.sun.mail:javax.mail:1.4.7
2026-01-21 15:03:00,542 [Worker-15: Download sources and javadoc] INFO  o.e.m.c.i.e.AbstractTransferListenerAdapter - Downloading https://repo.maven.apache.org/maven2/taglibs/standard/1.1.2/standard-1.1.2-sources.jar
2026-01-21 15:03:01,387 [Worker-15: Download sources and javadoc] INFO  o.e.m.c.i.e.AbstractTransferListenerAdapter - Downloaded https://repo.maven.apache.org/maven2/taglibs/standard/1.1.2/standard-1.1.2-sources.jar
2026-01-21 15:03:01,721 [Worker-15: Download sources and javadoc] INFO  o.e.m.j.internal.DownloadSourcesJob - Downloaded sources for taglibs:standard:1.1.2
2026-01-21 15:03:01,795 [Worker-15: Download sources and javadoc] INFO  o.e.m.c.i.e.AbstractTransferListenerAdapter - Downloading https://repo.maven.apache.org/maven2/javax/servlet/jstl/1.2/jstl-1.2-sources.jar
2026-01-21 15:03:02,204 [Worker-15: Download sources and javadoc] INFO  o.e.m.c.i.e.AbstractTransferListenerAdapter - Downloaded https://repo.maven.apache.org/maven2/javax/servlet/jstl/1.2/jstl-1.2-sources.jar
2026-01-21 15:03:02,497 [Worker-15: Download sources and javadoc] INFO  o.e.m.j.internal.DownloadSourcesJob - Downloaded sources for javax.servlet:jstl:1.2
2026-01-21 15:03:02,557 [Worker-15: Download sources and javadoc] INFO  o.e.m.c.i.e.AbstractTransferListenerAdapter - Downloading https://repo.maven.apache.org/maven2/org/apache/tomcat/tomcat-jasper/9.0.12/tomcat-jasper-9.0.12-sources.jar
2026-01-21 15:03:03,435 [Worker-15: Download sources and javadoc] INFO  o.e.m.c.i.e.AbstractTransferListenerAdapter - Downloaded https://repo.maven.apache.org/maven2/org/apache/tomcat/tomcat-jasper/9.0.12/tomcat-jasper-9.0.12-sources.jar
2026-01-21 15:03:03,722 [Worker-15: Download sources and javadoc] INFO  o.e.m.j.internal.DownloadSourcesJob - Downloaded sources for org.apache.tomcat:tomcat-jasper:9.0.12
2026-01-21 15:03:03,782 [Worker-15: Download sources and javadoc] INFO  o.e.m.c.i.e.AbstractTransferListenerAdapter - Downloading https://repo.maven.apache.org/maven2/org/apache/tomcat/tomcat-servlet-api/9.0.12/tomcat-servlet-api-9.0.12-sources.jar
2026-01-21 15:03:04,186 [Worker-15: Download sources and javadoc] INFO  o.e.m.c.i.e.AbstractTransferListenerAdapter - Downloaded https://repo.maven.apache.org/maven2/org/apache/tomcat/tomcat-servlet-api/9.0.12/tomcat-servlet-api-9.0.12-sources.jar
2026-01-21 15:03:04,616 [Worker-15: Download sources and javadoc] INFO  o.e.m.j.internal.DownloadSourcesJob - Downloaded sources for org.apache.tomcat:tomcat-servlet-api:9.0.12
2026-01-21 15:03:04,678 [Worker-15: Download sources and javadoc] INFO  o.e.m.c.i.e.AbstractTransferListenerAdapter - Downloading https://repo.maven.apache.org/maven2/org/apache/tomcat/tomcat-juli/9.0.12/tomcat-juli-9.0.12-sources.jar
2026-01-21 15:03:04,813 [Worker-15: Download sources and javadoc] INFO  o.e.m.c.i.e.AbstractTransferListenerAdapter - Downloaded https://repo.maven.apache.org/maven2/org/apache/tomcat/tomcat-juli/9.0.12/tomcat-juli-9.0.12-sources.jar
2026-01-21 15:03:05,026 [Worker-15: Download sources and javadoc] INFO  o.e.m.j.internal.DownloadSourcesJob - Downloaded sources for org.apache.tomcat:tomcat-juli:9.0.12
2026-01-21 15:03:05,126 [Worker-15: Download sources and javadoc] INFO  o.e.m.c.i.e.AbstractTransferListenerAdapter - Downloading https://repo.maven.apache.org/maven2/org/apache/tomcat/tomcat-jsp-api/9.0.12/tomcat-jsp-api-9.0.12-sources.jar
2026-01-21 15:03:05,673 [Worker-15: Download sources and javadoc] INFO  o.e.m.c.i.e.AbstractTransferListenerAdapter - Downloaded https://repo.maven.apache.org/maven2/org/apache/tomcat/tomcat-jsp-api/9.0.12/tomcat-jsp-api-9.0.12-sources.jar
2026-01-21 15:03:05,902 [Worker-15: Download sources and javadoc] INFO  o.e.m.j.internal.DownloadSourcesJob - Downloaded sources for org.apache.tomcat:tomcat-jsp-api:9.0.12
2026-01-21 15:03:05,958 [Worker-15: Download sources and javadoc] INFO  o.e.m.c.i.e.AbstractTransferListenerAdapter - Downloading https://repo.maven.apache.org/maven2/org/apache/tomcat/tomcat-el-api/9.0.12/tomcat-el-api-9.0.12-sources.jar
2026-01-21 15:03:06,052 [Worker-15: Download sources and javadoc] INFO  o.e.m.c.i.e.AbstractTransferListenerAdapter - Downloaded https://repo.maven.apache.org/maven2/org/apache/tomcat/tomcat-el-api/9.0.12/tomcat-el-api-9.0.12-sources.jar
2026-01-21 15:03:06,274 [Worker-15: Download sources and javadoc] INFO  o.e.m.j.internal.DownloadSourcesJob - Downloaded sources for org.apache.tomcat:tomcat-el-api:9.0.12
2026-01-21 15:03:06,326 [Worker-15: Download sources and javadoc] INFO  o.e.m.c.i.e.AbstractTransferListenerAdapter - Downloading https://repo.maven.apache.org/maven2/org/eclipse/jdt/ecj/3.13.102/ecj-3.13.102-sources.jar
2026-01-21 15:03:07,775 [Worker-15: Download sources and javadoc] INFO  o.e.m.c.i.e.AbstractTransferListenerAdapter - Downloaded https://repo.maven.apache.org/maven2/org/eclipse/jdt/ecj/3.13.102/ecj-3.13.102-sources.jar
2026-01-21 15:03:08,052 [Worker-15: Download sources and javadoc] INFO  o.e.m.j.internal.DownloadSourcesJob - Downloaded sources for org.eclipse.jdt:ecj:3.13.102
2026-01-21 15:03:08,224 [Worker-15: Download sources and javadoc] INFO  o.e.m.c.i.e.AbstractTransferListenerAdapter - Downloading https://repo.maven.apache.org/maven2/org/apache/tomcat/tomcat-jasper-el/9.0.12/tomcat-jasper-el-9.0.12-sources.jar
2026-01-21 15:03:08,337 [Worker-15: Download sources and javadoc] INFO  o.e.m.c.i.e.AbstractTransferListenerAdapter - Downloaded https://repo.maven.apache.org/maven2/org/apache/tomcat/tomcat-jasper-el/9.0.12/tomcat-jasper-el-9.0.12-sources.jar
2026-01-21 15:03:08,584 [Worker-15: Download sources and javadoc] INFO  o.e.m.j.internal.DownloadSourcesJob - Downloaded sources for org.apache.tomcat:tomcat-jasper-el:9.0.12
2026-01-21 15:03:08,734 [Worker-15: Download sources and javadoc] INFO  o.e.m.c.i.e.AbstractTransferListenerAdapter - Downloading https://repo.maven.apache.org/maven2/org/apache/tomcat/tomcat-api/9.0.12/tomcat-api-9.0.12-sources.jar
2026-01-21 15:03:08,804 [Worker-15: Download sources and javadoc] INFO  o.e.m.c.i.e.AbstractTransferListenerAdapter - Downloaded https://repo.maven.apache.org/maven2/org/apache/tomcat/tomcat-api/9.0.12/tomcat-api-9.0.12-sources.jar
2026-01-21 15:03:09,109 [Worker-15: Download sources and javadoc] INFO  o.e.m.j.internal.DownloadSourcesJob - Downloaded sources for org.apache.tomcat:tomcat-api:9.0.12
2026-01-21 15:03:09,172 [Worker-15: Download sources and javadoc] INFO  o.e.m.c.i.e.AbstractTransferListenerAdapter - Downloading https://repo.maven.apache.org/maven2/org/apache/tomcat/tomcat-util-scan/9.0.12/tomcat-util-scan-9.0.12-sources.jar
2026-01-21 15:03:09,566 [Worker-15: Download sources and javadoc] INFO  o.e.m.c.i.e.AbstractTransferListenerAdapter - Downloaded https://repo.maven.apache.org/maven2/org/apache/tomcat/tomcat-util-scan/9.0.12/tomcat-util-scan-9.0.12-sources.jar
2026-01-21 15:03:09,824 [Worker-15: Download sources and javadoc] INFO  o.e.m.j.internal.DownloadSourcesJob - Downloaded sources for org.apache.tomcat:tomcat-util-scan:9.0.12
2026-01-21 15:03:09,950 [Worker-15: Download sources and javadoc] INFO  o.e.m.c.i.e.AbstractTransferListenerAdapter - Downloading https://repo.maven.apache.org/maven2/org/apache/tomcat/tomcat-util/9.0.12/tomcat-util-9.0.12-sources.jar
2026-01-21 15:03:10,429 [Worker-15: Download sources and javadoc] INFO  o.e.m.c.i.e.AbstractTransferListenerAdapter - Downloaded https://repo.maven.apache.org/maven2/org/apache/tomcat/tomcat-util/9.0.12/tomcat-util-9.0.12-sources.jar
2026-01-21 15:03:10,697 [Worker-15: Download sources and javadoc] INFO  o.e.m.j.internal.DownloadSourcesJob - Downloaded sources for org.apache.tomcat:tomcat-util:9.0.12
2026-01-21 15:03:10,753 [Worker-15: Download sources and javadoc] INFO  o.e.m.c.i.e.AbstractTransferListenerAdapter - Downloading https://repo.maven.apache.org/maven2/org/apache/tiles/tiles-jsp/3.0.5/tiles-jsp-3.0.5-sources.jar
2026-01-21 15:03:10,821 [Worker-15: Download sources and javadoc] INFO  o.e.m.c.i.e.AbstractTransferListenerAdapter - Downloaded https://repo.maven.apache.org/maven2/org/apache/tiles/tiles-jsp/3.0.5/tiles-jsp-3.0.5-sources.jar
2026-01-21 15:03:11,388 [Worker-15: Download sources and javadoc] INFO  o.e.m.j.internal.DownloadSourcesJob - Downloaded sources for org.apache.tiles:tiles-jsp:3.0.5
2026-01-21 15:03:11,452 [Worker-15: Download sources and javadoc] INFO  o.e.m.c.i.e.AbstractTransferListenerAdapter - Downloading https://repo.maven.apache.org/maven2/org/apache/tiles/tiles-template/3.0.5/tiles-template-3.0.5-sources.jar
2026-01-21 15:03:11,588 [Worker-15: Download sources and javadoc] INFO  o.e.m.c.i.e.AbstractTransferListenerAdapter - Downloaded https://repo.maven.apache.org/maven2/org/apache/tiles/tiles-template/3.0.5/tiles-template-3.0.5-sources.jar
2026-01-21 15:03:11,945 [Worker-15: Download sources and javadoc] INFO  o.e.m.j.internal.DownloadSourcesJob - Downloaded sources for org.apache.tiles:tiles-template:3.0.5
2026-01-21 15:03:11,999 [Worker-15: Download sources and javadoc] INFO  o.e.m.c.i.e.AbstractTransferListenerAdapter - Downloading https://repo.maven.apache.org/maven2/org/apache/tiles/tiles-autotag-core-runtime/1.1.0/tiles-autotag-core-runtime-1.1.0-sources.jar
2026-01-21 15:03:12,056 [Worker-15: Download sources and javadoc] INFO  o.e.m.c.i.e.AbstractTransferListenerAdapter - Downloaded https://repo.maven.apache.org/maven2/org/apache/tiles/tiles-autotag-core-runtime/1.1.0/tiles-autotag-core-runtime-1.1.0-sources.jar
2026-01-21 15:03:12,421 [Worker-15: Download sources and javadoc] INFO  o.e.m.j.internal.DownloadSourcesJob - Downloaded sources for org.apache.tiles:tiles-autotag-core-runtime:1.1.0
2026-01-21 15:03:12,471 [Worker-15: Download sources and javadoc] INFO  o.e.m.c.i.e.AbstractTransferListenerAdapter - Downloading https://repo.maven.apache.org/maven2/org/apache/tiles/tiles-request-jsp/1.0.6/tiles-request-jsp-1.0.6-sources.jar
2026-01-21 15:03:12,534 [Worker-15: Download sources and javadoc] INFO  o.e.m.c.i.e.AbstractTransferListenerAdapter - Downloaded https://repo.maven.apache.org/maven2/org/apache/tiles/tiles-request-jsp/1.0.6/tiles-request-jsp-1.0.6-sources.jar
2026-01-21 15:03:12,767 [Worker-15: Download sources and javadoc] INFO  o.e.m.j.internal.DownloadSourcesJob - Downloaded sources for org.apache.tiles:tiles-request-jsp:1.0.6
2026-01-21 15:03:12,816 [Worker-15: Download sources and javadoc] INFO  o.e.m.c.i.e.AbstractTransferListenerAdapter - Downloading https://repo.maven.apache.org/maven2/org/apache/tiles/tiles-request-api/1.0.6/tiles-request-api-1.0.6-sources.jar
2026-01-21 15:03:12,970 [Worker-15: Download sources and javadoc] INFO  o.e.m.c.i.e.AbstractTransferListenerAdapter - Downloaded https://repo.maven.apache.org/maven2/org/apache/tiles/tiles-request-api/1.0.6/tiles-request-api-1.0.6-sources.jar
2026-01-21 15:03:13,288 [Worker-15: Download sources and javadoc] INFO  o.e.m.j.internal.DownloadSourcesJob - Downloaded sources for org.apache.tiles:tiles-request-api:1.0.6
2026-01-21 15:03:13,634 [Worker-15: Download sources and javadoc] INFO  o.e.m.c.i.e.AbstractTransferListenerAdapter - Downloading https://repo.maven.apache.org/maven2/org/apache/tiles/tiles-servlet/3.0.5/tiles-servlet-3.0.5-sources.jar
2026-01-21 15:03:13,809 [Worker-15: Download sources and javadoc] INFO  o.e.m.c.i.e.AbstractTransferListenerAdapter - Downloaded https://repo.maven.apache.org/maven2/org/apache/tiles/tiles-servlet/3.0.5/tiles-servlet-3.0.5-sources.jar
2026-01-21 15:03:14,116 [Worker-15: Download sources and javadoc] INFO  o.e.m.j.internal.DownloadSourcesJob - Downloaded sources for org.apache.tiles:tiles-servlet:3.0.5
2026-01-21 15:03:14,167 [Worker-15: Download sources and javadoc] INFO  o.e.m.c.i.e.AbstractTransferListenerAdapter - Downloading https://repo.maven.apache.org/maven2/org/apache/tiles/tiles-request-servlet/1.0.6/tiles-request-servlet-1.0.6-sources.jar
2026-01-21 15:03:14,309 [Worker-15: Download sources and javadoc] INFO  o.e.m.c.i.e.AbstractTransferListenerAdapter - Downloaded https://repo.maven.apache.org/maven2/org/apache/tiles/tiles-request-servlet/1.0.6/tiles-request-servlet-1.0.6-sources.jar
2026-01-21 15:03:14,494 [Worker-15: Download sources and javadoc] INFO  o.e.m.j.internal.DownloadSourcesJob - Downloaded sources for org.apache.tiles:tiles-request-servlet:1.0.6
2026-01-21 15:03:14,546 [Worker-15: Download sources and javadoc] INFO  o.e.m.c.i.e.AbstractTransferListenerAdapter - Downloading https://repo.maven.apache.org/maven2/org/apache/tiles/tiles-core/3.0.5/tiles-core-3.0.5-sources.jar
2026-01-21 15:03:14,844 [Worker-15: Download sources and javadoc] INFO  o.e.m.c.i.e.AbstractTransferListenerAdapter - Downloaded https://repo.maven.apache.org/maven2/org/apache/tiles/tiles-core/3.0.5/tiles-core-3.0.5-sources.jar
2026-01-21 15:03:15,064 [Worker-15: Download sources and javadoc] INFO  o.e.m.j.internal.DownloadSourcesJob - Downloaded sources for org.apache.tiles:tiles-core:3.0.5
2026-01-21 15:03:15,120 [Worker-15: Download sources and javadoc] INFO  o.e.m.c.i.e.AbstractTransferListenerAdapter - Downloading https://repo.maven.apache.org/maven2/org/apache/tiles/tiles-api/3.0.5/tiles-api-3.0.5-sources.jar
2026-01-21 15:03:15,335 [Worker-15: Download sources and javadoc] INFO  o.e.m.c.i.e.AbstractTransferListenerAdapter - Downloaded https://repo.maven.apache.org/maven2/org/apache/tiles/tiles-api/3.0.5/tiles-api-3.0.5-sources.jar
2026-01-21 15:03:15,632 [Worker-15: Download sources and javadoc] INFO  o.e.m.j.internal.DownloadSourcesJob - Downloaded sources for org.apache.tiles:tiles-api:3.0.5
2026-01-21 15:03:15,789 [Worker-15: Download sources and javadoc] INFO  o.e.m.c.i.e.AbstractTransferListenerAdapter - Downloading https://repo.maven.apache.org/maven2/commons-digester/commons-digester/2.0/commons-digester-2.0-sources.jar
2026-01-21 15:03:16,582 [Worker-15: Download sources and javadoc] INFO  o.e.m.c.i.e.AbstractTransferListenerAdapter - Downloaded https://repo.maven.apache.org/maven2/commons-digester/commons-digester/2.0/commons-digester-2.0-sources.jar
2026-01-21 15:03:17,123 [Worker-15: Download sources and javadoc] INFO  o.e.m.j.internal.DownloadSourcesJob - Downloaded sources for commons-digester:commons-digester:2.0
2026-01-21 15:03:17,183 [Worker-15: Download sources and javadoc] INFO  o.e.m.c.i.e.AbstractTransferListenerAdapter - Downloading https://repo.maven.apache.org/maven2/commons-beanutils/commons-beanutils/1.8.0/commons-beanutils-1.8.0-sources.jar
2026-01-21 15:03:17,871 [Worker-15: Download sources and javadoc] INFO  o.e.m.c.i.e.AbstractTransferListenerAdapter - Downloaded https://repo.maven.apache.org/maven2/commons-beanutils/commons-beanutils/1.8.0/commons-beanutils-1.8.0-sources.jar
2026-01-21 15:03:18,131 [Worker-15: Download sources and javadoc] INFO  o.e.m.j.internal.DownloadSourcesJob - Downloaded sources for commons-beanutils:commons-beanutils:1.8.0
2026-01-21 15:03:18,251 [Worker-15: Download sources and javadoc] INFO  o.e.m.c.i.e.AbstractTransferListenerAdapter - Downloading https://repo.maven.apache.org/maven2/org/slf4j/jcl-over-slf4j/1.7.6/jcl-over-slf4j-1.7.6-sources.jar
2026-01-21 15:03:18,324 [Worker-15: Download sources and javadoc] INFO  o.e.m.c.i.e.AbstractTransferListenerAdapter - Downloaded https://repo.maven.apache.org/maven2/org/slf4j/jcl-over-slf4j/1.7.6/jcl-over-slf4j-1.7.6-sources.jar
2026-01-21 15:03:18,848 [Worker-15: Download sources and javadoc] INFO  o.e.m.j.internal.DownloadSourcesJob - Downloaded sources for org.slf4j:jcl-over-slf4j:1.7.6
2026-01-21 15:03:18,961 [Worker-15: Download sources and javadoc] INFO  o.e.m.c.i.e.AbstractTransferListenerAdapter - Downloading https://repo.maven.apache.org/maven2/org/apache/tiles/tiles-el/3.0.5/tiles-el-3.0.5-sources.jar
2026-01-21 15:03:19,663 [Worker-15: Download sources and javadoc] INFO  o.e.m.c.i.e.AbstractTransferListenerAdapter - Downloaded https://repo.maven.apache.org/maven2/org/apache/tiles/tiles-el/3.0.5/tiles-el-3.0.5-sources.jar
2026-01-21 15:03:20,017 [Worker-15: Download sources and javadoc] INFO  o.e.m.j.internal.DownloadSourcesJob - Downloaded sources for org.apache.tiles:tiles-el:3.0.5
2026-01-21 15:03:20,398 [Worker-15: Download sources and javadoc] INFO  o.e.m.c.i.e.AbstractTransferListenerAdapter - Downloading https://repo.maven.apache.org/maven2/org/slf4j/slf4j-api/1.6.4/slf4j-api-1.6.4-sources.jar
2026-01-21 15:03:20,709 [Worker-15: Download sources and javadoc] INFO  o.e.m.c.i.e.AbstractTransferListenerAdapter - Downloaded https://repo.maven.apache.org/maven2/org/slf4j/slf4j-api/1.6.4/slf4j-api-1.6.4-sources.jar
2026-01-21 15:03:20,920 [Worker-15: Download sources and javadoc] INFO  o.e.m.j.internal.DownloadSourcesJob - Downloaded sources for org.slf4j:slf4j-api:1.6.4
2026-01-21 15:03:21,084 [Worker-15: Download sources and javadoc] INFO  o.e.m.c.i.e.AbstractTransferListenerAdapter - Downloading https://repo.maven.apache.org/maven2/org/slf4j/slf4j-log4j12/1.7.32/slf4j-log4j12-1.7.32-sources.jar
2026-01-21 15:03:21,323 [Worker-15: Download sources and javadoc] INFO  o.e.m.c.i.e.AbstractTransferListenerAdapter - Downloaded https://repo.maven.apache.org/maven2/org/slf4j/slf4j-log4j12/1.7.32/slf4j-log4j12-1.7.32-sources.jar
2026-01-21 15:03:21,539 [Worker-15: Download sources and javadoc] INFO  o.e.m.j.internal.DownloadSourcesJob - Downloaded sources for org.slf4j:slf4j-log4j12:1.7.32
2026-01-21 15:03:22,344 [Worker-16: Building workspace] INFO  o.e.m.c.i.embedder.EclipseLogger - Using 'UTF-8' encoding to copy filtered resources.
2026-01-21 15:03:22,344 [Worker-16: Building workspace] INFO  o.e.m.c.i.embedder.EclipseLogger - Copying 0 resource
2026-01-21 15:03:22,346 [Worker-16: Building workspace] INFO  o.e.m.c.i.embedder.EclipseLogger - Using 'UTF-8' encoding to copy filtered resources.
2026-01-21 15:03:22,346 [Worker-16: Building workspace] INFO  o.e.m.c.i.embedder.EclipseLogger - skip non existing resourceDirectory D:\Rays\Spring-WorkSpace\Spring-MVC\spring-mvc-simple\src\test\resources
2026-01-21 15:03:23,098 [Worker-16: Download sources and javadoc] INFO  o.e.m.j.internal.DownloadSourcesJob - Downloaded sources for com.fasterxml:classmate:1.0.0
2026-01-21 15:03:23,104 [Worker-16: Download sources and javadoc] INFO  o.e.m.j.internal.DownloadSourcesJob - Downloaded sources for com.mchange:c3p0:0.9.5.4
2026-01-21 15:03:23,110 [Worker-16: Download sources and javadoc] INFO  o.e.m.j.internal.DownloadSourcesJob - Downloaded sources for com.mchange:mchange-commons-java:0.2.15
2026-01-21 15:03:23,115 [Worker-16: Download sources and javadoc] INFO  o.e.m.j.internal.DownloadSourcesJob - Downloaded sources for javax.persistence:persistence-api:1.0.2
2026-01-21 15:03:23,121 [Worker-16: Download sources and javadoc] INFO  o.e.m.j.internal.DownloadSourcesJob - Downloaded sources for javax.mail:javax.mail-api:1.4.7
2026-01-21 15:03:23,126 [Worker-16: Download sources and javadoc] INFO  o.e.m.j.internal.DownloadSourcesJob - Downloaded sources for com.sun.mail:javax.mail:1.4.7
2026-01-21 15:03:23,130 [Worker-16: Download sources and javadoc] INFO  o.e.m.j.internal.DownloadSourcesJob - Downloaded sources for taglibs:standard:1.1.2
2026-01-21 15:03:23,134 [Worker-16: Download sources and javadoc] INFO  o.e.m.j.internal.DownloadSourcesJob - Downloaded sources for javax.servlet:jstl:1.2
2026-01-21 15:03:23,138 [Worker-16: Download sources and javadoc] INFO  o.e.m.j.internal.DownloadSourcesJob - Downloaded sources for org.apache.tomcat:tomcat-jasper:9.0.12
2026-01-21 15:03:23,142 [Worker-16: Download sources and javadoc] INFO  o.e.m.j.internal.DownloadSourcesJob - Downloaded sources for org.apache.tomcat:tomcat-servlet-api:9.0.12
2026-01-21 15:03:23,146 [Worker-16: Download sources and javadoc] INFO  o.e.m.j.internal.DownloadSourcesJob - Downloaded sources for org.apache.tomcat:tomcat-juli:9.0.12
2026-01-21 15:03:23,151 [Worker-16: Download sources and javadoc] INFO  o.e.m.j.internal.DownloadSourcesJob - Downloaded sources for org.apache.tomcat:tomcat-jsp-api:9.0.12
2026-01-21 15:03:23,155 [Worker-16: Download sources and javadoc] INFO  o.e.m.j.internal.DownloadSourcesJob - Downloaded sources for org.apache.tomcat:tomcat-el-api:9.0.12
2026-01-21 15:03:23,161 [Worker-16: Download sources and javadoc] INFO  o.e.m.j.internal.DownloadSourcesJob - Downloaded sources for org.eclipse.jdt:ecj:3.13.102
2026-01-21 15:03:23,166 [Worker-16: Download sources and javadoc] INFO  o.e.m.j.internal.DownloadSourcesJob - Downloaded sources for org.apache.tomcat:tomcat-jasper-el:9.0.12
2026-01-21 15:03:23,172 [Worker-16: Download sources and javadoc] INFO  o.e.m.j.internal.DownloadSourcesJob - Downloaded sources for org.apache.tomcat:tomcat-api:9.0.12
2026-01-21 15:03:23,177 [Worker-16: Download sources and javadoc] INFO  o.e.m.j.internal.DownloadSourcesJob - Downloaded sources for org.apache.tomcat:tomcat-util-scan:9.0.12
2026-01-21 15:03:23,182 [Worker-16: Download sources and javadoc] INFO  o.e.m.j.internal.DownloadSourcesJob - Downloaded sources for org.apache.tomcat:tomcat-util:9.0.12
2026-01-21 15:03:23,192 [Worker-16: Download sources and javadoc] INFO  o.e.m.j.internal.DownloadSourcesJob - Downloaded sources for org.apache.tiles:tiles-jsp:3.0.5
2026-01-21 15:03:23,197 [Worker-16: Download sources and javadoc] INFO  o.e.m.j.internal.DownloadSourcesJob - Downloaded sources for org.apache.tiles:tiles-template:3.0.5
2026-01-21 15:03:23,201 [Worker-16: Download sources and javadoc] INFO  o.e.m.j.internal.DownloadSourcesJob - Downloaded sources for org.apache.tiles:tiles-autotag-core-runtime:1.1.0
2026-01-21 15:03:23,206 [Worker-16: Download sources and javadoc] INFO  o.e.m.j.internal.DownloadSourcesJob - Downloaded sources for org.apache.tiles:tiles-request-jsp:1.0.6
2026-01-21 15:03:23,212 [Worker-16: Download sources and javadoc] INFO  o.e.m.j.internal.DownloadSourcesJob - Downloaded sources for org.apache.tiles:tiles-request-api:1.0.6
2026-01-21 15:03:23,216 [Worker-16: Download sources and javadoc] INFO  o.e.m.j.internal.DownloadSourcesJob - Downloaded sources for org.apache.tiles:tiles-servlet:3.0.5
2026-01-21 15:03:23,221 [Worker-16: Download sources and javadoc] INFO  o.e.m.j.internal.DownloadSourcesJob - Downloaded sources for org.apache.tiles:tiles-request-servlet:1.0.6
2026-01-21 15:03:23,225 [Worker-16: Download sources and javadoc] INFO  o.e.m.j.internal.DownloadSourcesJob - Downloaded sources for org.apache.tiles:tiles-core:3.0.5
2026-01-21 15:03:23,230 [Worker-16: Download sources and javadoc] INFO  o.e.m.j.internal.DownloadSourcesJob - Downloaded sources for org.apache.tiles:tiles-api:3.0.5
2026-01-21 15:03:23,235 [Worker-16: Download sources and javadoc] INFO  o.e.m.j.internal.DownloadSourcesJob - Downloaded sources for commons-digester:commons-digester:2.0
2026-01-21 15:03:23,240 [Worker-16: Download sources and javadoc] INFO  o.e.m.j.internal.DownloadSourcesJob - Downloaded sources for commons-beanutils:commons-beanutils:1.8.0
2026-01-21 15:03:23,244 [Worker-16: Download sources and javadoc] INFO  o.e.m.j.internal.DownloadSourcesJob - Downloaded sources for org.slf4j:jcl-over-slf4j:1.7.6
2026-01-21 15:03:23,249 [Worker-16: Download sources and javadoc] INFO  o.e.m.j.internal.DownloadSourcesJob - Downloaded sources for org.apache.tiles:tiles-el:3.0.5
2026-01-21 15:03:23,253 [Worker-16: Download sources and javadoc] INFO  o.e.m.j.internal.DownloadSourcesJob - Downloaded sources for org.slf4j:slf4j-api:1.6.4
2026-01-21 15:03:23,258 [Worker-16: Download sources and javadoc] INFO  o.e.m.j.internal.DownloadSourcesJob - Downloaded sources for org.slf4j:slf4j-log4j12:1.7.32
2026-01-21 15:03:23,584 [Worker-10: Building workspace] INFO  o.e.m.c.i.embedder.EclipseLogger - Using 'UTF-8' encoding to copy filtered resources.
2026-01-21 15:03:23,584 [Worker-10: Building workspace] INFO  o.e.m.c.i.embedder.EclipseLogger - Copying 0 resource
2026-01-21 15:03:23,585 [Worker-10: Building workspace] INFO  o.e.m.c.i.embedder.EclipseLogger - Using 'UTF-8' encoding to copy filtered resources.
2026-01-21 15:03:23,586 [Worker-10: Building workspace] INFO  o.e.m.c.i.embedder.EclipseLogger - skip non existing resourceDirectory D:\Rays\Spring-WorkSpace\Spring-MVC\spring-mvc-simple\src\test\resources
2026-01-21 15:03:35,796 [Worker-14: Building workspace] INFO  o.e.m.c.i.l.LifecycleMappingFactory - Using org.maven.ide.eclipse.wtp.WarLifecycleMapping lifecycle mapping for MavenProject: com.rays:spring-mvc-simple:0.0.1-SNAPSHOT @ D:\Rays\Spring-WorkSpace\Spring-MVC\spring-mvc-simple\pom.xml.
2026-01-21 15:03:38,952 [Worker-14: Building workspace] INFO  o.e.m.c.i.embedder.EclipseLogger - Using 'UTF-8' encoding to copy filtered resources.
2026-01-21 15:03:38,954 [Worker-14: Building workspace] INFO  o.e.m.c.i.embedder.EclipseLogger - Copying 0 resource
2026-01-21 15:03:38,958 [Worker-14: Building workspace] INFO  o.e.m.c.i.embedder.EclipseLogger - Using 'UTF-8' encoding to copy filtered resources.
2026-01-21 15:03:38,959 [Worker-14: Building workspace] INFO  o.e.m.c.i.embedder.EclipseLogger - skip non existing resourceDirectory D:\Rays\Spring-WorkSpace\Spring-MVC\spring-mvc-simple\src\test\resources
2026-01-21 15:03:38,959 [Worker-14: Building workspace] INFO  o.e.m.w.i.f.ResourceFilteringBuildParticipant - Changed resources require a complete clean of filtered resources of spring-mvc-simple
2026-01-21 15:03:38,959 [Worker-14: Building workspace] INFO  o.e.m.w.i.f.ResourceFilteringBuildParticipant - Executing resource filtering for spring-mvc-simple
2026-01-21 15:03:38,965 [Worker-14: Building workspace] INFO  o.e.m.c.i.embedder.EclipseLogger - Using 'UTF-8' encoding to copy filtered resources.
2026-01-21 15:05:23,592 [Worker-10: Building workspace] INFO  o.e.m.c.i.embedder.EclipseLogger - Using 'UTF-8' encoding to copy filtered resources.
2026-01-21 15:05:23,594 [Worker-10: Building workspace] INFO  o.e.m.c.i.embedder.EclipseLogger - Copying 0 resource
2026-01-21 15:05:23,598 [Worker-10: Building workspace] INFO  o.e.m.c.i.embedder.EclipseLogger - Using 'UTF-8' encoding to copy filtered resources.
2026-01-21 15:05:23,598 [Worker-10: Building workspace] INFO  o.e.m.c.i.embedder.EclipseLogger - skip non existing resourceDirectory D:\Rays\Spring-WorkSpace\Spring-MVC\spring-mvc-simple\src\test\resources
2026-01-21 15:06:01,898 [Worker-14: Building workspace] INFO  o.e.m.c.i.embedder.EclipseLogger - Using 'UTF-8' encoding to copy filtered resources.
2026-01-21 15:06:01,898 [Worker-14: Building workspace] INFO  o.e.m.c.i.embedder.EclipseLogger - Copying 0 resource
2026-01-21 15:06:01,900 [Worker-14: Building workspace] INFO  o.e.m.c.i.embedder.EclipseLogger - Using 'UTF-8' encoding to copy filtered resources.
2026-01-21 15:06:01,900 [Worker-14: Building workspace] INFO  o.e.m.c.i.embedder.EclipseLogger - skip non existing resourceDirectory D:\Rays\Spring-WorkSpace\Spring-MVC\spring-mvc-simple\src\test\resources
2026-01-21 15:06:43,089 [Worker-16: Building workspace] INFO  o.e.m.c.i.embedder.EclipseLogger - Using 'UTF-8' encoding to copy filtered resources.
2026-01-21 15:06:43,089 [Worker-16: Building workspace] INFO  o.e.m.c.i.embedder.EclipseLogger - Copying 0 resource
2026-01-21 15:06:43,091 [Worker-16: Building workspace] INFO  o.e.m.c.i.embedder.EclipseLogger - Using 'UTF-8' encoding to copy filtered resources.
2026-01-21 15:06:43,092 [Worker-16: Building workspace] INFO  o.e.m.c.i.embedder.EclipseLogger - skip non existing resourceDirectory D:\Rays\Spring-WorkSpace\Spring-MVC\spring-mvc-simple\src\test\resources
2026-01-21 15:06:56,490 [Worker-13: Building workspace] INFO  o.e.m.c.i.embedder.EclipseLogger - Using 'UTF-8' encoding to copy filtered resources.
2026-01-21 15:06:56,491 [Worker-13: Building workspace] INFO  o.e.m.c.i.embedder.EclipseLogger - Copying 0 resource
2026-01-21 15:06:56,492 [Worker-13: Building workspace] INFO  o.e.m.c.i.embedder.EclipseLogger - Using 'UTF-8' encoding to copy filtered resources.
2026-01-21 15:06:56,492 [Worker-13: Building workspace] INFO  o.e.m.c.i.embedder.EclipseLogger - skip non existing resourceDirectory D:\Rays\Spring-WorkSpace\Spring-MVC\spring-mvc-simple\src\test\resources
2026-01-21 15:07:53,878 [Worker-14: Building workspace] INFO  o.e.m.c.i.embedder.EclipseLogger - Using 'UTF-8' encoding to copy filtered resources.
2026-01-21 15:07:53,878 [Worker-14: Building workspace] INFO  o.e.m.c.i.embedder.EclipseLogger - Copying 0 resource
2026-01-21 15:07:53,880 [Worker-14: Building workspace] INFO  o.e.m.c.i.embedder.EclipseLogger - Using 'UTF-8' encoding to copy filtered resources.
2026-01-21 15:07:53,880 [Worker-14: Building workspace] INFO  o.e.m.c.i.embedder.EclipseLogger - skip non existing resourceDirectory D:\Rays\Spring-WorkSpace\Spring-MVC\spring-mvc-simple\src\test\resources
2026-01-21 15:08:02,867 [Worker-16: Building workspace] INFO  o.e.m.c.i.embedder.EclipseLogger - Using 'UTF-8' encoding to copy filtered resources.
2026-01-21 15:08:02,868 [Worker-16: Building workspace] INFO  o.e.m.c.i.embedder.EclipseLogger - Copying 0 resource
2026-01-21 15:08:02,870 [Worker-16: Building workspace] INFO  o.e.m.c.i.embedder.EclipseLogger - Using 'UTF-8' encoding to copy filtered resources.
2026-01-21 15:08:02,870 [Worker-16: Building workspace] INFO  o.e.m.c.i.embedder.EclipseLogger - skip non existing resourceDirectory D:\Rays\Spring-WorkSpace\Spring-MVC\spring-mvc-simple\src\test\resources
2026-01-21 15:09:45,173 [Worker-14: Building workspace] INFO  o.e.m.c.i.embedder.EclipseLogger - Using 'UTF-8' encoding to copy filtered resources.
2026-01-21 15:09:45,174 [Worker-14: Building workspace] INFO  o.e.m.c.i.embedder.EclipseLogger - Copying 0 resource
2026-01-21 15:09:45,176 [Worker-14: Building workspace] INFO  o.e.m.c.i.embedder.EclipseLogger - Using 'UTF-8' encoding to copy filtered resources.
2026-01-21 15:09:45,177 [Worker-14: Building workspace] INFO  o.e.m.c.i.embedder.EclipseLogger - skip non existing resourceDirectory D:\Rays\Spring-WorkSpace\Spring-MVC\spring-mvc-simple\src\test\resources
2026-01-21 15:10:16,342 [Worker-16: Building workspace] INFO  o.e.m.c.i.embedder.EclipseLogger - Using 'UTF-8' encoding to copy filtered resources.
2026-01-21 15:10:16,342 [Worker-16: Building workspace] INFO  o.e.m.c.i.embedder.EclipseLogger - Copying 0 resource
2026-01-21 15:10:16,343 [Worker-16: Building workspace] INFO  o.e.m.c.i.embedder.EclipseLogger - Using 'UTF-8' encoding to copy filtered resources.
2026-01-21 15:10:16,344 [Worker-16: Building workspace] INFO  o.e.m.c.i.embedder.EclipseLogger - skip non existing resourceDirectory D:\Rays\Spring-WorkSpace\Spring-MVC\spring-mvc-simple\src\test\resources
2026-01-21 15:12:23,803 [Worker-16: Building workspace] INFO  o.e.m.c.i.embedder.EclipseLogger - Using 'UTF-8' encoding to copy filtered resources.
2026-01-21 15:12:23,803 [Worker-16: Building workspace] INFO  o.e.m.c.i.embedder.EclipseLogger - Copying 0 resource
2026-01-21 15:12:23,805 [Worker-16: Building workspace] INFO  o.e.m.c.i.embedder.EclipseLogger - Using 'UTF-8' encoding to copy filtered resources.
2026-01-21 15:12:23,805 [Worker-16: Building workspace] INFO  o.e.m.c.i.embedder.EclipseLogger - skip non existing resourceDirectory D:\Rays\Spring-WorkSpace\Spring-MVC\spring-mvc-simple\src\test\resources
2026-01-21 15:12:53,368 [Worker-10: Building workspace] INFO  o.e.m.c.i.embedder.EclipseLogger - Using 'UTF-8' encoding to copy filtered resources.
2026-01-21 15:12:53,400 [Worker-10: Building workspace] INFO  o.e.m.c.i.embedder.EclipseLogger - Copying 0 resource
2026-01-21 15:12:53,402 [Worker-10: Building workspace] INFO  o.e.m.c.i.embedder.EclipseLogger - Using 'UTF-8' encoding to copy filtered resources.
2026-01-21 15:12:53,402 [Worker-10: Building workspace] INFO  o.e.m.c.i.embedder.EclipseLogger - skip non existing resourceDirectory D:\Rays\Spring-WorkSpace\Spring-MVC\spring-mvc-simple\src\test\resources
2026-01-21 15:13:12,392 [Worker-10: Building workspace] INFO  o.e.m.c.i.embedder.EclipseLogger - Using 'UTF-8' encoding to copy filtered resources.
2026-01-21 15:13:12,393 [Worker-10: Building workspace] INFO  o.e.m.c.i.embedder.EclipseLogger - Copying 0 resource
2026-01-21 15:13:12,396 [Worker-10: Building workspace] INFO  o.e.m.c.i.embedder.EclipseLogger - Using 'UTF-8' encoding to copy filtered resources.
2026-01-21 15:13:12,396 [Worker-10: Building workspace] INFO  o.e.m.c.i.embedder.EclipseLogger - skip non existing resourceDirectory D:\Rays\Spring-WorkSpace\Spring-MVC\spring-mvc-simple\src\test\resources
2026-01-21 15:13:13,624 [Worker-10: Building workspace] INFO  o.e.m.c.i.embedder.EclipseLogger - Using 'UTF-8' encoding to copy filtered resources.
2026-01-21 15:13:13,624 [Worker-10: Building workspace] INFO  o.e.m.c.i.embedder.EclipseLogger - Copying 0 resource
2026-01-21 15:13:13,626 [Worker-10: Building workspace] INFO  o.e.m.c.i.embedder.EclipseLogger - Using 'UTF-8' encoding to copy filtered resources.
2026-01-21 15:13:13,626 [Worker-10: Building workspace] INFO  o.e.m.c.i.embedder.EclipseLogger - skip non existing resourceDirectory D:\Rays\Spring-WorkSpace\Spring-MVC\spring-mvc-simple\src\test\resources
2026-01-21 15:13:31,771 [Worker-16: Building workspace] INFO  o.e.m.c.i.embedder.EclipseLogger - Using 'UTF-8' encoding to copy filtered resources.
2026-01-21 15:13:31,772 [Worker-16: Building workspace] INFO  o.e.m.c.i.embedder.EclipseLogger - Copying 0 resource
2026-01-21 15:13:31,773 [Worker-16: Building workspace] INFO  o.e.m.c.i.embedder.EclipseLogger - Using 'UTF-8' encoding to copy filtered resources.
2026-01-21 15:13:31,774 [Worker-16: Building workspace] INFO  o.e.m.c.i.embedder.EclipseLogger - skip non existing resourceDirectory D:\Rays\Spring-WorkSpace\Spring-MVC\spring-mvc-simple\src\test\resources
2026-01-21 15:14:55,599 [Worker-17: Building workspace] INFO  o.e.m.c.i.embedder.EclipseLogger - Using 'UTF-8' encoding to copy filtered resources.
2026-01-21 15:14:55,600 [Worker-17: Building workspace] INFO  o.e.m.c.i.embedder.EclipseLogger - Copying 0 resource
2026-01-21 15:14:55,601 [Worker-17: Building workspace] INFO  o.e.m.c.i.embedder.EclipseLogger - Using 'UTF-8' encoding to copy filtered resources.
2026-01-21 15:14:55,602 [Worker-17: Building workspace] INFO  o.e.m.c.i.embedder.EclipseLogger - skip non existing resourceDirectory D:\Rays\Spring-WorkSpace\Spring-MVC\spring-mvc-simple\src\test\resources
2026-01-21 15:15:34,473 [Worker-5: Building workspace] INFO  o.e.m.c.i.embedder.EclipseLogger - Using 'UTF-8' encoding to copy filtered resources.
2026-01-21 15:15:34,473 [Worker-5: Building workspace] INFO  o.e.m.c.i.embedder.EclipseLogger - Copying 0 resource
2026-01-21 15:15:34,478 [Worker-5: Building workspace] INFO  o.e.m.c.i.embedder.EclipseLogger - Using 'UTF-8' encoding to copy filtered resources.
2026-01-21 15:15:34,478 [Worker-5: Building workspace] INFO  o.e.m.c.i.embedder.EclipseLogger - skip non existing resourceDirectory D:\Rays\Spring-WorkSpace\Spring-MVC\spring-mvc-simple\src\test\resources
2026-01-21 15:15:44,959 [Worker-18: Building workspace] INFO  o.e.m.c.i.embedder.EclipseLogger - Using 'UTF-8' encoding to copy filtered resources.
2026-01-21 15:15:44,959 [Worker-18: Building workspace] INFO  o.e.m.c.i.embedder.EclipseLogger - Copying 0 resource
2026-01-21 15:15:44,960 [Worker-18: Building workspace] INFO  o.e.m.c.i.embedder.EclipseLogger - Using 'UTF-8' encoding to copy filtered resources.
2026-01-21 15:15:44,961 [Worker-18: Building workspace] INFO  o.e.m.c.i.embedder.EclipseLogger - skip non existing resourceDirectory D:\Rays\Spring-WorkSpace\Spring-MVC\spring-mvc-simple\src\test\resources
2026-01-21 15:15:47,224 [Worker-14: Building workspace] INFO  o.e.m.c.i.embedder.EclipseLogger - Using 'UTF-8' encoding to copy filtered resources.
2026-01-21 15:15:47,225 [Worker-14: Building workspace] INFO  o.e.m.c.i.embedder.EclipseLogger - Copying 0 resource
2026-01-21 15:15:47,226 [Worker-14: Building workspace] INFO  o.e.m.c.i.embedder.EclipseLogger - Using 'UTF-8' encoding to copy filtered resources.
2026-01-21 15:15:47,226 [Worker-14: Building workspace] INFO  o.e.m.c.i.embedder.EclipseLogger - skip non existing resourceDirectory D:\Rays\Spring-WorkSpace\Spring-MVC\spring-mvc-simple\src\test\resources
2026-01-21 15:15:58,700 [Worker-12: Building workspace] INFO  o.e.m.c.i.embedder.EclipseLogger - Using 'UTF-8' encoding to copy filtered resources.
2026-01-21 15:15:58,700 [Worker-12: Building workspace] INFO  o.e.m.c.i.embedder.EclipseLogger - Copying 0 resource
2026-01-21 15:15:58,702 [Worker-12: Building workspace] INFO  o.e.m.c.i.embedder.EclipseLogger - Using 'UTF-8' encoding to copy filtered resources.
2026-01-21 15:15:58,703 [Worker-12: Building workspace] INFO  o.e.m.c.i.embedder.EclipseLogger - skip non existing resourceDirectory D:\Rays\Spring-WorkSpace\Spring-MVC\spring-mvc-simple\src\test\resources
2026-01-21 15:16:08,979 [Worker-12: Building workspace] INFO  o.e.m.c.i.embedder.EclipseLogger - Using 'UTF-8' encoding to copy filtered resources.
2026-01-21 15:16:08,979 [Worker-12: Building workspace] INFO  o.e.m.c.i.embedder.EclipseLogger - Copying 0 resource
2026-01-21 15:16:08,980 [Worker-12: Building workspace] INFO  o.e.m.c.i.embedder.EclipseLogger - Using 'UTF-8' encoding to copy filtered resources.
2026-01-21 15:16:08,981 [Worker-12: Building workspace] INFO  o.e.m.c.i.embedder.EclipseLogger - skip non existing resourceDirectory D:\Rays\Spring-WorkSpace\Spring-MVC\spring-mvc-simple\src\test\resources
2026-01-21 15:16:36,534 [Worker-5: Building workspace] INFO  o.e.m.c.i.embedder.EclipseLogger - Using 'UTF-8' encoding to copy filtered resources.
2026-01-21 15:16:36,534 [Worker-5: Building workspace] INFO  o.e.m.c.i.embedder.EclipseLogger - Copying 0 resource
2026-01-21 15:16:36,536 [Worker-5: Building workspace] INFO  o.e.m.c.i.embedder.EclipseLogger - Using 'UTF-8' encoding to copy filtered resources.
2026-01-21 15:16:36,536 [Worker-5: Building workspace] INFO  o.e.m.c.i.embedder.EclipseLogger - skip non existing resourceDirectory D:\Rays\Spring-WorkSpace\Spring-MVC\spring-mvc-simple\src\test\resources
2026-01-21 15:17:00,917 [Worker-10: Building workspace] INFO  o.e.m.c.i.embedder.EclipseLogger - Using 'UTF-8' encoding to copy filtered resources.
2026-01-21 15:17:00,917 [Worker-10: Building workspace] INFO  o.e.m.c.i.embedder.EclipseLogger - Copying 0 resource
2026-01-21 15:17:00,919 [Worker-10: Building workspace] INFO  o.e.m.c.i.embedder.EclipseLogger - Using 'UTF-8' encoding to copy filtered resources.
2026-01-21 15:17:00,919 [Worker-10: Building workspace] INFO  o.e.m.c.i.embedder.EclipseLogger - skip non existing resourceDirectory D:\Rays\Spring-WorkSpace\Spring-MVC\spring-mvc-simple\src\test\resources
2026-01-21 15:35:29,426 [Worker-2: Loading available Gradle versions] INFO  o.e.b.c.i.u.g.PublishedGradleVersions - Gradle version information cache is up-to-date. Trying to read.
2026-01-21 15:35:50,559 [Worker-2: Building workspace] INFO  o.e.m.c.i.embedder.EclipseLogger - Using 'UTF-8' encoding to copy filtered resources.
2026-01-21 15:35:50,583 [Worker-2: Building workspace] INFO  o.e.m.c.i.embedder.EclipseLogger - Copying 0 resource
2026-01-21 15:35:50,590 [Worker-2: Building workspace] INFO  o.e.m.c.i.embedder.EclipseLogger - Using 'UTF-8' encoding to copy filtered resources.
2026-01-21 15:35:50,590 [Worker-2: Building workspace] INFO  o.e.m.c.i.embedder.EclipseLogger - skip non existing resourceDirectory D:\Rays\Spring-WorkSpace\Spring-MVC\spring-mvc-simple\src\test\resources
2026-01-21 15:38:32,613 [Worker-22: Building workspace] INFO  o.e.m.c.i.embedder.EclipseLogger - Using 'UTF-8' encoding to copy filtered resources.
2026-01-21 15:38:32,621 [Worker-22: Building workspace] INFO  o.e.m.c.i.embedder.EclipseLogger - Copying 0 resource
2026-01-21 15:38:32,627 [Worker-22: Building workspace] INFO  o.e.m.c.i.embedder.EclipseLogger - Using 'UTF-8' encoding to copy filtered resources.
2026-01-21 15:38:32,628 [Worker-22: Building workspace] INFO  o.e.m.c.i.embedder.EclipseLogger - skip non existing resourceDirectory D:\Rays\Spring-WorkSpace\Spring-MVC\spring-mvc-simple\src\test\resources
2026-01-21 15:38:42,414 [Worker-15: Building workspace] INFO  o.e.m.c.i.embedder.EclipseLogger - Using 'UTF-8' encoding to copy filtered resources.
2026-01-21 15:38:42,415 [Worker-15: Building workspace] INFO  o.e.m.c.i.embedder.EclipseLogger - Copying 0 resource
2026-01-21 15:38:42,418 [Worker-15: Building workspace] INFO  o.e.m.c.i.embedder.EclipseLogger - Using 'UTF-8' encoding to copy filtered resources.
2026-01-21 15:38:42,418 [Worker-15: Building workspace] INFO  o.e.m.c.i.embedder.EclipseLogger - skip non existing resourceDirectory D:\Rays\Spring-WorkSpace\Spring-MVC\spring-mvc-simple\src\test\resources
2026-01-21 15:39:27,129 [Worker-15: Building workspace] INFO  o.e.m.c.i.embedder.EclipseLogger - Using 'UTF-8' encoding to copy filtered resources.
2026-01-21 15:39:27,135 [Worker-15: Building workspace] INFO  o.e.m.c.i.embedder.EclipseLogger - Copying 0 resource
2026-01-21 15:39:27,141 [Worker-15: Building workspace] INFO  o.e.m.c.i.embedder.EclipseLogger - Using 'UTF-8' encoding to copy filtered resources.
2026-01-21 15:39:27,141 [Worker-15: Building workspace] INFO  o.e.m.c.i.embedder.EclipseLogger - skip non existing resourceDirectory D:\Rays\Spring-WorkSpace\Spring-MVC\spring-mvc-simple\src\test\resources
2026-01-21 15:39:35,641 [Worker-15: Building workspace] INFO  o.e.m.c.i.embedder.EclipseLogger - Using 'UTF-8' encoding to copy filtered resources.
2026-01-21 15:39:35,641 [Worker-15: Building workspace] INFO  o.e.m.c.i.embedder.EclipseLogger - Copying 0 resource
2026-01-21 15:39:35,643 [Worker-15: Building workspace] INFO  o.e.m.c.i.embedder.EclipseLogger - Using 'UTF-8' encoding to copy filtered resources.
2026-01-21 15:39:35,643 [Worker-15: Building workspace] INFO  o.e.m.c.i.embedder.EclipseLogger - skip non existing resourceDirectory D:\Rays\Spring-WorkSpace\Spring-MVC\spring-mvc-simple\src\test\resources
2026-01-21 15:40:09,550 [Worker-24: Building workspace] INFO  o.e.m.c.i.embedder.EclipseLogger - Using 'UTF-8' encoding to copy filtered resources.
2026-01-21 15:40:09,551 [Worker-24: Building workspace] INFO  o.e.m.c.i.embedder.EclipseLogger - Copying 0 resource
2026-01-21 15:40:09,553 [Worker-24: Building workspace] INFO  o.e.m.c.i.embedder.EclipseLogger - Using 'UTF-8' encoding to copy filtered resources.
2026-01-21 15:40:09,554 [Worker-24: Building workspace] INFO  o.e.m.c.i.embedder.EclipseLogger - skip non existing resourceDirectory D:\Rays\Spring-WorkSpace\Spring-MVC\spring-mvc-simple\src\test\resources
2026-01-21 15:40:16,490 [Worker-24: Building workspace] INFO  o.e.m.c.i.embedder.EclipseLogger - Using 'UTF-8' encoding to copy filtered resources.
2026-01-21 15:40:16,491 [Worker-24: Building workspace] INFO  o.e.m.c.i.embedder.EclipseLogger - Copying 0 resource
2026-01-21 15:40:16,493 [Worker-24: Building workspace] INFO  o.e.m.c.i.embedder.EclipseLogger - Using 'UTF-8' encoding to copy filtered resources.
2026-01-21 15:40:16,493 [Worker-24: Building workspace] INFO  o.e.m.c.i.embedder.EclipseLogger - skip non existing resourceDirectory D:\Rays\Spring-WorkSpace\Spring-MVC\spring-mvc-simple\src\test\resources
2026-01-21 15:42:34,473 [Worker-0: Building workspace] INFO  o.e.m.c.i.embedder.EclipseLogger - Using 'UTF-8' encoding to copy filtered resources.
2026-01-21 15:42:34,558 [Worker-0: Building workspace] INFO  o.e.m.c.i.embedder.EclipseLogger - Copying 0 resource
2026-01-21 15:42:34,566 [Worker-0: Building workspace] INFO  o.e.m.c.i.embedder.EclipseLogger - Using 'UTF-8' encoding to copy filtered resources.
2026-01-21 15:42:34,566 [Worker-0: Building workspace] INFO  o.e.m.c.i.embedder.EclipseLogger - skip non existing resourceDirectory D:\Rays\Spring-WorkSpace\Spring-MVC\spring-mvc-simple\src\test\resources
2026-01-21 15:42:44,163 [Worker-26: Building workspace] INFO  o.e.m.c.i.embedder.EclipseLogger - Using 'UTF-8' encoding to copy filtered resources.
2026-01-21 15:42:44,164 [Worker-26: Building workspace] INFO  o.e.m.c.i.embedder.EclipseLogger - Copying 0 resource
2026-01-21 15:42:44,168 [Worker-26: Building workspace] INFO  o.e.m.c.i.embedder.EclipseLogger - Using 'UTF-8' encoding to copy filtered resources.
2026-01-21 15:42:44,168 [Worker-26: Building workspace] INFO  o.e.m.c.i.embedder.EclipseLogger - skip non existing resourceDirectory D:\Rays\Spring-WorkSpace\Spring-MVC\spring-mvc-simple\src\test\resources
2026-01-21 15:42:55,831 [Worker-26: Building workspace] INFO  o.e.m.c.i.embedder.EclipseLogger - Using 'UTF-8' encoding to copy filtered resources.
2026-01-21 15:42:55,832 [Worker-26: Building workspace] INFO  o.e.m.c.i.embedder.EclipseLogger - Copying 0 resource
2026-01-21 15:42:55,835 [Worker-26: Building workspace] INFO  o.e.m.c.i.embedder.EclipseLogger - Using 'UTF-8' encoding to copy filtered resources.
2026-01-21 15:42:55,836 [Worker-26: Building workspace] INFO  o.e.m.c.i.embedder.EclipseLogger - skip non existing resourceDirectory D:\Rays\Spring-WorkSpace\Spring-MVC\spring-mvc-simple\src\test\resources
2026-01-21 15:43:05,699 [Worker-0: Building workspace] INFO  o.e.m.c.i.embedder.EclipseLogger - Using 'UTF-8' encoding to copy filtered resources.
2026-01-21 15:43:05,700 [Worker-0: Building workspace] INFO  o.e.m.c.i.embedder.EclipseLogger - Copying 0 resource
2026-01-21 15:43:05,703 [Worker-0: Building workspace] INFO  o.e.m.c.i.embedder.EclipseLogger - Using 'UTF-8' encoding to copy filtered resources.
2026-01-21 15:43:05,705 [Worker-0: Building workspace] INFO  o.e.m.c.i.embedder.EclipseLogger - skip non existing resourceDirectory D:\Rays\Spring-WorkSpace\Spring-MVC\spring-mvc-simple\src\test\resources
2026-01-21 15:43:22,447 [Worker-22: Building workspace] INFO  o.e.m.c.i.embedder.EclipseLogger - Using 'UTF-8' encoding to copy filtered resources.
2026-01-21 15:43:22,448 [Worker-22: Building workspace] INFO  o.e.m.c.i.embedder.EclipseLogger - Copying 0 resource
2026-01-21 15:43:22,450 [Worker-22: Building workspace] INFO  o.e.m.c.i.embedder.EclipseLogger - Using 'UTF-8' encoding to copy filtered resources.
2026-01-21 15:43:22,457 [Worker-22: Building workspace] INFO  o.e.m.c.i.embedder.EclipseLogger - skip non existing resourceDirectory D:\Rays\Spring-WorkSpace\Spring-MVC\spring-mvc-simple\src\test\resources
2026-01-21 15:44:27,097 [Worker-26: Building workspace] INFO  o.e.m.c.i.embedder.EclipseLogger - Using 'UTF-8' encoding to copy filtered resources.
2026-01-21 15:44:27,098 [Worker-26: Building workspace] INFO  o.e.m.c.i.embedder.EclipseLogger - Copying 0 resource
2026-01-21 15:44:27,101 [Worker-26: Building workspace] INFO  o.e.m.c.i.embedder.EclipseLogger - Using 'UTF-8' encoding to copy filtered resources.
2026-01-21 15:44:27,102 [Worker-26: Building workspace] INFO  o.e.m.c.i.embedder.EclipseLogger - skip non existing resourceDirectory D:\Rays\Spring-WorkSpace\Spring-MVC\spring-mvc-simple\src\test\resources
2026-01-21 15:44:33,822 [Worker-15: Building workspace] INFO  o.e.m.c.i.embedder.EclipseLogger - Using 'UTF-8' encoding to copy filtered resources.
2026-01-21 15:44:33,823 [Worker-15: Building workspace] INFO  o.e.m.c.i.embedder.EclipseLogger - Copying 0 resource
2026-01-21 15:44:33,826 [Worker-15: Building workspace] INFO  o.e.m.c.i.embedder.EclipseLogger - Using 'UTF-8' encoding to copy filtered resources.
2026-01-21 15:44:33,826 [Worker-15: Building workspace] INFO  o.e.m.c.i.embedder.EclipseLogger - skip non existing resourceDirectory D:\Rays\Spring-WorkSpace\Spring-MVC\spring-mvc-simple\src\test\resources
2026-01-21 15:45:09,212 [Worker-22: Building workspace] INFO  o.e.m.c.i.embedder.EclipseLogger - Using 'UTF-8' encoding to copy filtered resources.
2026-01-21 15:45:09,213 [Worker-22: Building workspace] INFO  o.e.m.c.i.embedder.EclipseLogger - Copying 0 resource
2026-01-21 15:45:09,217 [Worker-22: Building workspace] INFO  o.e.m.c.i.embedder.EclipseLogger - Using 'UTF-8' encoding to copy filtered resources.
2026-01-21 15:45:09,217 [Worker-22: Building workspace] INFO  o.e.m.c.i.embedder.EclipseLogger - skip non existing resourceDirectory D:\Rays\Spring-WorkSpace\Spring-MVC\spring-mvc-simple\src\test\resources
2026-01-21 15:45:18,983 [Worker-26: Building workspace] INFO  o.e.m.c.i.embedder.EclipseLogger - Using 'UTF-8' encoding to copy filtered resources.
2026-01-21 15:45:18,984 [Worker-26: Building workspace] INFO  o.e.m.c.i.embedder.EclipseLogger - Copying 0 resource
2026-01-21 15:45:18,991 [Worker-26: Building workspace] INFO  o.e.m.c.i.embedder.EclipseLogger - Using 'UTF-8' encoding to copy filtered resources.
2026-01-21 15:45:18,991 [Worker-26: Building workspace] INFO  o.e.m.c.i.embedder.EclipseLogger - skip non existing resourceDirectory D:\Rays\Spring-WorkSpace\Spring-MVC\spring-mvc-simple\src\test\resources
2026-01-21 15:45:53,966 [Worker-29: Building workspace] INFO  o.e.m.c.i.embedder.EclipseLogger - Using 'UTF-8' encoding to copy filtered resources.
2026-01-21 15:45:53,969 [Worker-29: Building workspace] INFO  o.e.m.c.i.embedder.EclipseLogger - Copying 0 resource
2026-01-21 15:45:53,972 [Worker-29: Building workspace] INFO  o.e.m.c.i.embedder.EclipseLogger - Using 'UTF-8' encoding to copy filtered resources.
2026-01-21 15:45:53,972 [Worker-29: Building workspace] INFO  o.e.m.c.i.embedder.EclipseLogger - skip non existing resourceDirectory D:\Rays\Spring-WorkSpace\Spring-MVC\spring-mvc-simple\src\test\resources
2026-01-21 15:46:04,968 [Worker-0: Building workspace] INFO  o.e.m.c.i.embedder.EclipseLogger - Using 'UTF-8' encoding to copy filtered resources.
2026-01-21 15:46:04,969 [Worker-0: Building workspace] INFO  o.e.m.c.i.embedder.EclipseLogger - Copying 0 resource
2026-01-21 15:46:04,971 [Worker-0: Building workspace] INFO  o.e.m.c.i.embedder.EclipseLogger - Using 'UTF-8' encoding to copy filtered resources.
2026-01-21 15:46:04,971 [Worker-0: Building workspace] INFO  o.e.m.c.i.embedder.EclipseLogger - skip non existing resourceDirectory D:\Rays\Spring-WorkSpace\Spring-MVC\spring-mvc-simple\src\test\resources
2026-01-21 15:46:51,862 [Worker-29: Building workspace] INFO  o.e.m.c.i.embedder.EclipseLogger - Using 'UTF-8' encoding to copy filtered resources.
2026-01-21 15:46:51,864 [Worker-29: Building workspace] INFO  o.e.m.c.i.embedder.EclipseLogger - Copying 0 resource
2026-01-21 15:46:51,866 [Worker-29: Building workspace] INFO  o.e.m.c.i.embedder.EclipseLogger - Using 'UTF-8' encoding to copy filtered resources.
2026-01-21 15:46:51,866 [Worker-29: Building workspace] INFO  o.e.m.c.i.embedder.EclipseLogger - skip non existing resourceDirectory D:\Rays\Spring-WorkSpace\Spring-MVC\spring-mvc-simple\src\test\resources
2026-01-21 15:46:59,875 [Worker-26: Building workspace] INFO  o.e.m.c.i.embedder.EclipseLogger - Using 'UTF-8' encoding to copy filtered resources.
2026-01-21 15:46:59,876 [Worker-26: Building workspace] INFO  o.e.m.c.i.embedder.EclipseLogger - Copying 0 resource
2026-01-21 15:46:59,878 [Worker-26: Building workspace] INFO  o.e.m.c.i.embedder.EclipseLogger - Using 'UTF-8' encoding to copy filtered resources.
2026-01-21 15:46:59,879 [Worker-26: Building workspace] INFO  o.e.m.c.i.embedder.EclipseLogger - skip non existing resourceDirectory D:\Rays\Spring-WorkSpace\Spring-MVC\spring-mvc-simple\src\test\resources
2026-01-21 15:47:53,014 [Worker-0: Building workspace] INFO  o.e.m.c.i.embedder.EclipseLogger - Using 'UTF-8' encoding to copy filtered resources.
2026-01-21 15:47:53,015 [Worker-0: Building workspace] INFO  o.e.m.c.i.embedder.EclipseLogger - Copying 0 resource
2026-01-21 15:47:53,020 [Worker-0: Building workspace] INFO  o.e.m.c.i.embedder.EclipseLogger - Using 'UTF-8' encoding to copy filtered resources.
2026-01-21 15:47:53,022 [Worker-0: Building workspace] INFO  o.e.m.c.i.embedder.EclipseLogger - skip non existing resourceDirectory D:\Rays\Spring-WorkSpace\Spring-MVC\spring-mvc-simple\src\test\resources
2026-01-21 15:48:01,263 [Worker-29: Building workspace] INFO  o.e.m.c.i.embedder.EclipseLogger - Using 'UTF-8' encoding to copy filtered resources.
2026-01-21 15:48:01,264 [Worker-29: Building workspace] INFO  o.e.m.c.i.embedder.EclipseLogger - Copying 0 resource
2026-01-21 15:48:01,266 [Worker-29: Building workspace] INFO  o.e.m.c.i.embedder.EclipseLogger - Using 'UTF-8' encoding to copy filtered resources.
2026-01-21 15:48:01,266 [Worker-29: Building workspace] INFO  o.e.m.c.i.embedder.EclipseLogger - skip non existing resourceDirectory D:\Rays\Spring-WorkSpace\Spring-MVC\spring-mvc-simple\src\test\resources
2026-01-21 15:51:48,025 [Worker-0: Building workspace] INFO  o.e.m.c.i.embedder.EclipseLogger - Using 'UTF-8' encoding to copy filtered resources.
2026-01-21 15:51:48,026 [Worker-0: Building workspace] INFO  o.e.m.c.i.embedder.EclipseLogger - Copying 0 resource
2026-01-21 15:51:48,028 [Worker-0: Building workspace] INFO  o.e.m.c.i.embedder.EclipseLogger - Using 'UTF-8' encoding to copy filtered resources.
2026-01-21 15:51:48,028 [Worker-0: Building workspace] INFO  o.e.m.c.i.embedder.EclipseLogger - skip non existing resourceDirectory D:\Rays\Spring-WorkSpace\Spring-MVC\spring-mvc-simple\src\test\resources
2026-01-21 15:53:49,139 [Worker-34: Building workspace] INFO  o.e.m.c.i.embedder.EclipseLogger - Using 'UTF-8' encoding to copy filtered resources.
2026-01-21 15:53:49,149 [Worker-34: Building workspace] INFO  o.e.m.c.i.embedder.EclipseLogger - Copying 0 resource
2026-01-21 15:53:49,151 [Worker-34: Building workspace] INFO  o.e.m.c.i.embedder.EclipseLogger - Using 'UTF-8' encoding to copy filtered resources.
2026-01-21 15:53:49,151 [Worker-34: Building workspace] INFO  o.e.m.c.i.embedder.EclipseLogger - skip non existing resourceDirectory D:\Rays\Spring-WorkSpace\Spring-MVC\spring-mvc-simple\src\test\resources
2026-01-21 15:54:26,875 [Worker-33: Building workspace] INFO  o.e.m.c.i.embedder.EclipseLogger - Using 'UTF-8' encoding to copy filtered resources.
2026-01-21 15:54:26,876 [Worker-33: Building workspace] INFO  o.e.m.c.i.embedder.EclipseLogger - Copying 0 resource
2026-01-21 15:54:26,878 [Worker-33: Building workspace] INFO  o.e.m.c.i.embedder.EclipseLogger - Using 'UTF-8' encoding to copy filtered resources.
2026-01-21 15:54:26,878 [Worker-33: Building workspace] INFO  o.e.m.c.i.embedder.EclipseLogger - skip non existing resourceDirectory D:\Rays\Spring-WorkSpace\Spring-MVC\spring-mvc-simple\src\test\resources
2026-01-21 15:55:36,539 [Worker-31: Cleaning all projects] INFO  o.e.m.w.i.f.ResourceFilteringBuildParticipant - Cleaning filtered folder for spring-mvc-simple
2026-01-21 15:55:37,234 [Worker-31: Building workspace] INFO  o.e.m.c.i.embedder.EclipseLogger - Using 'UTF-8' encoding to copy filtered resources.
2026-01-21 15:55:37,234 [Worker-31: Building workspace] INFO  o.e.m.c.i.embedder.EclipseLogger - Copying 0 resource
2026-01-21 15:55:37,236 [Worker-31: Building workspace] INFO  o.e.m.c.i.embedder.EclipseLogger - Using 'UTF-8' encoding to copy filtered resources.
2026-01-21 15:55:37,237 [Worker-31: Building workspace] INFO  o.e.m.c.i.embedder.EclipseLogger - skip non existing resourceDirectory D:\Rays\Spring-WorkSpace\Spring-MVC\spring-mvc-simple\src\test\resources
2026-01-21 15:55:37,237 [Worker-31: Building workspace] INFO  o.e.m.w.i.f.ResourceFilteringBuildParticipant - Changed resources require a complete clean of filtered resources of spring-mvc-simple
2026-01-21 15:55:37,276 [Worker-31: Building workspace] INFO  o.e.m.w.i.f.ResourceFilteringBuildParticipant - Executing resource filtering for spring-mvc-simple
2026-01-21 15:55:37,692 [Worker-31: Building workspace] INFO  o.e.m.c.i.embedder.EclipseLogger - Using 'UTF-8' encoding to copy filtered resources.
2026-01-21 15:55:57,559 [Worker-32: Updating Maven Project] INFO  o.e.m.c.i.p.ProjectConfigurationManager - Update started
2026-01-21 15:55:59,237 [Worker-32: Updating Maven Project] INFO  o.e.m.c.i.l.LifecycleMappingFactory - Using org.maven.ide.eclipse.wtp.WarLifecycleMapping lifecycle mapping for MavenProject: com.rays:spring-mvc-simple:0.0.1-SNAPSHOT @ D:\Rays\Spring-WorkSpace\Spring-MVC\spring-mvc-simple\pom.xml.
2026-01-21 15:56:02,707 [Worker-32: Updating Maven Project] INFO  o.e.m.j.i.AbstractJavaProjectConfigurator - Adding source folder /spring-mvc-simple/src/main/java
2026-01-21 15:56:02,708 [Worker-32: Updating Maven Project] INFO  o.e.m.j.i.AbstractJavaProjectConfigurator - Adding resource folder /spring-mvc-simple/src/main/resources
2026-01-21 15:56:02,778 [Worker-32: Updating Maven Project] INFO  o.e.m.j.i.AbstractJavaProjectConfigurator - Adding source folder /spring-mvc-simple/src/test/java
2026-01-21 15:56:05,509 [Worker-32: Updating Maven Project] INFO  o.e.m.w.i.f.ResourceFilteringBuildParticipant - Cleaning filtered folder for spring-mvc-simple
2026-01-21 15:56:05,516 [Worker-32: Updating Maven Project] INFO  o.e.m.c.i.p.ProjectConfigurationManager - Update completed: 7 sec
2026-01-21 15:56:06,954 [Worker-34: Building Project spring-mvc-simple] INFO  o.e.m.c.i.embedder.EclipseLogger - Using 'UTF-8' encoding to copy filtered resources.
2026-01-21 15:56:06,954 [Worker-34: Building Project spring-mvc-simple] INFO  o.e.m.c.i.embedder.EclipseLogger - Copying 0 resource
2026-01-21 15:56:06,958 [Worker-34: Building Project spring-mvc-simple] INFO  o.e.m.c.i.embedder.EclipseLogger - Using 'UTF-8' encoding to copy filtered resources.
2026-01-21 15:56:06,959 [Worker-34: Building Project spring-mvc-simple] INFO  o.e.m.c.i.embedder.EclipseLogger - skip non existing resourceDirectory D:\Rays\Spring-WorkSpace\Spring-MVC\spring-mvc-simple\src\test\resources
2026-01-21 15:56:06,959 [Worker-34: Building Project spring-mvc-simple] INFO  o.e.m.w.i.f.ResourceFilteringBuildParticipant - Changed resources require a complete clean of filtered resources of spring-mvc-simple
2026-01-21 15:56:06,959 [Worker-34: Building Project spring-mvc-simple] INFO  o.e.m.w.i.f.ResourceFilteringBuildParticipant - Executing resource filtering for spring-mvc-simple
2026-01-21 15:56:06,966 [Worker-34: Building Project spring-mvc-simple] INFO  o.e.m.c.i.embedder.EclipseLogger - Using 'UTF-8' encoding to copy filtered resources.
2026-01-21 15:56:09,861 [Worker-42: Building workspace] INFO  o.e.m.c.i.embedder.EclipseLogger - Using 'UTF-8' encoding to copy filtered resources.
2026-01-21 15:56:09,863 [Worker-42: Building workspace] INFO  o.e.m.c.i.embedder.EclipseLogger - Copying 0 resource
2026-01-21 15:56:09,865 [Worker-42: Building workspace] INFO  o.e.m.c.i.embedder.EclipseLogger - Using 'UTF-8' encoding to copy filtered resources.
2026-01-21 15:56:09,866 [Worker-42: Building workspace] INFO  o.e.m.c.i.embedder.EclipseLogger - skip non existing resourceDirectory D:\Rays\Spring-WorkSpace\Spring-MVC\spring-mvc-simple\src\test\resources
2026-01-21 15:57:57,418 [Worker-26: Building workspace] INFO  o.e.m.c.i.embedder.EclipseLogger - Using 'UTF-8' encoding to copy filtered resources.
2026-01-21 15:57:57,419 [Worker-26: Building workspace] INFO  o.e.m.c.i.embedder.EclipseLogger - Copying 0 resource
2026-01-21 15:57:57,421 [Worker-26: Building workspace] INFO  o.e.m.c.i.embedder.EclipseLogger - Using 'UTF-8' encoding to copy filtered resources.
2026-01-21 15:57:57,422 [Worker-26: Building workspace] INFO  o.e.m.c.i.embedder.EclipseLogger - skip non existing resourceDirectory D:\Rays\Spring-WorkSpace\Spring-MVC\spring-mvc-simple\src\test\resources
2026-01-21 16:05:56,632 [Worker-6: Loading available Gradle versions] INFO  o.e.b.c.i.u.g.PublishedGradleVersions - Gradle version information cache is up-to-date. Trying to read.
2026-01-21 16:06:15,138 [Worker-4: Building workspace] INFO  o.e.m.c.i.embedder.EclipseLogger - Using 'UTF-8' encoding to copy filtered resources.
2026-01-21 16:06:15,188 [Worker-4: Building workspace] INFO  o.e.m.c.i.embedder.EclipseLogger - Copying 0 resource
2026-01-21 16:06:15,197 [Worker-4: Building workspace] INFO  o.e.m.c.i.embedder.EclipseLogger - Using 'UTF-8' encoding to copy filtered resources.
2026-01-21 16:06:15,198 [Worker-4: Building workspace] INFO  o.e.m.c.i.embedder.EclipseLogger - skip non existing resourceDirectory D:\Rays\Spring-WorkSpace\Spring-MVC\spring-mvc-simple\src\test\resources
2026-01-21 16:12:52,592 [Worker-2: Building workspace] INFO  o.e.m.c.i.embedder.EclipseLogger - Using 'UTF-8' encoding to copy filtered resources.
2026-01-21 16:12:52,605 [Worker-2: Building workspace] INFO  o.e.m.c.i.embedder.EclipseLogger - Copying 0 resource
2026-01-21 16:12:52,613 [Worker-2: Building workspace] INFO  o.e.m.c.i.embedder.EclipseLogger - Using 'UTF-8' encoding to copy filtered resources.
2026-01-21 16:12:52,613 [Worker-2: Building workspace] INFO  o.e.m.c.i.embedder.EclipseLogger - skip non existing resourceDirectory D:\Rays\Spring-WorkSpace\Spring-MVC\spring-mvc-simple\src\test\resources
2026-01-22 12:22:15,973 [Worker-4: Loading available Gradle versions] INFO  o.e.b.c.i.u.g.PublishedGradleVersions - Gradle version information cache is up-to-date. Trying to read.
2026-01-22 12:22:55,895 [Worker-5: Building workspace] INFO  o.e.m.c.i.embedder.EclipseLogger - Using 'UTF-8' encoding to copy filtered resources.
2026-01-22 12:22:55,907 [Worker-5: Building workspace] INFO  o.e.m.c.i.embedder.EclipseLogger - Copying 0 resource
2026-01-22 12:22:55,913 [Worker-5: Building workspace] INFO  o.e.m.c.i.embedder.EclipseLogger - Using 'UTF-8' encoding to copy filtered resources.
2026-01-22 12:22:55,913 [Worker-5: Building workspace] INFO  o.e.m.c.i.embedder.EclipseLogger - skip non existing resourceDirectory D:\Rays\Spring-WorkSpace\Spring-MVC\spring-mvc-simple\src\test\resources
2026-01-22 13:28:58,424 [Worker-11: Building workspace] INFO  o.e.m.c.i.embedder.EclipseLogger - Using 'UTF-8' encoding to copy filtered resources.
2026-01-22 13:28:58,455 [Worker-11: Building workspace] INFO  o.e.m.c.i.embedder.EclipseLogger - Copying 0 resource
2026-01-22 13:28:58,455 [Worker-11: Building workspace] INFO  o.e.m.c.i.embedder.EclipseLogger - Using 'UTF-8' encoding to copy filtered resources.
2026-01-22 13:28:58,455 [Worker-11: Building workspace] INFO  o.e.m.c.i.embedder.EclipseLogger - skip non existing resourceDirectory D:\Rays\Spring-WorkSpace\Spring-MVC\spring-mvc-simple\src\test\resources
2026-01-22 14:27:17,522 [Worker-39: Building workspace] INFO  o.e.m.c.i.embedder.EclipseLogger - Using 'UTF-8' encoding to copy filtered resources.
2026-01-22 14:27:17,524 [Worker-39: Building workspace] INFO  o.e.m.c.i.embedder.EclipseLogger - Copying 0 resource
2026-01-22 14:27:17,528 [Worker-39: Building workspace] INFO  o.e.m.c.i.embedder.EclipseLogger - Using 'UTF-8' encoding to copy filtered resources.
2026-01-22 14:27:17,528 [Worker-39: Building workspace] INFO  o.e.m.c.i.embedder.EclipseLogger - skip non existing resourceDirectory D:\Rays\Spring-WorkSpace\Spring-MVC\spring-mvc-simple\src\test\resources
2026-01-22 14:33:14,443 [Worker-39: Building workspace] INFO  o.e.m.c.i.embedder.EclipseLogger - Using 'UTF-8' encoding to copy filtered resources.
2026-01-22 14:33:14,443 [Worker-39: Building workspace] INFO  o.e.m.c.i.embedder.EclipseLogger - Copying 0 resource
2026-01-22 14:33:14,459 [Worker-39: Building workspace] INFO  o.e.m.c.i.embedder.EclipseLogger - Using 'UTF-8' encoding to copy filtered resources.
2026-01-22 14:33:14,459 [Worker-39: Building workspace] INFO  o.e.m.c.i.embedder.EclipseLogger - skip non existing resourceDirectory D:\Rays\Spring-WorkSpace\Spring-MVC\spring-mvc-simple\src\test\resources
2026-01-22 14:36:09,649 [Worker-44: Building workspace] INFO  o.e.m.c.i.embedder.EclipseLogger - Using 'UTF-8' encoding to copy filtered resources.
2026-01-22 14:36:09,649 [Worker-44: Building workspace] INFO  o.e.m.c.i.embedder.EclipseLogger - Copying 0 resource
2026-01-22 14:36:09,649 [Worker-44: Building workspace] INFO  o.e.m.c.i.embedder.EclipseLogger - Using 'UTF-8' encoding to copy filtered resources.
2026-01-22 14:36:09,649 [Worker-44: Building workspace] INFO  o.e.m.c.i.embedder.EclipseLogger - skip non existing resourceDirectory D:\Rays\Spring-WorkSpace\Spring-MVC\spring-mvc-simple\src\test\resources
2026-01-22 14:39:20,209 [Worker-48: Building workspace] INFO  o.e.m.c.i.embedder.EclipseLogger - Using 'UTF-8' encoding to copy filtered resources.
2026-01-22 14:39:20,209 [Worker-48: Building workspace] INFO  o.e.m.c.i.embedder.EclipseLogger - Copying 0 resource
2026-01-22 14:39:20,225 [Worker-48: Building workspace] INFO  o.e.m.c.i.embedder.EclipseLogger - Using 'UTF-8' encoding to copy filtered resources.
2026-01-22 14:39:20,225 [Worker-48: Building workspace] INFO  o.e.m.c.i.embedder.EclipseLogger - skip non existing resourceDirectory D:\Rays\Spring-WorkSpace\Spring-MVC\spring-mvc-simple\src\test\resources
2026-01-22 14:40:07,010 [Worker-42: Building workspace] INFO  o.e.m.c.i.embedder.EclipseLogger - Using 'UTF-8' encoding to copy filtered resources.
2026-01-22 14:40:12,502 [Worker-42: Building workspace] INFO  o.e.m.c.i.embedder.EclipseLogger - Copying 0 resource
2026-01-22 14:40:12,505 [Worker-42: Building workspace] INFO  o.e.m.c.i.embedder.EclipseLogger - Using 'UTF-8' encoding to copy filtered resources.
2026-01-22 14:40:12,505 [Worker-42: Building workspace] INFO  o.e.m.c.i.embedder.EclipseLogger - skip non existing resourceDirectory D:\Rays\Spring-WorkSpace\Spring-MVC\spring-mvc-simple\src\test\resources
2026-01-22 14:45:05,652 [Worker-49: Building workspace] INFO  o.e.m.c.i.embedder.EclipseLogger - Using 'UTF-8' encoding to copy filtered resources.
2026-01-22 14:45:05,667 [Worker-49: Building workspace] INFO  o.e.m.c.i.embedder.EclipseLogger - Copying 0 resource
2026-01-22 14:45:05,667 [Worker-49: Building workspace] INFO  o.e.m.c.i.embedder.EclipseLogger - Using 'UTF-8' encoding to copy filtered resources.
2026-01-22 14:45:05,667 [Worker-49: Building workspace] INFO  o.e.m.c.i.embedder.EclipseLogger - skip non existing resourceDirectory D:\Rays\Spring-WorkSpace\Spring-MVC\spring-mvc-simple\src\test\resources
2026-01-22 14:45:27,963 [Worker-47: Building workspace] INFO  o.e.m.c.i.embedder.EclipseLogger - Using 'UTF-8' encoding to copy filtered resources.
2026-01-22 14:45:27,963 [Worker-47: Building workspace] INFO  o.e.m.c.i.embedder.EclipseLogger - Copying 0 resource
2026-01-22 14:45:27,963 [Worker-47: Building workspace] INFO  o.e.m.c.i.embedder.EclipseLogger - Using 'UTF-8' encoding to copy filtered resources.
2026-01-22 14:45:27,963 [Worker-47: Building workspace] INFO  o.e.m.c.i.embedder.EclipseLogger - skip non existing resourceDirectory D:\Rays\Spring-WorkSpace\Spring-MVC\spring-mvc-simple\src\test\resources
2026-01-22 14:45:55,453 [Worker-47: Building workspace] INFO  o.e.m.c.i.embedder.EclipseLogger - Using 'UTF-8' encoding to copy filtered resources.
2026-01-22 14:45:55,453 [Worker-47: Building workspace] INFO  o.e.m.c.i.embedder.EclipseLogger - Copying 0 resource
2026-01-22 14:45:55,453 [Worker-47: Building workspace] INFO  o.e.m.c.i.embedder.EclipseLogger - Using 'UTF-8' encoding to copy filtered resources.
2026-01-22 14:45:55,453 [Worker-47: Building workspace] INFO  o.e.m.c.i.embedder.EclipseLogger - skip non existing resourceDirectory D:\Rays\Spring-WorkSpace\Spring-MVC\spring-mvc-simple\src\test\resources
2026-01-22 14:46:52,172 [Worker-42: Building workspace] INFO  o.e.m.c.i.embedder.EclipseLogger - Using 'UTF-8' encoding to copy filtered resources.
2026-01-22 14:46:52,172 [Worker-42: Building workspace] INFO  o.e.m.c.i.embedder.EclipseLogger - Copying 0 resource
2026-01-22 14:46:52,172 [Worker-42: Building workspace] INFO  o.e.m.c.i.embedder.EclipseLogger - Using 'UTF-8' encoding to copy filtered resources.
2026-01-22 14:46:52,172 [Worker-42: Building workspace] INFO  o.e.m.c.i.embedder.EclipseLogger - skip non existing resourceDirectory D:\Rays\Spring-WorkSpace\Spring-MVC\spring-mvc-simple\src\test\resources
2026-01-22 14:47:50,783 [Worker-49: Building workspace] INFO  o.e.m.c.i.embedder.EclipseLogger - Using 'UTF-8' encoding to copy filtered resources.
2026-01-22 14:47:50,783 [Worker-49: Building workspace] INFO  o.e.m.c.i.embedder.EclipseLogger - Copying 0 resource
2026-01-22 14:47:50,783 [Worker-49: Building workspace] INFO  o.e.m.c.i.embedder.EclipseLogger - Using 'UTF-8' encoding to copy filtered resources.
2026-01-22 14:47:50,783 [Worker-49: Building workspace] INFO  o.e.m.c.i.embedder.EclipseLogger - skip non existing resourceDirectory D:\Rays\Spring-WorkSpace\Spring-MVC\spring-mvc-simple\src\test\resources
2026-01-22 14:48:42,365 [Worker-49: Building workspace] INFO  o.e.m.c.i.embedder.EclipseLogger - Using 'UTF-8' encoding to copy filtered resources.
2026-01-22 14:48:42,365 [Worker-49: Building workspace] INFO  o.e.m.c.i.embedder.EclipseLogger - Copying 0 resource
2026-01-22 14:48:42,365 [Worker-49: Building workspace] INFO  o.e.m.c.i.embedder.EclipseLogger - Using 'UTF-8' encoding to copy filtered resources.
2026-01-22 14:48:42,365 [Worker-49: Building workspace] INFO  o.e.m.c.i.embedder.EclipseLogger - skip non existing resourceDirectory D:\Rays\Spring-WorkSpace\Spring-MVC\spring-mvc-simple\src\test\resources
2026-01-22 14:49:23,037 [Worker-49: Cleaning all projects] INFO  o.e.m.w.i.f.ResourceFilteringBuildParticipant - Cleaning filtered folder for spring-mvc-simple
2026-01-22 14:49:24,584 [Worker-48: Building workspace] INFO  o.e.m.c.i.embedder.EclipseLogger - Using 'UTF-8' encoding to copy filtered resources.
2026-01-22 14:49:24,584 [Worker-48: Building workspace] INFO  o.e.m.c.i.embedder.EclipseLogger - Copying 0 resource
2026-01-22 14:49:24,584 [Worker-48: Building workspace] INFO  o.e.m.c.i.embedder.EclipseLogger - Using 'UTF-8' encoding to copy filtered resources.
2026-01-22 14:49:24,584 [Worker-48: Building workspace] INFO  o.e.m.c.i.embedder.EclipseLogger - skip non existing resourceDirectory D:\Rays\Spring-WorkSpace\Spring-MVC\spring-mvc-simple\src\test\resources
2026-01-22 14:49:24,584 [Worker-48: Building workspace] INFO  o.e.m.w.i.f.ResourceFilteringBuildParticipant - Changed resources require a complete clean of filtered resources of spring-mvc-simple
2026-01-22 14:49:24,662 [Worker-48: Building workspace] INFO  o.e.m.w.i.f.ResourceFilteringBuildParticipant - Executing resource filtering for spring-mvc-simple
2026-01-22 14:49:26,495 [Worker-48: Building workspace] INFO  o.e.m.c.i.embedder.EclipseLogger - Using 'UTF-8' encoding to copy filtered resources.
2026-01-22 14:53:11,584 [Worker-50: Building workspace] INFO  o.e.m.c.i.embedder.EclipseLogger - Using 'UTF-8' encoding to copy filtered resources.
2026-01-22 14:53:11,584 [Worker-50: Building workspace] INFO  o.e.m.c.i.embedder.EclipseLogger - Copying 0 resource
2026-01-22 14:53:11,584 [Worker-50: Building workspace] INFO  o.e.m.c.i.embedder.EclipseLogger - Using 'UTF-8' encoding to copy filtered resources.
2026-01-22 14:53:11,584 [Worker-50: Building workspace] INFO  o.e.m.c.i.embedder.EclipseLogger - skip non existing resourceDirectory D:\Rays\Spring-WorkSpace\Spring-MVC\spring-mvc-simple\src\test\resources
2026-01-22 14:54:54,409 [Worker-51: Building workspace] INFO  o.e.m.c.i.embedder.EclipseLogger - Using 'UTF-8' encoding to copy filtered resources.
2026-01-22 14:54:54,409 [Worker-51: Building workspace] INFO  o.e.m.c.i.embedder.EclipseLogger - Copying 0 resource
2026-01-22 14:54:54,409 [Worker-51: Building workspace] INFO  o.e.m.c.i.embedder.EclipseLogger - Using 'UTF-8' encoding to copy filtered resources.
2026-01-22 14:54:54,409 [Worker-51: Building workspace] INFO  o.e.m.c.i.embedder.EclipseLogger - skip non existing resourceDirectory D:\Rays\Spring-WorkSpace\Spring-MVC\spring-mvc-simple\src\test\resources
2026-01-22 15:00:02,890 [Worker-50: Building workspace] INFO  o.e.m.c.i.embedder.EclipseLogger - Using 'UTF-8' encoding to copy filtered resources.
2026-01-22 15:00:02,906 [Worker-50: Building workspace] INFO  o.e.m.c.i.embedder.EclipseLogger - Copying 0 resource
2026-01-22 15:00:02,906 [Worker-50: Building workspace] INFO  o.e.m.c.i.embedder.EclipseLogger - Using 'UTF-8' encoding to copy filtered resources.
2026-01-22 15:00:02,906 [Worker-50: Building workspace] INFO  o.e.m.c.i.embedder.EclipseLogger - skip non existing resourceDirectory D:\Rays\Spring-WorkSpace\Spring-MVC\spring-mvc-simple\src\test\resources
2026-01-22 15:06:11,029 [Worker-61: Building workspace] INFO  o.e.m.c.i.embedder.EclipseLogger - Using 'UTF-8' encoding to copy filtered resources.
2026-01-22 15:06:11,029 [Worker-61: Building workspace] INFO  o.e.m.c.i.embedder.EclipseLogger - Copying 0 resource
2026-01-22 15:06:11,029 [Worker-61: Building workspace] INFO  o.e.m.c.i.embedder.EclipseLogger - Using 'UTF-8' encoding to copy filtered resources.
2026-01-22 15:06:11,029 [Worker-61: Building workspace] INFO  o.e.m.c.i.embedder.EclipseLogger - skip non existing resourceDirectory D:\Rays\Spring-WorkSpace\Spring-MVC\spring-mvc-simple\src\test\resources
2026-01-22 15:06:19,654 [Worker-55: Building workspace] INFO  o.e.m.c.i.embedder.EclipseLogger - Using 'UTF-8' encoding to copy filtered resources.
2026-01-22 15:06:19,654 [Worker-55: Building workspace] INFO  o.e.m.c.i.embedder.EclipseLogger - Copying 0 resource
2026-01-22 15:06:19,654 [Worker-55: Building workspace] INFO  o.e.m.c.i.embedder.EclipseLogger - Using 'UTF-8' encoding to copy filtered resources.
2026-01-22 15:06:19,654 [Worker-55: Building workspace] INFO  o.e.m.c.i.embedder.EclipseLogger - skip non existing resourceDirectory D:\Rays\Spring-WorkSpace\Spring-MVC\spring-mvc-simple\src\test\resources
2026-01-22 15:06:42,373 [Worker-55: Building workspace] INFO  o.e.m.c.i.embedder.EclipseLogger - Using 'UTF-8' encoding to copy filtered resources.
2026-01-22 15:06:42,373 [Worker-55: Building workspace] INFO  o.e.m.c.i.embedder.EclipseLogger - Copying 0 resource
2026-01-22 15:06:42,373 [Worker-55: Building workspace] INFO  o.e.m.c.i.embedder.EclipseLogger - Using 'UTF-8' encoding to copy filtered resources.
2026-01-22 15:06:42,373 [Worker-55: Building workspace] INFO  o.e.m.c.i.embedder.EclipseLogger - skip non existing resourceDirectory D:\Rays\Spring-WorkSpace\Spring-MVC\spring-mvc-simple\src\test\resources
2026-01-23 13:37:54,496 [Worker-7: Loading available Gradle versions] INFO  o.e.b.c.i.u.g.PublishedGradleVersions - Gradle version information cache is out-of-date. Trying to update.
2026-01-23 13:38:18,052 [Worker-9: Building workspace] INFO  o.e.m.c.i.embedder.EclipseLogger - Using 'UTF-8' encoding to copy filtered resources.
2026-01-23 13:38:18,059 [Worker-9: Building workspace] INFO  o.e.m.c.i.embedder.EclipseLogger - Copying 0 resource
2026-01-23 13:38:18,064 [Worker-9: Building workspace] INFO  o.e.m.c.i.embedder.EclipseLogger - Using 'UTF-8' encoding to copy filtered resources.
2026-01-23 13:38:18,065 [Worker-9: Building workspace] INFO  o.e.m.c.i.embedder.EclipseLogger - skip non existing resourceDirectory D:\Rays\Spring-WorkSpace\Spring-MVC\spring-mvc-simple\src\test\resources
2026-01-23 13:40:57,958 [Worker-6: Building workspace] INFO  o.e.m.c.i.embedder.EclipseLogger - Using 'UTF-8' encoding to copy filtered resources.
2026-01-23 13:40:58,337 [Worker-6: Building workspace] INFO  o.e.m.c.i.embedder.EclipseLogger - Copying 0 resource
2026-01-23 13:40:58,341 [Worker-6: Building workspace] INFO  o.e.m.c.i.embedder.EclipseLogger - Using 'UTF-8' encoding to copy filtered resources.
2026-01-23 13:40:58,342 [Worker-6: Building workspace] INFO  o.e.m.c.i.embedder.EclipseLogger - skip non existing resourceDirectory D:\Rays\Spring-WorkSpace\Spring-MVC\spring-mvc-simple\src\test\resources
2026-01-23 13:41:22,552 [Worker-15: Building workspace] INFO  o.e.m.c.i.embedder.EclipseLogger - Using 'UTF-8' encoding to copy filtered resources.
2026-01-23 13:41:22,553 [Worker-15: Building workspace] INFO  o.e.m.c.i.embedder.EclipseLogger - Copying 0 resource
2026-01-23 13:41:22,556 [Worker-15: Building workspace] INFO  o.e.m.c.i.embedder.EclipseLogger - Using 'UTF-8' encoding to copy filtered resources.
2026-01-23 13:41:22,558 [Worker-15: Building workspace] INFO  o.e.m.c.i.embedder.EclipseLogger - skip non existing resourceDirectory D:\Rays\Spring-WorkSpace\Spring-MVC\spring-mvc-simple\src\test\resources
2026-01-23 13:42:14,322 [Worker-3: Building workspace] INFO  o.e.m.c.i.embedder.EclipseLogger - Using 'UTF-8' encoding to copy filtered resources.
2026-01-23 13:42:14,323 [Worker-3: Building workspace] INFO  o.e.m.c.i.embedder.EclipseLogger - Copying 0 resource
2026-01-23 13:42:14,325 [Worker-3: Building workspace] INFO  o.e.m.c.i.embedder.EclipseLogger - Using 'UTF-8' encoding to copy filtered resources.
2026-01-23 13:42:14,326 [Worker-3: Building workspace] INFO  o.e.m.c.i.embedder.EclipseLogger - skip non existing resourceDirectory D:\Rays\Spring-WorkSpace\Spring-MVC\spring-mvc-simple\src\test\resources
2026-01-23 13:42:50,726 [Worker-11: Building workspace] INFO  o.e.m.c.i.embedder.EclipseLogger - Using 'UTF-8' encoding to copy filtered resources.
2026-01-23 13:42:50,727 [Worker-11: Building workspace] INFO  o.e.m.c.i.embedder.EclipseLogger - Copying 0 resource
2026-01-23 13:42:50,729 [Worker-11: Building workspace] INFO  o.e.m.c.i.embedder.EclipseLogger - Using 'UTF-8' encoding to copy filtered resources.
2026-01-23 13:42:50,730 [Worker-11: Building workspace] INFO  o.e.m.c.i.embedder.EclipseLogger - skip non existing resourceDirectory D:\Rays\Spring-WorkSpace\Spring-MVC\spring-mvc-simple\src\test\resources
2026-01-23 13:42:56,368 [Worker-2: Building workspace] INFO  o.e.m.c.i.embedder.EclipseLogger - Using 'UTF-8' encoding to copy filtered resources.
2026-01-23 13:42:56,370 [Worker-2: Building workspace] INFO  o.e.m.c.i.embedder.EclipseLogger - Copying 0 resource
2026-01-23 13:42:56,373 [Worker-2: Building workspace] INFO  o.e.m.c.i.embedder.EclipseLogger - Using 'UTF-8' encoding to copy filtered resources.
2026-01-23 13:42:56,373 [Worker-2: Building workspace] INFO  o.e.m.c.i.embedder.EclipseLogger - skip non existing resourceDirectory D:\Rays\Spring-WorkSpace\Spring-MVC\spring-mvc-simple\src\test\resources
2026-01-23 13:43:49,334 [Worker-5: Building workspace] INFO  o.e.m.c.i.embedder.EclipseLogger - Using 'UTF-8' encoding to copy filtered resources.
2026-01-23 13:43:49,334 [Worker-5: Building workspace] INFO  o.e.m.c.i.embedder.EclipseLogger - Copying 0 resource
2026-01-23 13:43:49,337 [Worker-5: Building workspace] INFO  o.e.m.c.i.embedder.EclipseLogger - Using 'UTF-8' encoding to copy filtered resources.
2026-01-23 13:43:49,337 [Worker-5: Building workspace] INFO  o.e.m.c.i.embedder.EclipseLogger - skip non existing resourceDirectory D:\Rays\Spring-WorkSpace\Spring-MVC\spring-mvc-simple\src\test\resources
2026-01-23 13:45:24,928 [Worker-6: Building workspace] INFO  o.e.m.c.i.embedder.EclipseLogger - Using 'UTF-8' encoding to copy filtered resources.
2026-01-23 13:45:24,928 [Worker-6: Building workspace] INFO  o.e.m.c.i.embedder.EclipseLogger - Copying 0 resource
2026-01-23 13:45:24,944 [Worker-6: Building workspace] INFO  o.e.m.c.i.embedder.EclipseLogger - Using 'UTF-8' encoding to copy filtered resources.
2026-01-23 13:45:24,944 [Worker-6: Building workspace] INFO  o.e.m.c.i.embedder.EclipseLogger - skip non existing resourceDirectory D:\Rays\Spring-WorkSpace\Spring-MVC\spring-mvc-simple\src\test\resources
2026-01-23 13:45:30,272 [Worker-16: Building workspace] INFO  o.e.m.c.i.embedder.EclipseLogger - Using 'UTF-8' encoding to copy filtered resources.
2026-01-23 13:45:30,287 [Worker-16: Building workspace] INFO  o.e.m.c.i.embedder.EclipseLogger - Copying 0 resource
2026-01-23 13:45:30,287 [Worker-16: Building workspace] INFO  o.e.m.c.i.embedder.EclipseLogger - Using 'UTF-8' encoding to copy filtered resources.
2026-01-23 13:45:30,287 [Worker-16: Building workspace] INFO  o.e.m.c.i.embedder.EclipseLogger - skip non existing resourceDirectory D:\Rays\Spring-WorkSpace\Spring-MVC\spring-mvc-simple\src\test\resources
2026-01-23 13:46:09,645 [Worker-20: Building workspace] INFO  o.e.m.c.i.embedder.EclipseLogger - Using 'UTF-8' encoding to copy filtered resources.
2026-01-23 13:46:09,645 [Worker-20: Building workspace] INFO  o.e.m.c.i.embedder.EclipseLogger - Copying 0 resource
2026-01-23 13:46:09,645 [Worker-20: Building workspace] INFO  o.e.m.c.i.embedder.EclipseLogger - Using 'UTF-8' encoding to copy filtered resources.
2026-01-23 13:46:09,645 [Worker-20: Building workspace] INFO  o.e.m.c.i.embedder.EclipseLogger - skip non existing resourceDirectory D:\Rays\Spring-WorkSpace\Spring-MVC\spring-mvc-simple\src\test\resources
2026-01-23 13:46:14,738 [Worker-19: Building workspace] INFO  o.e.m.c.i.embedder.EclipseLogger - Using 'UTF-8' encoding to copy filtered resources.
2026-01-23 13:46:14,738 [Worker-19: Building workspace] INFO  o.e.m.c.i.embedder.EclipseLogger - Copying 0 resource
2026-01-23 13:46:14,754 [Worker-19: Building workspace] INFO  o.e.m.c.i.embedder.EclipseLogger - Using 'UTF-8' encoding to copy filtered resources.
2026-01-23 13:46:14,754 [Worker-19: Building workspace] INFO  o.e.m.c.i.embedder.EclipseLogger - skip non existing resourceDirectory D:\Rays\Spring-WorkSpace\Spring-MVC\spring-mvc-simple\src\test\resources
2026-01-23 13:46:28,504 [Worker-19: Cleaning all projects] INFO  o.e.m.w.i.f.ResourceFilteringBuildParticipant - Cleaning filtered folder for spring-mvc-simple
2026-01-23 13:46:29,504 [Worker-15: Building workspace] INFO  o.e.m.c.i.embedder.EclipseLogger - Using 'UTF-8' encoding to copy filtered resources.
2026-01-23 13:46:29,504 [Worker-15: Building workspace] INFO  o.e.m.c.i.embedder.EclipseLogger - Copying 0 resource
2026-01-23 13:46:29,504 [Worker-15: Building workspace] INFO  o.e.m.c.i.embedder.EclipseLogger - Using 'UTF-8' encoding to copy filtered resources.
2026-01-23 13:46:29,504 [Worker-15: Building workspace] INFO  o.e.m.c.i.embedder.EclipseLogger - skip non existing resourceDirectory D:\Rays\Spring-WorkSpace\Spring-MVC\spring-mvc-simple\src\test\resources
2026-01-23 13:46:29,504 [Worker-15: Building workspace] INFO  o.e.m.w.i.f.ResourceFilteringBuildParticipant - Changed resources require a complete clean of filtered resources of spring-mvc-simple
2026-01-23 13:46:29,582 [Worker-15: Building workspace] INFO  o.e.m.w.i.f.ResourceFilteringBuildParticipant - Executing resource filtering for spring-mvc-simple
2026-01-23 13:46:30,363 [Worker-15: Building workspace] INFO  o.e.m.c.i.embedder.EclipseLogger - Using 'UTF-8' encoding to copy filtered resources.
2026-01-23 13:55:53,485 [Worker-20: Building workspace] INFO  o.e.m.c.i.embedder.EclipseLogger - Using 'UTF-8' encoding to copy filtered resources.
2026-01-23 13:55:53,500 [Worker-20: Building workspace] INFO  o.e.m.c.i.embedder.EclipseLogger - Copying 0 resource
2026-01-23 13:55:53,500 [Worker-20: Building workspace] INFO  o.e.m.c.i.embedder.EclipseLogger - Using 'UTF-8' encoding to copy filtered resources.
2026-01-23 13:55:53,500 [Worker-20: Building workspace] INFO  o.e.m.c.i.embedder.EclipseLogger - skip non existing resourceDirectory D:\Rays\Spring-WorkSpace\Spring-MVC\spring-mvc-simple\src\test\resources
2026-01-23 16:30:14,778 [Worker-3: Loading available Gradle versions] INFO  o.e.b.c.i.u.g.PublishedGradleVersions - Gradle version information cache is up-to-date. Trying to read.
2026-01-23 16:30:28,668 [Worker-12: Building workspace] INFO  o.e.m.c.i.embedder.EclipseLogger - Using 'UTF-8' encoding to copy filtered resources.
2026-01-23 16:30:28,686 [Worker-12: Building workspace] INFO  o.e.m.c.i.embedder.EclipseLogger - Copying 0 resource
2026-01-23 16:30:28,692 [Worker-12: Building workspace] INFO  o.e.m.c.i.embedder.EclipseLogger - Using 'UTF-8' encoding to copy filtered resources.
2026-01-23 16:30:28,693 [Worker-12: Building workspace] INFO  o.e.m.c.i.embedder.EclipseLogger - skip non existing resourceDirectory D:\Rays\Spring-WorkSpace\Spring-MVC\spring-mvc-simple\src\test\resources
2026-01-24 12:24:19,707 [Worker-9: Loading available Gradle versions] INFO  o.e.b.c.i.u.g.PublishedGradleVersions - Gradle version information cache is up-to-date. Trying to read.
2026-01-24 12:24:35,389 [Worker-4: Building workspace] INFO  o.e.m.c.i.embedder.EclipseLogger - Using 'UTF-8' encoding to copy filtered resources.
2026-01-24 12:24:35,399 [Worker-4: Building workspace] INFO  o.e.m.c.i.embedder.EclipseLogger - Copying 0 resource
2026-01-24 12:24:35,404 [Worker-4: Building workspace] INFO  o.e.m.c.i.embedder.EclipseLogger - Using 'UTF-8' encoding to copy filtered resources.
2026-01-24 12:24:35,405 [Worker-4: Building workspace] INFO  o.e.m.c.i.embedder.EclipseLogger - skip non existing resourceDirectory D:\Rays\Spring-WorkSpace\Spring-MVC\spring-mvc-simple\src\test\resources
2026-01-24 13:11:19,488 [Worker-26: Building workspace] INFO  o.e.m.c.i.embedder.EclipseLogger - Using 'UTF-8' encoding to copy filtered resources.
2026-01-24 13:11:24,378 [Worker-26: Building workspace] INFO  o.e.m.c.i.embedder.EclipseLogger - Copying 0 resource
2026-01-24 13:11:24,378 [Worker-26: Building workspace] INFO  o.e.m.c.i.embedder.EclipseLogger - Using 'UTF-8' encoding to copy filtered resources.
2026-01-24 13:11:24,378 [Worker-26: Building workspace] INFO  o.e.m.c.i.embedder.EclipseLogger - skip non existing resourceDirectory D:\Rays\Spring-WorkSpace\Spring-MVC\spring-mvc-simple\src\test\resources
2026-01-24 13:12:52,382 [Worker-18: Building workspace] INFO  o.e.m.c.i.embedder.EclipseLogger - Using 'UTF-8' encoding to copy filtered resources.
2026-01-24 13:12:52,382 [Worker-18: Building workspace] INFO  o.e.m.c.i.embedder.EclipseLogger - Copying 0 resource
2026-01-24 13:12:52,382 [Worker-18: Building workspace] INFO  o.e.m.c.i.embedder.EclipseLogger - Using 'UTF-8' encoding to copy filtered resources.
2026-01-24 13:12:52,382 [Worker-18: Building workspace] INFO  o.e.m.c.i.embedder.EclipseLogger - skip non existing resourceDirectory D:\Rays\Spring-WorkSpace\Spring-MVC\spring-mvc-simple\src\test\resources
2026-01-24 13:13:54,132 [Worker-28: Building workspace] INFO  o.e.m.c.i.embedder.EclipseLogger - Using 'UTF-8' encoding to copy filtered resources.
2026-01-24 13:13:54,132 [Worker-28: Building workspace] INFO  o.e.m.c.i.embedder.EclipseLogger - Copying 0 resource
2026-01-24 13:13:54,132 [Worker-28: Building workspace] INFO  o.e.m.c.i.embedder.EclipseLogger - Using 'UTF-8' encoding to copy filtered resources.
2026-01-24 13:13:54,132 [Worker-28: Building workspace] INFO  o.e.m.c.i.embedder.EclipseLogger - skip non existing resourceDirectory D:\Rays\Spring-WorkSpace\Spring-MVC\spring-mvc-simple\src\test\resources
2026-01-24 13:14:53,848 [Worker-30: Building workspace] INFO  o.e.m.c.i.embedder.EclipseLogger - Using 'UTF-8' encoding to copy filtered resources.
2026-01-24 13:14:53,848 [Worker-30: Building workspace] INFO  o.e.m.c.i.embedder.EclipseLogger - Copying 0 resource
2026-01-24 13:14:53,848 [Worker-30: Building workspace] INFO  o.e.m.c.i.embedder.EclipseLogger - Using 'UTF-8' encoding to copy filtered resources.
2026-01-24 13:14:53,848 [Worker-30: Building workspace] INFO  o.e.m.c.i.embedder.EclipseLogger - skip non existing resourceDirectory D:\Rays\Spring-WorkSpace\Spring-MVC\spring-mvc-simple\src\test\resources
2026-01-24 13:15:45,892 [Worker-31: Building workspace] INFO  o.e.m.c.i.embedder.EclipseLogger - Using 'UTF-8' encoding to copy filtered resources.
2026-01-24 13:15:45,892 [Worker-31: Building workspace] INFO  o.e.m.c.i.embedder.EclipseLogger - Copying 0 resource
2026-01-24 13:15:45,892 [Worker-31: Building workspace] INFO  o.e.m.c.i.embedder.EclipseLogger - Using 'UTF-8' encoding to copy filtered resources.
2026-01-24 13:15:45,892 [Worker-31: Building workspace] INFO  o.e.m.c.i.embedder.EclipseLogger - skip non existing resourceDirectory D:\Rays\Spring-WorkSpace\Spring-MVC\spring-mvc-simple\src\test\resources
2026-01-24 13:16:21,706 [Worker-31: Building workspace] INFO  o.e.m.c.i.embedder.EclipseLogger - Using 'UTF-8' encoding to copy filtered resources.
2026-01-24 13:16:21,706 [Worker-31: Building workspace] INFO  o.e.m.c.i.embedder.EclipseLogger - Copying 0 resource
2026-01-24 13:16:21,722 [Worker-31: Building workspace] INFO  o.e.m.c.i.embedder.EclipseLogger - Using 'UTF-8' encoding to copy filtered resources.
2026-01-24 13:16:21,722 [Worker-31: Building workspace] INFO  o.e.m.c.i.embedder.EclipseLogger - skip non existing resourceDirectory D:\Rays\Spring-WorkSpace\Spring-MVC\spring-mvc-simple\src\test\resources
2026-01-24 13:20:28,849 [Worker-31: Building workspace] INFO  o.e.m.c.i.embedder.EclipseLogger - Using 'UTF-8' encoding to copy filtered resources.
2026-01-24 13:20:28,849 [Worker-31: Building workspace] INFO  o.e.m.c.i.embedder.EclipseLogger - Copying 0 resource
2026-01-24 13:20:28,849 [Worker-31: Building workspace] INFO  o.e.m.c.i.embedder.EclipseLogger - Using 'UTF-8' encoding to copy filtered resources.
2026-01-24 13:20:28,849 [Worker-31: Building workspace] INFO  o.e.m.c.i.embedder.EclipseLogger - skip non existing resourceDirectory D:\Rays\Spring-WorkSpace\Spring-MVC\spring-mvc-simple\src\test\resources
2026-01-24 13:23:20,847 [Worker-33: Building workspace] INFO  o.e.m.c.i.embedder.EclipseLogger - Using 'UTF-8' encoding to copy filtered resources.
2026-01-24 13:23:20,847 [Worker-33: Building workspace] INFO  o.e.m.c.i.embedder.EclipseLogger - Copying 0 resource
2026-01-24 13:23:20,878 [Worker-33: Building workspace] INFO  o.e.m.c.i.embedder.EclipseLogger - Using 'UTF-8' encoding to copy filtered resources.
2026-01-24 13:23:20,878 [Worker-33: Building workspace] INFO  o.e.m.c.i.embedder.EclipseLogger - skip non existing resourceDirectory D:\Rays\Spring-WorkSpace\Spring-MVC\spring-mvc-simple\src\test\resources
2026-01-24 13:24:10,331 [Worker-30: Building workspace] INFO  o.e.m.c.i.embedder.EclipseLogger - Using 'UTF-8' encoding to copy filtered resources.
2026-01-24 13:24:10,331 [Worker-30: Building workspace] INFO  o.e.m.c.i.embedder.EclipseLogger - Copying 0 resource
2026-01-24 13:24:10,331 [Worker-30: Building workspace] INFO  o.e.m.c.i.embedder.EclipseLogger - Using 'UTF-8' encoding to copy filtered resources.
2026-01-24 13:24:10,331 [Worker-30: Building workspace] INFO  o.e.m.c.i.embedder.EclipseLogger - skip non existing resourceDirectory D:\Rays\Spring-WorkSpace\Spring-MVC\spring-mvc-simple\src\test\resources
2026-01-24 13:27:20,962 [Worker-9: Loading available Gradle versions] INFO  o.e.b.c.i.u.g.PublishedGradleVersions - Gradle version information cache is up-to-date. Trying to read.
2026-01-24 13:27:50,290 [Worker-7: Building workspace] INFO  o.e.m.c.i.embedder.EclipseLogger - Using 'UTF-8' encoding to copy filtered resources.
2026-01-24 13:27:50,321 [Worker-7: Building workspace] INFO  o.e.m.c.i.embedder.EclipseLogger - Copying 0 resource
2026-01-24 13:27:50,329 [Worker-7: Building workspace] INFO  o.e.m.c.i.embedder.EclipseLogger - Using 'UTF-8' encoding to copy filtered resources.
2026-01-24 13:27:50,330 [Worker-7: Building workspace] INFO  o.e.m.c.i.embedder.EclipseLogger - skip non existing resourceDirectory D:\Rays\Spring-WorkSpace\Spring-MVC\spring-mvc-simple\src\test\resources
2026-01-24 13:32:51,212 [Worker-2: Cleaning all projects] INFO  o.e.m.w.i.f.ResourceFilteringBuildParticipant - Cleaning filtered folder for spring-mvc-simple
2026-01-24 13:32:53,237 [Worker-13: Building workspace] INFO  o.e.m.c.i.embedder.EclipseLogger - Using 'UTF-8' encoding to copy filtered resources.
2026-01-24 13:32:53,238 [Worker-13: Building workspace] INFO  o.e.m.c.i.embedder.EclipseLogger - Copying 0 resource
2026-01-24 13:32:53,240 [Worker-13: Building workspace] INFO  o.e.m.c.i.embedder.EclipseLogger - Using 'UTF-8' encoding to copy filtered resources.
2026-01-24 13:32:53,241 [Worker-13: Building workspace] INFO  o.e.m.c.i.embedder.EclipseLogger - skip non existing resourceDirectory D:\Rays\Spring-WorkSpace\Spring-MVC\spring-mvc-simple\src\test\resources
2026-01-24 13:32:53,242 [Worker-13: Building workspace] INFO  o.e.m.w.i.f.ResourceFilteringBuildParticipant - Changed resources require a complete clean of filtered resources of spring-mvc-simple
2026-01-24 13:32:53,245 [Worker-13: Building workspace] INFO  o.e.m.w.i.f.ResourceFilteringBuildParticipant - Executing resource filtering for spring-mvc-simple
2026-01-24 13:32:53,518 [Worker-13: Building workspace] INFO  o.e.m.c.i.embedder.EclipseLogger - Using 'UTF-8' encoding to copy filtered resources.
2026-01-24 13:34:43,597 [Worker-1: Building workspace] INFO  o.e.m.c.i.embedder.EclipseLogger - Using 'UTF-8' encoding to copy filtered resources.
2026-01-24 13:34:43,601 [Worker-1: Building workspace] INFO  o.e.m.c.i.embedder.EclipseLogger - Copying 0 resource
2026-01-24 13:34:43,603 [Worker-1: Building workspace] INFO  o.e.m.c.i.embedder.EclipseLogger - Using 'UTF-8' encoding to copy filtered resources.
2026-01-24 13:34:43,604 [Worker-1: Building workspace] INFO  o.e.m.c.i.embedder.EclipseLogger - skip non existing resourceDirectory D:\Rays\Spring-WorkSpace\Spring-MVC\spring-mvc-simple\src\test\resources
2026-01-24 13:34:57,434 [Worker-10: Cleaning all projects] INFO  o.e.m.w.i.f.ResourceFilteringBuildParticipant - Cleaning filtered folder for spring-mvc-simple
2026-01-24 13:34:57,943 [Worker-3: Building workspace] INFO  o.e.m.c.i.embedder.EclipseLogger - Using 'UTF-8' encoding to copy filtered resources.
2026-01-24 13:34:57,944 [Worker-3: Building workspace] INFO  o.e.m.c.i.embedder.EclipseLogger - Copying 0 resource
2026-01-24 13:34:57,948 [Worker-3: Building workspace] INFO  o.e.m.c.i.embedder.EclipseLogger - Using 'UTF-8' encoding to copy filtered resources.
2026-01-24 13:34:57,948 [Worker-3: Building workspace] INFO  o.e.m.c.i.embedder.EclipseLogger - skip non existing resourceDirectory D:\Rays\Spring-WorkSpace\Spring-MVC\spring-mvc-simple\src\test\resources
2026-01-24 13:34:57,949 [Worker-3: Building workspace] INFO  o.e.m.w.i.f.ResourceFilteringBuildParticipant - Changed resources require a complete clean of filtered resources of spring-mvc-simple
2026-01-24 13:34:57,949 [Worker-3: Building workspace] INFO  o.e.m.w.i.f.ResourceFilteringBuildParticipant - Executing resource filtering for spring-mvc-simple
2026-01-24 13:34:57,999 [Worker-3: Building workspace] INFO  o.e.m.c.i.embedder.EclipseLogger - Using 'UTF-8' encoding to copy filtered resources.
2026-01-24 13:35:30,971 [Worker-15: Cleaning all projects] INFO  o.e.m.w.i.f.ResourceFilteringBuildParticipant - Cleaning filtered folder for spring-mvc-simple
2026-01-24 13:35:31,596 [Worker-10: Building workspace] INFO  o.e.m.c.i.embedder.EclipseLogger - Using 'UTF-8' encoding to copy filtered resources.
2026-01-24 13:35:31,596 [Worker-10: Building workspace] INFO  o.e.m.c.i.embedder.EclipseLogger - Copying 0 resource
2026-01-24 13:35:31,598 [Worker-10: Building workspace] INFO  o.e.m.c.i.embedder.EclipseLogger - Using 'UTF-8' encoding to copy filtered resources.
2026-01-24 13:35:31,599 [Worker-10: Building workspace] INFO  o.e.m.c.i.embedder.EclipseLogger - skip non existing resourceDirectory D:\Rays\Spring-WorkSpace\Spring-MVC\spring-mvc-simple\src\test\resources
2026-01-24 13:35:31,600 [Worker-10: Building workspace] INFO  o.e.m.w.i.f.ResourceFilteringBuildParticipant - Changed resources require a complete clean of filtered resources of spring-mvc-simple
2026-01-24 13:35:31,601 [Worker-10: Building workspace] INFO  o.e.m.w.i.f.ResourceFilteringBuildParticipant - Executing resource filtering for spring-mvc-simple
2026-01-24 13:35:31,617 [Worker-10: Building workspace] INFO  o.e.m.c.i.embedder.EclipseLogger - Using 'UTF-8' encoding to copy filtered resources.
2026-01-24 14:49:32,742 [Worker-7: Loading available Gradle versions] INFO  o.e.b.c.i.u.g.PublishedGradleVersions - Gradle version information cache is out-of-date. Trying to update.
2026-01-24 14:49:49,392 [Worker-1: Building workspace] INFO  o.e.m.c.i.embedder.EclipseLogger - Using 'UTF-8' encoding to copy filtered resources.
2026-01-24 14:49:49,416 [Worker-1: Building workspace] INFO  o.e.m.c.i.embedder.EclipseLogger - Copying 0 resource
2026-01-24 14:49:49,423 [Worker-1: Building workspace] INFO  o.e.m.c.i.embedder.EclipseLogger - Using 'UTF-8' encoding to copy filtered resources.
2026-01-24 14:49:49,423 [Worker-1: Building workspace] INFO  o.e.m.c.i.embedder.EclipseLogger - skip non existing resourceDirectory D:\Rays\Spring-WorkSpace\Spring-MVC\spring-mvc-simple\src\test\resources
2026-01-24 15:05:44,456 [Worker-7: Loading available Gradle versions] INFO  o.e.b.c.i.u.g.PublishedGradleVersions - Gradle version information cache is up-to-date. Trying to read.
2026-01-24 15:06:06,654 [Worker-1: Building workspace] INFO  o.e.m.c.i.embedder.EclipseLogger - Using 'UTF-8' encoding to copy filtered resources.
2026-01-24 15:06:06,713 [Worker-1: Building workspace] INFO  o.e.m.c.i.embedder.EclipseLogger - Copying 0 resource
2026-01-24 15:06:06,722 [Worker-1: Building workspace] INFO  o.e.m.c.i.embedder.EclipseLogger - Using 'UTF-8' encoding to copy filtered resources.
2026-01-24 15:06:06,723 [Worker-1: Building workspace] INFO  o.e.m.c.i.embedder.EclipseLogger - skip non existing resourceDirectory D:\Rays\Spring-WorkSpace\Spring-MVC\spring-mvc-simple\src\test\resources
2026-01-24 15:07:16,595 [Worker-3: Building workspace] INFO  o.e.m.c.i.embedder.EclipseLogger - Using 'UTF-8' encoding to copy filtered resources.
2026-01-24 15:07:16,602 [Worker-3: Building workspace] INFO  o.e.m.c.i.embedder.EclipseLogger - Copying 0 resource
2026-01-24 15:07:16,605 [Worker-3: Building workspace] INFO  o.e.m.c.i.embedder.EclipseLogger - Using 'UTF-8' encoding to copy filtered resources.
2026-01-24 15:07:16,605 [Worker-3: Building workspace] INFO  o.e.m.c.i.embedder.EclipseLogger - skip non existing resourceDirectory D:\Rays\Spring-WorkSpace\Spring-MVC\spring-mvc-simple\src\test\resources
2026-01-24 15:20:42,208 [Worker-5: Building workspace] INFO  o.e.m.c.i.embedder.EclipseLogger - Using 'UTF-8' encoding to copy filtered resources.
2026-01-24 15:20:42,212 [Worker-5: Building workspace] INFO  o.e.m.c.i.embedder.EclipseLogger - Copying 0 resource
2026-01-24 15:20:42,215 [Worker-5: Building workspace] INFO  o.e.m.c.i.embedder.EclipseLogger - Using 'UTF-8' encoding to copy filtered resources.
2026-01-24 15:20:42,216 [Worker-5: Building workspace] INFO  o.e.m.c.i.embedder.EclipseLogger - skip non existing resourceDirectory D:\Rays\Spring-WorkSpace\Spring-MVC\spring-mvc-simple\src\test\resources
2026-01-24 15:22:00,170 [Worker-17: Building workspace] INFO  o.e.m.c.i.embedder.EclipseLogger - Using 'UTF-8' encoding to copy filtered resources.
2026-01-24 15:22:00,537 [Worker-17: Building workspace] INFO  o.e.m.c.i.embedder.EclipseLogger - Copying 0 resource
2026-01-24 15:22:00,542 [Worker-17: Building workspace] INFO  o.e.m.c.i.embedder.EclipseLogger - Using 'UTF-8' encoding to copy filtered resources.
2026-01-24 15:22:00,543 [Worker-17: Building workspace] INFO  o.e.m.c.i.embedder.EclipseLogger - skip non existing resourceDirectory D:\Rays\Spring-WorkSpace\Spring-MVC\spring-mvc-simple\src\test\resources
2026-01-24 15:22:22,836 [Worker-17: Building workspace] INFO  o.e.m.c.i.embedder.EclipseLogger - Using 'UTF-8' encoding to copy filtered resources.
2026-01-24 15:22:22,837 [Worker-17: Building workspace] INFO  o.e.m.c.i.embedder.EclipseLogger - Copying 0 resource
2026-01-24 15:22:22,840 [Worker-17: Building workspace] INFO  o.e.m.c.i.embedder.EclipseLogger - Using 'UTF-8' encoding to copy filtered resources.
2026-01-24 15:22:22,840 [Worker-17: Building workspace] INFO  o.e.m.c.i.embedder.EclipseLogger - skip non existing resourceDirectory D:\Rays\Spring-WorkSpace\Spring-MVC\spring-mvc-simple\src\test\resources
2026-01-24 15:25:42,250 [Worker-21: Building workspace] INFO  o.e.m.c.i.embedder.EclipseLogger - Using 'UTF-8' encoding to copy filtered resources.
2026-01-24 15:25:42,251 [Worker-21: Building workspace] INFO  o.e.m.c.i.embedder.EclipseLogger - Copying 0 resource
2026-01-24 15:25:42,255 [Worker-21: Building workspace] INFO  o.e.m.c.i.embedder.EclipseLogger - Using 'UTF-8' encoding to copy filtered resources.
2026-01-24 15:25:42,255 [Worker-21: Building workspace] INFO  o.e.m.c.i.embedder.EclipseLogger - skip non existing resourceDirectory D:\Rays\Spring-WorkSpace\Spring-MVC\spring-mvc-simple\src\test\resources
2026-01-24 15:26:59,818 [Worker-21: Building workspace] INFO  o.e.m.c.i.embedder.EclipseLogger - Using 'UTF-8' encoding to copy filtered resources.
2026-01-24 15:26:59,819 [Worker-21: Building workspace] INFO  o.e.m.c.i.embedder.EclipseLogger - Copying 0 resource
2026-01-24 15:26:59,823 [Worker-21: Building workspace] INFO  o.e.m.c.i.embedder.EclipseLogger - Using 'UTF-8' encoding to copy filtered resources.
2026-01-24 15:26:59,824 [Worker-21: Building workspace] INFO  o.e.m.c.i.embedder.EclipseLogger - skip non existing resourceDirectory D:\Rays\Spring-WorkSpace\Spring-MVC\spring-mvc-simple\src\test\resources
2026-01-24 15:27:05,986 [Worker-17: Building workspace] INFO  o.e.m.c.i.embedder.EclipseLogger - Using 'UTF-8' encoding to copy filtered resources.
2026-01-24 15:27:05,988 [Worker-17: Building workspace] INFO  o.e.m.c.i.embedder.EclipseLogger - Copying 0 resource
2026-01-24 15:27:05,997 [Worker-17: Building workspace] INFO  o.e.m.c.i.embedder.EclipseLogger - Using 'UTF-8' encoding to copy filtered resources.
2026-01-24 15:27:05,998 [Worker-17: Building workspace] INFO  o.e.m.c.i.embedder.EclipseLogger - skip non existing resourceDirectory D:\Rays\Spring-WorkSpace\Spring-MVC\spring-mvc-simple\src\test\resources
2026-01-24 15:27:32,140 [Worker-22: Building workspace] INFO  o.e.m.c.i.embedder.EclipseLogger - Using 'UTF-8' encoding to copy filtered resources.
2026-01-24 15:27:32,140 [Worker-22: Building workspace] INFO  o.e.m.c.i.embedder.EclipseLogger - Copying 0 resource
2026-01-24 15:27:32,149 [Worker-22: Building workspace] INFO  o.e.m.c.i.embedder.EclipseLogger - Using 'UTF-8' encoding to copy filtered resources.
2026-01-24 15:27:32,149 [Worker-22: Building workspace] INFO  o.e.m.c.i.embedder.EclipseLogger - skip non existing resourceDirectory D:\Rays\Spring-WorkSpace\Spring-MVC\spring-mvc-simple\src\test\resources
2026-01-24 15:27:46,068 [Worker-5: Building workspace] INFO  o.e.m.c.i.embedder.EclipseLogger - Using 'UTF-8' encoding to copy filtered resources.
2026-01-24 15:27:46,069 [Worker-5: Building workspace] INFO  o.e.m.c.i.embedder.EclipseLogger - Copying 0 resource
2026-01-24 15:27:46,071 [Worker-5: Building workspace] INFO  o.e.m.c.i.embedder.EclipseLogger - Using 'UTF-8' encoding to copy filtered resources.
2026-01-24 15:27:46,071 [Worker-5: Building workspace] INFO  o.e.m.c.i.embedder.EclipseLogger - skip non existing resourceDirectory D:\Rays\Spring-WorkSpace\Spring-MVC\spring-mvc-simple\src\test\resources
2026-01-24 15:28:10,365 [Worker-21: Building workspace] INFO  o.e.m.c.i.embedder.EclipseLogger - Using 'UTF-8' encoding to copy filtered resources.
2026-01-24 15:28:10,366 [Worker-21: Building workspace] INFO  o.e.m.c.i.embedder.EclipseLogger - Copying 0 resource
2026-01-24 15:28:10,368 [Worker-21: Building workspace] INFO  o.e.m.c.i.embedder.EclipseLogger - Using 'UTF-8' encoding to copy filtered resources.
2026-01-24 15:28:10,368 [Worker-21: Building workspace] INFO  o.e.m.c.i.embedder.EclipseLogger - skip non existing resourceDirectory D:\Rays\Spring-WorkSpace\Spring-MVC\spring-mvc-simple\src\test\resources
2026-01-24 15:28:32,991 [Worker-17: Building workspace] INFO  o.e.m.c.i.embedder.EclipseLogger - Using 'UTF-8' encoding to copy filtered resources.
2026-01-24 15:28:32,992 [Worker-17: Building workspace] INFO  o.e.m.c.i.embedder.EclipseLogger - Copying 0 resource
2026-01-24 15:28:32,994 [Worker-17: Building workspace] INFO  o.e.m.c.i.embedder.EclipseLogger - Using 'UTF-8' encoding to copy filtered resources.
2026-01-24 15:28:32,995 [Worker-17: Building workspace] INFO  o.e.m.c.i.embedder.EclipseLogger - skip non existing resourceDirectory D:\Rays\Spring-WorkSpace\Spring-MVC\spring-mvc-simple\src\test\resources
2026-01-24 15:29:32,750 [Worker-21: Building workspace] INFO  o.e.m.c.i.embedder.EclipseLogger - Using 'UTF-8' encoding to copy filtered resources.
2026-01-24 15:29:32,751 [Worker-21: Building workspace] INFO  o.e.m.c.i.embedder.EclipseLogger - Copying 0 resource
2026-01-24 15:29:32,754 [Worker-21: Building workspace] INFO  o.e.m.c.i.embedder.EclipseLogger - Using 'UTF-8' encoding to copy filtered resources.
2026-01-24 15:29:32,755 [Worker-21: Building workspace] INFO  o.e.m.c.i.embedder.EclipseLogger - skip non existing resourceDirectory D:\Rays\Spring-WorkSpace\Spring-MVC\spring-mvc-simple\src\test\resources
2026-01-24 15:30:02,919 [Worker-21: Building workspace] INFO  o.e.m.c.i.embedder.EclipseLogger - Using 'UTF-8' encoding to copy filtered resources.
2026-01-24 15:30:02,920 [Worker-21: Building workspace] INFO  o.e.m.c.i.embedder.EclipseLogger - Copying 0 resource
2026-01-24 15:30:02,926 [Worker-21: Building workspace] INFO  o.e.m.c.i.embedder.EclipseLogger - Using 'UTF-8' encoding to copy filtered resources.
2026-01-24 15:30:02,927 [Worker-21: Building workspace] INFO  o.e.m.c.i.embedder.EclipseLogger - skip non existing resourceDirectory D:\Rays\Spring-WorkSpace\Spring-MVC\spring-mvc-simple\src\test\resources
2026-01-24 15:30:38,299 [Worker-14: Building workspace] INFO  o.e.m.c.i.embedder.EclipseLogger - Using 'UTF-8' encoding to copy filtered resources.
2026-01-24 15:30:38,300 [Worker-14: Building workspace] INFO  o.e.m.c.i.embedder.EclipseLogger - Copying 0 resource
2026-01-24 15:30:38,303 [Worker-14: Building workspace] INFO  o.e.m.c.i.embedder.EclipseLogger - Using 'UTF-8' encoding to copy filtered resources.
2026-01-24 15:30:38,303 [Worker-14: Building workspace] INFO  o.e.m.c.i.embedder.EclipseLogger - skip non existing resourceDirectory D:\Rays\Spring-WorkSpace\Spring-MVC\spring-mvc-simple\src\test\resources
2026-01-24 15:31:55,030 [Worker-22: Building workspace] INFO  o.e.m.c.i.embedder.EclipseLogger - Using 'UTF-8' encoding to copy filtered resources.
2026-01-24 15:31:55,032 [Worker-22: Building workspace] INFO  o.e.m.c.i.embedder.EclipseLogger - Copying 0 resource
2026-01-24 15:31:55,036 [Worker-22: Building workspace] INFO  o.e.m.c.i.embedder.EclipseLogger - Using 'UTF-8' encoding to copy filtered resources.
2026-01-24 15:31:55,037 [Worker-22: Building workspace] INFO  o.e.m.c.i.embedder.EclipseLogger - skip non existing resourceDirectory D:\Rays\Spring-WorkSpace\Spring-MVC\spring-mvc-simple\src\test\resources
2026-01-24 15:33:33,549 [Worker-17: Building workspace] INFO  o.e.m.c.i.embedder.EclipseLogger - Using 'UTF-8' encoding to copy filtered resources.
2026-01-24 15:33:33,550 [Worker-17: Building workspace] INFO  o.e.m.c.i.embedder.EclipseLogger - Copying 0 resource
2026-01-24 15:33:33,551 [Worker-17: Building workspace] INFO  o.e.m.c.i.embedder.EclipseLogger - Using 'UTF-8' encoding to copy filtered resources.
2026-01-24 15:33:33,552 [Worker-17: Building workspace] INFO  o.e.m.c.i.embedder.EclipseLogger - skip non existing resourceDirectory D:\Rays\Spring-WorkSpace\Spring-MVC\spring-mvc-simple\src\test\resources
2026-01-24 15:33:37,378 [Worker-23: Building workspace] INFO  o.e.m.c.i.embedder.EclipseLogger - Using 'UTF-8' encoding to copy filtered resources.
2026-01-24 15:33:37,379 [Worker-23: Building workspace] INFO  o.e.m.c.i.embedder.EclipseLogger - Copying 0 resource
2026-01-24 15:33:37,382 [Worker-23: Building workspace] INFO  o.e.m.c.i.embedder.EclipseLogger - Using 'UTF-8' encoding to copy filtered resources.
2026-01-24 15:33:37,382 [Worker-23: Building workspace] INFO  o.e.m.c.i.embedder.EclipseLogger - skip non existing resourceDirectory D:\Rays\Spring-WorkSpace\Spring-MVC\spring-mvc-simple\src\test\resources
2026-01-24 15:33:43,776 [Worker-21: Building workspace] INFO  o.e.m.c.i.embedder.EclipseLogger - Using 'UTF-8' encoding to copy filtered resources.
2026-01-24 15:33:43,777 [Worker-21: Building workspace] INFO  o.e.m.c.i.embedder.EclipseLogger - Copying 0 resource
2026-01-24 15:33:43,779 [Worker-21: Building workspace] INFO  o.e.m.c.i.embedder.EclipseLogger - Using 'UTF-8' encoding to copy filtered resources.
2026-01-24 15:33:43,780 [Worker-21: Building workspace] INFO  o.e.m.c.i.embedder.EclipseLogger - skip non existing resourceDirectory D:\Rays\Spring-WorkSpace\Spring-MVC\spring-mvc-simple\src\test\resources
2026-01-24 15:33:50,458 [Worker-22: Building workspace] INFO  o.e.m.c.i.embedder.EclipseLogger - Using 'UTF-8' encoding to copy filtered resources.
2026-01-24 15:33:50,459 [Worker-22: Building workspace] INFO  o.e.m.c.i.embedder.EclipseLogger - Copying 0 resource
2026-01-24 15:33:50,462 [Worker-22: Building workspace] INFO  o.e.m.c.i.embedder.EclipseLogger - Using 'UTF-8' encoding to copy filtered resources.
2026-01-24 15:33:50,462 [Worker-22: Building workspace] INFO  o.e.m.c.i.embedder.EclipseLogger - skip non existing resourceDirectory D:\Rays\Spring-WorkSpace\Spring-MVC\spring-mvc-simple\src\test\resources
2026-01-24 15:33:57,706 [Worker-21: Building workspace] INFO  o.e.m.c.i.embedder.EclipseLogger - Using 'UTF-8' encoding to copy filtered resources.
2026-01-24 15:33:57,706 [Worker-21: Building workspace] INFO  o.e.m.c.i.embedder.EclipseLogger - Copying 0 resource
2026-01-24 15:33:57,708 [Worker-21: Building workspace] INFO  o.e.m.c.i.embedder.EclipseLogger - Using 'UTF-8' encoding to copy filtered resources.
2026-01-24 15:33:57,709 [Worker-21: Building workspace] INFO  o.e.m.c.i.embedder.EclipseLogger - skip non existing resourceDirectory D:\Rays\Spring-WorkSpace\Spring-MVC\spring-mvc-simple\src\test\resources
2026-01-28 13:11:19,890 [Worker-0: Loading available Gradle versions] INFO  o.e.b.c.i.u.g.PublishedGradleVersions - Gradle version information cache is up-to-date. Trying to read.
2026-01-28 13:11:37,575 [Worker-10: Building workspace] INFO  o.e.m.c.i.embedder.EclipseLogger - Using 'UTF-8' encoding to copy filtered resources.
2026-01-28 13:11:37,596 [Worker-10: Building workspace] INFO  o.e.m.c.i.embedder.EclipseLogger - Copying 0 resource
2026-01-28 13:11:37,602 [Worker-10: Building workspace] INFO  o.e.m.c.i.embedder.EclipseLogger - Using 'UTF-8' encoding to copy filtered resources.
2026-01-28 13:11:37,602 [Worker-10: Building workspace] INFO  o.e.m.c.i.embedder.EclipseLogger - skip non existing resourceDirectory D:\Rays\Spring-WorkSpace\Spring-MVC\spring-mvc-simple\src\test\resources
2026-01-28 13:15:51,564 [Worker-6: Building workspace] INFO  o.e.m.c.i.embedder.EclipseLogger - Using 'UTF-8' encoding to copy filtered resources.
2026-01-28 13:15:51,798 [Worker-6: Building workspace] INFO  o.e.m.c.i.embedder.EclipseLogger - Copying 0 resource
2026-01-28 13:15:51,801 [Worker-6: Building workspace] INFO  o.e.m.c.i.embedder.EclipseLogger - Using 'UTF-8' encoding to copy filtered resources.
2026-01-28 13:15:51,801 [Worker-6: Building workspace] INFO  o.e.m.c.i.embedder.EclipseLogger - skip non existing resourceDirectory D:\Rays\Spring-WorkSpace\Spring-MVC\spring-mvc-simple\src\test\resources
2026-01-28 13:20:35,438 [Worker-19: Building workspace] INFO  o.e.m.c.i.embedder.EclipseLogger - Using 'UTF-8' encoding to copy filtered resources.
2026-01-28 13:20:35,440 [Worker-19: Building workspace] INFO  o.e.m.c.i.embedder.EclipseLogger - Copying 0 resource
2026-01-28 13:20:35,442 [Worker-19: Building workspace] INFO  o.e.m.c.i.embedder.EclipseLogger - Using 'UTF-8' encoding to copy filtered resources.
2026-01-28 13:20:35,442 [Worker-19: Building workspace] INFO  o.e.m.c.i.embedder.EclipseLogger - skip non existing resourceDirectory D:\Rays\Spring-WorkSpace\Spring-MVC\spring-mvc-simple\src\test\resources
2026-01-29 15:49:53,769 [Worker-4: Loading available Gradle versions] INFO  o.e.b.c.i.u.g.PublishedGradleVersions - Gradle version information cache is up-to-date. Trying to read.
2026-01-29 15:50:07,097 [Worker-6: Building workspace] INFO  o.e.m.c.i.embedder.EclipseLogger - Using 'UTF-8' encoding to copy filtered resources.
2026-01-29 15:50:07,129 [Worker-6: Building workspace] INFO  o.e.m.c.i.embedder.EclipseLogger - Copying 0 resource
2026-01-29 15:50:07,144 [Worker-6: Building workspace] INFO  o.e.m.c.i.embedder.EclipseLogger - Using 'UTF-8' encoding to copy filtered resources.
2026-01-29 15:50:07,144 [Worker-6: Building workspace] INFO  o.e.m.c.i.embedder.EclipseLogger - skip non existing resourceDirectory D:\Rays\Spring-WorkSpace\Spring-MVC\spring-mvc-simple\src\test\resources
2026-01-29 15:52:40,472 [Worker-4: Building workspace] INFO  o.e.m.c.i.embedder.EclipseLogger - Using 'UTF-8' encoding to copy filtered resources.
2026-01-29 15:52:40,472 [Worker-4: Building workspace] INFO  o.e.m.c.i.embedder.EclipseLogger - Copying 0 resource
2026-01-29 15:52:40,472 [Worker-4: Building workspace] INFO  o.e.m.c.i.embedder.EclipseLogger - Using 'UTF-8' encoding to copy filtered resources.
2026-01-29 15:52:40,472 [Worker-4: Building workspace] INFO  o.e.m.c.i.embedder.EclipseLogger - skip non existing resourceDirectory D:\Rays\Spring-WorkSpace\Spring-MVC\spring-mvc-simple\src\test\resources
2026-01-29 15:53:04,788 [Worker-8: Building workspace] INFO  o.e.m.c.i.embedder.EclipseLogger - Using 'UTF-8' encoding to copy filtered resources.
2026-01-29 15:53:04,788 [Worker-8: Building workspace] INFO  o.e.m.c.i.embedder.EclipseLogger - Copying 0 resource
2026-01-29 15:53:04,788 [Worker-8: Building workspace] INFO  o.e.m.c.i.embedder.EclipseLogger - Using 'UTF-8' encoding to copy filtered resources.
2026-01-29 15:53:04,788 [Worker-8: Building workspace] INFO  o.e.m.c.i.embedder.EclipseLogger - skip non existing resourceDirectory D:\Rays\Spring-WorkSpace\Spring-MVC\spring-mvc-simple\src\test\resources
2026-01-29 15:58:36,402 [Worker-18: Building workspace] INFO  o.e.m.c.i.embedder.EclipseLogger - Using 'UTF-8' encoding to copy filtered resources.
2026-01-29 15:58:36,402 [Worker-18: Building workspace] INFO  o.e.m.c.i.embedder.EclipseLogger - Copying 0 resource
2026-01-29 15:58:36,402 [Worker-18: Building workspace] INFO  o.e.m.c.i.embedder.EclipseLogger - Using 'UTF-8' encoding to copy filtered resources.
2026-01-29 15:58:36,402 [Worker-18: Building workspace] INFO  o.e.m.c.i.embedder.EclipseLogger - skip non existing resourceDirectory D:\Rays\Spring-WorkSpace\Spring-MVC\spring-mvc-simple\src\test\resources
2026-01-29 15:59:05,619 [Worker-18: Building workspace] INFO  o.e.m.c.i.embedder.EclipseLogger - Using 'UTF-8' encoding to copy filtered resources.
2026-01-29 15:59:05,619 [Worker-18: Building workspace] INFO  o.e.m.c.i.embedder.EclipseLogger - Copying 0 resource
2026-01-29 15:59:05,619 [Worker-18: Building workspace] INFO  o.e.m.c.i.embedder.EclipseLogger - Using 'UTF-8' encoding to copy filtered resources.
2026-01-29 15:59:05,619 [Worker-18: Building workspace] INFO  o.e.m.c.i.embedder.EclipseLogger - skip non existing resourceDirectory D:\Rays\Spring-WorkSpace\Spring-MVC\spring-mvc-simple\src\test\resources
2026-01-29 16:02:11,802 [Worker-21: Building workspace] INFO  o.e.m.c.i.embedder.EclipseLogger - Using 'UTF-8' encoding to copy filtered resources.
2026-01-29 16:02:12,177 [Worker-21: Building workspace] INFO  o.e.m.c.i.embedder.EclipseLogger - Copying 0 resource
2026-01-29 16:02:12,239 [Worker-21: Building workspace] INFO  o.e.m.c.i.embedder.EclipseLogger - Using 'UTF-8' encoding to copy filtered resources.
2026-01-29 16:02:12,239 [Worker-21: Building workspace] INFO  o.e.m.c.i.embedder.EclipseLogger - skip non existing resourceDirectory D:\Rays\Spring-WorkSpace\Spring-MVC\spring-mvc-simple\src\test\resources
2026-01-29 16:03:16,282 [Worker-23: Building workspace] INFO  o.e.m.c.i.embedder.EclipseLogger - Using 'UTF-8' encoding to copy filtered resources.
2026-01-29 16:03:16,282 [Worker-23: Building workspace] INFO  o.e.m.c.i.embedder.EclipseLogger - Copying 0 resource
2026-01-29 16:03:16,282 [Worker-23: Building workspace] INFO  o.e.m.c.i.embedder.EclipseLogger - Using 'UTF-8' encoding to copy filtered resources.
2026-01-29 16:03:16,282 [Worker-23: Building workspace] INFO  o.e.m.c.i.embedder.EclipseLogger - skip non existing resourceDirectory D:\Rays\Spring-WorkSpace\Spring-MVC\spring-mvc-simple\src\test\resources
2026-01-29 16:05:32,639 [Worker-21: Building workspace] INFO  o.e.m.c.i.embedder.EclipseLogger - Using 'UTF-8' encoding to copy filtered resources.
2026-01-29 16:05:32,639 [Worker-21: Building workspace] INFO  o.e.m.c.i.embedder.EclipseLogger - Copying 0 resource
2026-01-29 16:05:32,655 [Worker-21: Building workspace] INFO  o.e.m.c.i.embedder.EclipseLogger - Using 'UTF-8' encoding to copy filtered resources.
2026-01-29 16:05:32,655 [Worker-21: Building workspace] INFO  o.e.m.c.i.embedder.EclipseLogger - skip non existing resourceDirectory D:\Rays\Spring-WorkSpace\Spring-MVC\spring-mvc-simple\src\test\resources
2026-01-29 16:13:28,729 [Worker-30: Building workspace] INFO  o.e.m.c.i.embedder.EclipseLogger - Using 'UTF-8' encoding to copy filtered resources.
2026-01-29 16:13:28,729 [Worker-30: Building workspace] INFO  o.e.m.c.i.embedder.EclipseLogger - Copying 0 resource
2026-01-29 16:13:28,729 [Worker-30: Building workspace] INFO  o.e.m.c.i.embedder.EclipseLogger - Using 'UTF-8' encoding to copy filtered resources.
2026-01-29 16:13:28,729 [Worker-30: Building workspace] INFO  o.e.m.c.i.embedder.EclipseLogger - skip non existing resourceDirectory D:\Rays\Spring-WorkSpace\Spring-MVC\spring-mvc-simple\src\test\resources
2026-01-29 16:31:12,979 [Worker-32: Cleaning all projects] INFO  o.e.m.w.i.f.ResourceFilteringBuildParticipant - Cleaning filtered folder for spring-mvc-simple
2026-01-29 16:31:14,214 [Worker-33: Building workspace] INFO  o.e.m.c.i.embedder.EclipseLogger - Using 'UTF-8' encoding to copy filtered resources.
2026-01-29 16:31:14,229 [Worker-33: Building workspace] INFO  o.e.m.c.i.embedder.EclipseLogger - Copying 0 resource
2026-01-29 16:31:14,229 [Worker-33: Building workspace] INFO  o.e.m.c.i.embedder.EclipseLogger - Using 'UTF-8' encoding to copy filtered resources.
2026-01-29 16:31:14,229 [Worker-33: Building workspace] INFO  o.e.m.c.i.embedder.EclipseLogger - skip non existing resourceDirectory D:\Rays\Spring-WorkSpace\Spring-MVC\spring-mvc-simple\src\test\resources
2026-01-29 16:31:14,229 [Worker-33: Building workspace] INFO  o.e.m.w.i.f.ResourceFilteringBuildParticipant - Changed resources require a complete clean of filtered resources of spring-mvc-simple
2026-01-29 16:31:14,308 [Worker-33: Building workspace] INFO  o.e.m.w.i.f.ResourceFilteringBuildParticipant - Executing resource filtering for spring-mvc-simple
2026-01-29 16:31:14,808 [Worker-33: Building workspace] INFO  o.e.m.c.i.embedder.EclipseLogger - Using 'UTF-8' encoding to copy filtered resources.
2026-01-29 16:31:52,445 [Worker-32: Updating Maven Project] INFO  o.e.m.c.i.p.ProjectConfigurationManager - Update started
2026-01-29 16:31:54,695 [Worker-32: Updating Maven Project] INFO  o.e.m.c.i.l.LifecycleMappingFactory - Using org.maven.ide.eclipse.wtp.WarLifecycleMapping lifecycle mapping for MavenProject: com.rays:spring-mvc-simple:0.0.1-SNAPSHOT @ D:\Rays\Spring-WorkSpace\Spring-MVC\spring-mvc-simple\pom.xml.
2026-01-29 16:31:58,570 [Worker-32: Updating Maven Project] INFO  o.e.m.j.i.AbstractJavaProjectConfigurator - Adding source folder /spring-mvc-simple/src/main/java
2026-01-29 16:31:58,570 [Worker-32: Updating Maven Project] INFO  o.e.m.j.i.AbstractJavaProjectConfigurator - Adding resource folder /spring-mvc-simple/src/main/resources
2026-01-29 16:31:58,570 [Worker-32: Updating Maven Project] INFO  o.e.m.j.i.AbstractJavaProjectConfigurator - Adding source folder /spring-mvc-simple/src/test/java
2026-01-29 16:32:01,507 [Worker-32: Updating Maven Project] INFO  o.e.m.w.i.f.ResourceFilteringBuildParticipant - Cleaning filtered folder for spring-mvc-simple
2026-01-29 16:32:01,507 [Worker-32: Updating Maven Project] INFO  o.e.m.c.i.p.ProjectConfigurationManager - Update completed: 9 sec
2026-01-29 16:32:04,179 [Worker-38: Building workspace] INFO  o.e.m.c.i.embedder.EclipseLogger - Using 'UTF-8' encoding to copy filtered resources.
2026-01-29 16:32:04,179 [Worker-38: Building workspace] INFO  o.e.m.c.i.embedder.EclipseLogger - Copying 0 resource
2026-01-29 16:32:04,179 [Worker-38: Building workspace] INFO  o.e.m.c.i.embedder.EclipseLogger - Using 'UTF-8' encoding to copy filtered resources.
2026-01-29 16:32:04,195 [Worker-38: Building workspace] INFO  o.e.m.c.i.embedder.EclipseLogger - skip non existing resourceDirectory D:\Rays\Spring-WorkSpace\Spring-MVC\spring-mvc-simple\src\test\resources
2026-01-29 16:32:04,195 [Worker-38: Building workspace] INFO  o.e.m.w.i.f.ResourceFilteringBuildParticipant - Changed resources require a complete clean of filtered resources of spring-mvc-simple
2026-01-29 16:32:04,195 [Worker-38: Building workspace] INFO  o.e.m.w.i.f.ResourceFilteringBuildParticipant - Executing resource filtering for spring-mvc-simple
2026-01-29 16:32:04,195 [Worker-38: Building workspace] INFO  o.e.m.c.i.embedder.EclipseLogger - Using 'UTF-8' encoding to copy filtered resources.
2026-01-29 16:40:54,415 [Worker-35: Building workspace] INFO  o.e.m.c.i.embedder.EclipseLogger - Using 'UTF-8' encoding to copy filtered resources.
2026-01-29 16:40:54,415 [Worker-35: Building workspace] INFO  o.e.m.c.i.embedder.EclipseLogger - Copying 0 resource
2026-01-29 16:40:54,415 [Worker-35: Building workspace] INFO  o.e.m.c.i.embedder.EclipseLogger - Using 'UTF-8' encoding to copy filtered resources.
2026-01-29 16:40:54,415 [Worker-35: Building workspace] INFO  o.e.m.c.i.embedder.EclipseLogger - skip non existing resourceDirectory D:\Rays\Spring-WorkSpace\Spring-MVC\spring-mvc-simple\src\test\resources
2026-01-29 16:41:09,994 [Worker-37: Cleaning all projects] INFO  o.e.m.w.i.f.ResourceFilteringBuildParticipant - Cleaning filtered folder for spring-mvc-simple
2026-01-29 16:41:10,353 [Worker-46: Building workspace] INFO  o.e.m.c.i.embedder.EclipseLogger - Using 'UTF-8' encoding to copy filtered resources.
2026-01-29 16:41:10,353 [Worker-46: Building workspace] INFO  o.e.m.c.i.embedder.EclipseLogger - Copying 0 resource
2026-01-29 16:41:10,353 [Worker-46: Building workspace] INFO  o.e.m.c.i.embedder.EclipseLogger - Using 'UTF-8' encoding to copy filtered resources.
2026-01-29 16:41:10,353 [Worker-46: Building workspace] INFO  o.e.m.c.i.embedder.EclipseLogger - skip non existing resourceDirectory D:\Rays\Spring-WorkSpace\Spring-MVC\spring-mvc-simple\src\test\resources
2026-01-29 16:41:10,353 [Worker-46: Building workspace] INFO  o.e.m.w.i.f.ResourceFilteringBuildParticipant - Changed resources require a complete clean of filtered resources of spring-mvc-simple
2026-01-29 16:41:10,353 [Worker-46: Building workspace] INFO  o.e.m.w.i.f.ResourceFilteringBuildParticipant - Executing resource filtering for spring-mvc-simple
2026-01-29 16:41:10,478 [Worker-46: Building workspace] INFO  o.e.m.c.i.embedder.EclipseLogger - Using 'UTF-8' encoding to copy filtered resources.
2026-01-29 16:45:55,364 [Worker-37: Building workspace] INFO  o.e.m.c.i.embedder.EclipseLogger - Using 'UTF-8' encoding to copy filtered resources.
2026-01-29 16:45:55,364 [Worker-37: Building workspace] INFO  o.e.m.c.i.embedder.EclipseLogger - Copying 0 resource
2026-01-29 16:45:55,380 [Worker-37: Building workspace] INFO  o.e.m.c.i.embedder.EclipseLogger - Using 'UTF-8' encoding to copy filtered resources.
2026-01-29 16:45:55,380 [Worker-37: Building workspace] INFO  o.e.m.c.i.embedder.EclipseLogger - skip non existing resourceDirectory D:\Rays\Spring-WorkSpace\Spring-MVC\spring-mvc-simple\src\test\resources
2026-01-29 17:01:09,294 [Worker-56: Building workspace] INFO  o.e.m.c.i.embedder.EclipseLogger - Using 'UTF-8' encoding to copy filtered resources.
2026-01-29 17:01:09,310 [Worker-56: Building workspace] INFO  o.e.m.c.i.embedder.EclipseLogger - Copying 0 resource
2026-01-29 17:01:09,310 [Worker-56: Building workspace] INFO  o.e.m.c.i.embedder.EclipseLogger - Using 'UTF-8' encoding to copy filtered resources.
2026-01-29 17:01:09,310 [Worker-56: Building workspace] INFO  o.e.m.c.i.embedder.EclipseLogger - skip non existing resourceDirectory D:\Rays\Spring-WorkSpace\Spring-MVC\spring-mvc-simple\src\test\resources
2026-01-31 13:42:19,397 [Worker-1: Loading available Gradle versions] INFO  o.e.b.c.i.u.g.PublishedGradleVersions - Gradle version information cache is out-of-date. Trying to update.
2026-01-31 13:42:35,715 [Worker-11: Building workspace] INFO  o.e.m.c.i.embedder.EclipseLogger - Using 'UTF-8' encoding to copy filtered resources.
2026-01-31 13:42:35,751 [Worker-11: Building workspace] INFO  o.e.m.c.i.embedder.EclipseLogger - Copying 0 resource
2026-01-31 13:42:35,756 [Worker-11: Building workspace] INFO  o.e.m.c.i.embedder.EclipseLogger - Using 'UTF-8' encoding to copy filtered resources.
2026-01-31 13:42:35,756 [Worker-11: Building workspace] INFO  o.e.m.c.i.embedder.EclipseLogger - skip non existing resourceDirectory D:\Rays\Spring-WorkSpace\Spring-MVC\spring-mvc-simple\src\test\resources
2026-01-31 13:46:29,881 [Worker-15: Creating maven-archetype-webapp] INFO  o.e.m.c.i.p.ProjectConfigurationManager - Collecting project info '/pom.xml' D:\Rays\Spring-WorkSpace\Spring-MVC\spring-mvc-tiles\pom.xml
2026-01-31 13:46:36,592 [Worker-15: Creating maven-archetype-webapp] INFO  o.e.m.c.i.l.LifecycleMappingFactory - Using org.maven.ide.eclipse.wtp.WarLifecycleMapping lifecycle mapping for MavenProject: com.rays:spring-mvc-tiles:0.0.1-SNAPSHOT @ D:\Rays\Spring-WorkSpace\Spring-MVC\spring-mvc-tiles\pom.xml.
2026-01-31 13:46:38,644 [Worker-15: Creating maven-archetype-webapp] INFO  o.e.m.j.i.AbstractJavaProjectConfigurator - Adding source folder /spring-mvc-tiles/src/main/java
2026-01-31 13:46:38,645 [Worker-15: Creating maven-archetype-webapp] INFO  o.e.m.j.i.AbstractJavaProjectConfigurator - Adding resource folder /spring-mvc-tiles/src/main/resources
2026-01-31 13:46:38,646 [Worker-15: Creating maven-archetype-webapp] INFO  o.e.m.j.i.AbstractJavaProjectConfigurator - Adding source folder /spring-mvc-tiles/src/test/java
2026-01-31 13:46:43,137 [Worker-15: Creating maven-archetype-webapp] INFO  o.e.m.c.i.p.ProjectConfigurationManager - Imported and configured 1 project(s) in 12 sec
2026-01-31 13:46:44,367 [Worker-18: Building workspace] WARN  o.e.m.c.i.embedder.EclipseLogger - Using platform encoding (Cp1252 actually) to copy filtered resources, i.e. build is platform dependent!
2026-01-31 13:46:44,382 [Worker-18: Building workspace] INFO  o.e.m.c.i.embedder.EclipseLogger - Copying 0 resource
2026-01-31 13:46:44,386 [Worker-18: Building workspace] WARN  o.e.m.c.i.embedder.EclipseLogger - Using platform encoding (Cp1252 actually) to copy filtered resources, i.e. build is platform dependent!
2026-01-31 13:46:44,388 [Worker-18: Building workspace] INFO  o.e.m.c.i.embedder.EclipseLogger - skip non existing resourceDirectory D:\Rays\Spring-WorkSpace\Spring-MVC\spring-mvc-tiles\src\test\resources
2026-01-31 13:47:26,121 [Worker-18: Building workspace] WARN  o.e.m.c.i.embedder.EclipseLogger - Using platform encoding (Cp1252 actually) to copy filtered resources, i.e. build is platform dependent!
2026-01-31 13:47:26,126 [Worker-18: Building workspace] INFO  o.e.m.c.i.embedder.EclipseLogger - Copying 0 resource
2026-01-31 13:47:26,128 [Worker-18: Building workspace] WARN  o.e.m.c.i.embedder.EclipseLogger - Using platform encoding (Cp1252 actually) to copy filtered resources, i.e. build is platform dependent!
2026-01-31 13:47:26,129 [Worker-18: Building workspace] INFO  o.e.m.c.i.embedder.EclipseLogger - skip non existing resourceDirectory D:\Rays\Spring-WorkSpace\Spring-MVC\spring-mvc-tiles\src\test\resources
2026-01-31 13:48:22,610 [Worker-15: Building workspace] INFO  o.e.m.c.i.l.LifecycleMappingFactory - Using org.maven.ide.eclipse.wtp.WarLifecycleMapping lifecycle mapping for MavenProject: com.rays:spring-mvc-simple:0.0.1-SNAPSHOT @ D:\Rays\Spring-WorkSpace\Spring-MVC\spring-mvc-tiles\pom.xml.
2026-01-31 13:48:29,096 [Worker-15: Building workspace] INFO  o.e.m.c.i.embedder.EclipseLogger - Using 'UTF-8' encoding to copy filtered resources.
2026-01-31 13:48:29,097 [Worker-15: Building workspace] INFO  o.e.m.c.i.embedder.EclipseLogger - Copying 0 resource
2026-01-31 13:48:29,101 [Worker-15: Building workspace] INFO  o.e.m.c.i.embedder.EclipseLogger - Using 'UTF-8' encoding to copy filtered resources.
2026-01-31 13:48:29,101 [Worker-15: Building workspace] INFO  o.e.m.c.i.embedder.EclipseLogger - skip non existing resourceDirectory D:\Rays\Spring-WorkSpace\Spring-MVC\spring-mvc-tiles\src\test\resources
2026-01-31 13:48:29,102 [Worker-15: Building workspace] INFO  o.e.m.w.i.f.ResourceFilteringBuildParticipant - Changed resources require a complete clean of filtered resources of spring-mvc-tiles
2026-01-31 13:48:29,128 [Worker-15: Building workspace] INFO  o.e.m.w.i.f.ResourceFilteringBuildParticipant - Executing resource filtering for spring-mvc-tiles
2026-01-31 13:48:29,146 [Worker-15: Building workspace] INFO  o.e.m.c.i.embedder.EclipseLogger - Using 'UTF-8' encoding to copy filtered resources.
2026-01-31 13:48:32,697 [Worker-17: Building workspace] INFO  o.e.m.c.i.embedder.EclipseLogger - Using 'UTF-8' encoding to copy filtered resources.
2026-01-31 13:48:32,697 [Worker-17: Building workspace] INFO  o.e.m.c.i.embedder.EclipseLogger - Copying 0 resource
2026-01-31 13:48:32,700 [Worker-17: Building workspace] INFO  o.e.m.c.i.embedder.EclipseLogger - Using 'UTF-8' encoding to copy filtered resources.
2026-01-31 13:48:32,700 [Worker-17: Building workspace] INFO  o.e.m.c.i.embedder.EclipseLogger - skip non existing resourceDirectory D:\Rays\Spring-WorkSpace\Spring-MVC\spring-mvc-tiles\src\test\resources
2026-01-31 13:48:58,085 [Worker-20: Building workspace] INFO  o.e.m.c.i.embedder.EclipseLogger - Using 'UTF-8' encoding to copy filtered resources.
2026-01-31 13:48:58,086 [Worker-20: Building workspace] INFO  o.e.m.c.i.embedder.EclipseLogger - Copying 0 resource
2026-01-31 13:48:58,088 [Worker-20: Building workspace] INFO  o.e.m.c.i.embedder.EclipseLogger - Using 'UTF-8' encoding to copy filtered resources.
2026-01-31 13:48:58,089 [Worker-20: Building workspace] INFO  o.e.m.c.i.embedder.EclipseLogger - skip non existing resourceDirectory D:\Rays\Spring-WorkSpace\Spring-MVC\spring-mvc-tiles\src\test\resources
2026-01-31 13:50:06,138 [Worker-20: Building workspace] INFO  o.e.m.c.i.embedder.EclipseLogger - Using 'UTF-8' encoding to copy filtered resources.
2026-01-31 13:50:06,138 [Worker-20: Building workspace] INFO  o.e.m.c.i.embedder.EclipseLogger - Copying 0 resource
2026-01-31 13:50:06,140 [Worker-20: Building workspace] INFO  o.e.m.c.i.embedder.EclipseLogger - Using 'UTF-8' encoding to copy filtered resources.
2026-01-31 13:50:06,141 [Worker-20: Building workspace] INFO  o.e.m.c.i.embedder.EclipseLogger - skip non existing resourceDirectory D:\Rays\Spring-WorkSpace\Spring-MVC\spring-mvc-tiles\src\test\resources
2026-01-31 13:51:09,055 [Worker-20: Building workspace] INFO  o.e.m.c.i.embedder.EclipseLogger - Using 'UTF-8' encoding to copy filtered resources.
2026-01-31 13:51:09,056 [Worker-20: Building workspace] INFO  o.e.m.c.i.embedder.EclipseLogger - Copying 0 resource
2026-01-31 13:51:09,058 [Worker-20: Building workspace] INFO  o.e.m.c.i.embedder.EclipseLogger - Using 'UTF-8' encoding to copy filtered resources.
2026-01-31 13:51:09,059 [Worker-20: Building workspace] INFO  o.e.m.c.i.embedder.EclipseLogger - skip non existing resourceDirectory D:\Rays\Spring-WorkSpace\Spring-MVC\spring-mvc-tiles\src\test\resources
2026-01-31 13:51:43,166 [Worker-15: Building workspace] INFO  o.e.m.c.i.embedder.EclipseLogger - Using 'UTF-8' encoding to copy filtered resources.
2026-01-31 13:51:43,167 [Worker-15: Building workspace] INFO  o.e.m.c.i.embedder.EclipseLogger - Copying 0 resource
2026-01-31 13:51:43,169 [Worker-15: Building workspace] INFO  o.e.m.c.i.embedder.EclipseLogger - Using 'UTF-8' encoding to copy filtered resources.
2026-01-31 13:51:43,169 [Worker-15: Building workspace] INFO  o.e.m.c.i.embedder.EclipseLogger - skip non existing resourceDirectory D:\Rays\Spring-WorkSpace\Spring-MVC\spring-mvc-tiles\src\test\resources
2026-01-31 13:51:55,058 [Worker-18: Building workspace] INFO  o.e.m.c.i.embedder.EclipseLogger - Using 'UTF-8' encoding to copy filtered resources.
2026-01-31 13:51:55,059 [Worker-18: Building workspace] INFO  o.e.m.c.i.embedder.EclipseLogger - Copying 0 resource
2026-01-31 13:51:55,061 [Worker-18: Building workspace] INFO  o.e.m.c.i.embedder.EclipseLogger - Using 'UTF-8' encoding to copy filtered resources.
2026-01-31 13:51:55,061 [Worker-18: Building workspace] INFO  o.e.m.c.i.embedder.EclipseLogger - skip non existing resourceDirectory D:\Rays\Spring-WorkSpace\Spring-MVC\spring-mvc-tiles\src\test\resources
2026-01-31 13:52:31,627 [Worker-21: Building workspace] INFO  o.e.m.c.i.embedder.EclipseLogger - Using 'UTF-8' encoding to copy filtered resources.
2026-01-31 13:52:31,628 [Worker-21: Building workspace] INFO  o.e.m.c.i.embedder.EclipseLogger - Copying 0 resource
2026-01-31 13:52:31,630 [Worker-21: Building workspace] INFO  o.e.m.c.i.embedder.EclipseLogger - Using 'UTF-8' encoding to copy filtered resources.
2026-01-31 13:52:31,630 [Worker-21: Building workspace] INFO  o.e.m.c.i.embedder.EclipseLogger - skip non existing resourceDirectory D:\Rays\Spring-WorkSpace\Spring-MVC\spring-mvc-tiles\src\test\resources
2026-01-31 13:52:46,721 [Worker-21: Building workspace] INFO  o.e.m.c.i.embedder.EclipseLogger - Using 'UTF-8' encoding to copy filtered resources.
2026-01-31 13:52:46,722 [Worker-21: Building workspace] INFO  o.e.m.c.i.embedder.EclipseLogger - Copying 0 resource
2026-01-31 13:52:46,724 [Worker-21: Building workspace] INFO  o.e.m.c.i.embedder.EclipseLogger - Using 'UTF-8' encoding to copy filtered resources.
2026-01-31 13:52:46,724 [Worker-21: Building workspace] INFO  o.e.m.c.i.embedder.EclipseLogger - skip non existing resourceDirectory D:\Rays\Spring-WorkSpace\Spring-MVC\spring-mvc-tiles\src\test\resources
2026-01-31 13:54:34,543 [Worker-18: Building workspace] INFO  o.e.m.c.i.embedder.EclipseLogger - Using 'UTF-8' encoding to copy filtered resources.
2026-01-31 13:54:34,544 [Worker-18: Building workspace] INFO  o.e.m.c.i.embedder.EclipseLogger - Copying 0 resource
2026-01-31 13:54:34,549 [Worker-18: Building workspace] INFO  o.e.m.c.i.embedder.EclipseLogger - Using 'UTF-8' encoding to copy filtered resources.
2026-01-31 13:54:34,550 [Worker-18: Building workspace] INFO  o.e.m.c.i.embedder.EclipseLogger - skip non existing resourceDirectory D:\Rays\Spring-WorkSpace\Spring-MVC\spring-mvc-tiles\src\test\resources
2026-01-31 13:54:47,602 [Worker-22: Building workspace] INFO  o.e.m.c.i.embedder.EclipseLogger - Using 'UTF-8' encoding to copy filtered resources.
2026-01-31 13:54:47,603 [Worker-22: Building workspace] INFO  o.e.m.c.i.embedder.EclipseLogger - Copying 0 resource
2026-01-31 13:54:47,604 [Worker-22: Building workspace] INFO  o.e.m.c.i.embedder.EclipseLogger - Using 'UTF-8' encoding to copy filtered resources.
2026-01-31 13:54:47,605 [Worker-22: Building workspace] INFO  o.e.m.c.i.embedder.EclipseLogger - skip non existing resourceDirectory D:\Rays\Spring-WorkSpace\Spring-MVC\spring-mvc-tiles\src\test\resources
2026-01-31 13:54:53,163 [Worker-23: Building workspace] INFO  o.e.m.c.i.embedder.EclipseLogger - Using 'UTF-8' encoding to copy filtered resources.
2026-01-31 13:54:53,164 [Worker-23: Building workspace] INFO  o.e.m.c.i.embedder.EclipseLogger - Copying 0 resource
2026-01-31 13:54:53,165 [Worker-23: Building workspace] INFO  o.e.m.c.i.embedder.EclipseLogger - Using 'UTF-8' encoding to copy filtered resources.
2026-01-31 13:54:53,165 [Worker-23: Building workspace] INFO  o.e.m.c.i.embedder.EclipseLogger - skip non existing resourceDirectory D:\Rays\Spring-WorkSpace\Spring-MVC\spring-mvc-tiles\src\test\resources
2026-01-31 13:55:01,975 [Worker-23: Building workspace] INFO  o.e.m.c.i.embedder.EclipseLogger - Using 'UTF-8' encoding to copy filtered resources.
2026-01-31 13:55:01,975 [Worker-23: Building workspace] INFO  o.e.m.c.i.embedder.EclipseLogger - Copying 0 resource
2026-01-31 13:55:01,978 [Worker-23: Building workspace] INFO  o.e.m.c.i.embedder.EclipseLogger - Using 'UTF-8' encoding to copy filtered resources.
2026-01-31 13:55:01,978 [Worker-23: Building workspace] INFO  o.e.m.c.i.embedder.EclipseLogger - skip non existing resourceDirectory D:\Rays\Spring-WorkSpace\Spring-MVC\spring-mvc-tiles\src\test\resources
2026-01-31 13:55:34,477 [Worker-25: Building workspace] INFO  o.e.m.c.i.embedder.EclipseLogger - Using 'UTF-8' encoding to copy filtered resources.
2026-01-31 13:55:34,478 [Worker-25: Building workspace] INFO  o.e.m.c.i.embedder.EclipseLogger - Copying 0 resource
2026-01-31 13:55:34,480 [Worker-25: Building workspace] INFO  o.e.m.c.i.embedder.EclipseLogger - Using 'UTF-8' encoding to copy filtered resources.
2026-01-31 13:55:34,480 [Worker-25: Building workspace] INFO  o.e.m.c.i.embedder.EclipseLogger - skip non existing resourceDirectory D:\Rays\Spring-WorkSpace\Spring-MVC\spring-mvc-tiles\src\test\resources
2026-01-31 13:55:42,943 [Worker-24: Building workspace] INFO  o.e.m.c.i.embedder.EclipseLogger - Using 'UTF-8' encoding to copy filtered resources.
2026-01-31 13:55:42,944 [Worker-24: Building workspace] INFO  o.e.m.c.i.embedder.EclipseLogger - Copying 0 resource
2026-01-31 13:55:42,945 [Worker-24: Building workspace] INFO  o.e.m.c.i.embedder.EclipseLogger - Using 'UTF-8' encoding to copy filtered resources.
2026-01-31 13:55:42,946 [Worker-24: Building workspace] INFO  o.e.m.c.i.embedder.EclipseLogger - skip non existing resourceDirectory D:\Rays\Spring-WorkSpace\Spring-MVC\spring-mvc-tiles\src\test\resources
2026-01-31 13:55:56,945 [Worker-28: Building workspace] INFO  o.e.m.c.i.embedder.EclipseLogger - Using 'UTF-8' encoding to copy filtered resources.
2026-01-31 13:55:56,945 [Worker-28: Building workspace] INFO  o.e.m.c.i.embedder.EclipseLogger - Copying 0 resource
2026-01-31 13:55:56,948 [Worker-28: Building workspace] INFO  o.e.m.c.i.embedder.EclipseLogger - Using 'UTF-8' encoding to copy filtered resources.
2026-01-31 13:55:56,948 [Worker-28: Building workspace] INFO  o.e.m.c.i.embedder.EclipseLogger - skip non existing resourceDirectory D:\Rays\Spring-WorkSpace\Spring-MVC\spring-mvc-tiles\src\test\resources
2026-01-31 13:56:30,354 [Worker-19: Building workspace] INFO  o.e.m.c.i.embedder.EclipseLogger - Using 'UTF-8' encoding to copy filtered resources.
2026-01-31 13:56:30,354 [Worker-19: Building workspace] INFO  o.e.m.c.i.embedder.EclipseLogger - Copying 0 resource
2026-01-31 13:56:30,357 [Worker-19: Building workspace] INFO  o.e.m.c.i.embedder.EclipseLogger - Using 'UTF-8' encoding to copy filtered resources.
2026-01-31 13:56:30,357 [Worker-19: Building workspace] INFO  o.e.m.c.i.embedder.EclipseLogger - skip non existing resourceDirectory D:\Rays\Spring-WorkSpace\Spring-MVC\spring-mvc-tiles\src\test\resources
2026-01-31 13:56:46,303 [Worker-22: Building workspace] INFO  o.e.m.c.i.embedder.EclipseLogger - Using 'UTF-8' encoding to copy filtered resources.
2026-01-31 13:56:46,304 [Worker-22: Building workspace] INFO  o.e.m.c.i.embedder.EclipseLogger - Copying 0 resource
2026-01-31 13:56:46,305 [Worker-22: Building workspace] INFO  o.e.m.c.i.embedder.EclipseLogger - Using 'UTF-8' encoding to copy filtered resources.
2026-01-31 13:56:46,305 [Worker-22: Building workspace] INFO  o.e.m.c.i.embedder.EclipseLogger - skip non existing resourceDirectory D:\Rays\Spring-WorkSpace\Spring-MVC\spring-mvc-tiles\src\test\resources
2026-01-31 13:59:52,530 [Worker-23: Building workspace] INFO  o.e.m.c.i.embedder.EclipseLogger - Using 'UTF-8' encoding to copy filtered resources.
2026-01-31 13:59:52,530 [Worker-23: Building workspace] INFO  o.e.m.c.i.embedder.EclipseLogger - Copying 0 resource
2026-01-31 13:59:52,532 [Worker-23: Building workspace] INFO  o.e.m.c.i.embedder.EclipseLogger - Using 'UTF-8' encoding to copy filtered resources.
2026-01-31 13:59:52,533 [Worker-23: Building workspace] INFO  o.e.m.c.i.embedder.EclipseLogger - skip non existing resourceDirectory D:\Rays\Spring-WorkSpace\Spring-MVC\spring-mvc-tiles\src\test\resources
2026-01-31 14:00:21,312 [Worker-22: Building workspace] INFO  o.e.m.c.i.embedder.EclipseLogger - Using 'UTF-8' encoding to copy filtered resources.
2026-01-31 14:00:21,671 [Worker-22: Building workspace] INFO  o.e.m.c.i.embedder.EclipseLogger - Copying 0 resource
2026-01-31 14:00:21,671 [Worker-22: Building workspace] INFO  o.e.m.c.i.embedder.EclipseLogger - Using 'UTF-8' encoding to copy filtered resources.
2026-01-31 14:00:21,671 [Worker-22: Building workspace] INFO  o.e.m.c.i.embedder.EclipseLogger - skip non existing resourceDirectory D:\Rays\Spring-WorkSpace\Spring-MVC\spring-mvc-tiles\src\test\resources
2026-01-31 14:00:30,812 [Worker-30: Building workspace] INFO  o.e.m.c.i.embedder.EclipseLogger - Using 'UTF-8' encoding to copy filtered resources.
2026-01-31 14:00:30,812 [Worker-30: Building workspace] INFO  o.e.m.c.i.embedder.EclipseLogger - Copying 0 resource
2026-01-31 14:00:30,812 [Worker-30: Building workspace] INFO  o.e.m.c.i.embedder.EclipseLogger - Using 'UTF-8' encoding to copy filtered resources.
2026-01-31 14:00:30,812 [Worker-30: Building workspace] INFO  o.e.m.c.i.embedder.EclipseLogger - skip non existing resourceDirectory D:\Rays\Spring-WorkSpace\Spring-MVC\spring-mvc-tiles\src\test\resources
2026-01-31 14:00:47,099 [Worker-29: Building workspace] INFO  o.e.m.c.i.embedder.EclipseLogger - Using 'UTF-8' encoding to copy filtered resources.
2026-01-31 14:00:47,099 [Worker-29: Building workspace] INFO  o.e.m.c.i.embedder.EclipseLogger - Copying 0 resource
2026-01-31 14:00:47,114 [Worker-29: Building workspace] INFO  o.e.m.c.i.embedder.EclipseLogger - Using 'UTF-8' encoding to copy filtered resources.
2026-01-31 14:00:47,114 [Worker-29: Building workspace] INFO  o.e.m.c.i.embedder.EclipseLogger - skip non existing resourceDirectory D:\Rays\Spring-WorkSpace\Spring-MVC\spring-mvc-tiles\src\test\resources
2026-01-31 14:01:24,707 [Worker-29: Building workspace] INFO  o.e.m.c.i.embedder.EclipseLogger - Using 'UTF-8' encoding to copy filtered resources.
2026-01-31 14:01:24,707 [Worker-29: Building workspace] INFO  o.e.m.c.i.embedder.EclipseLogger - Copying 0 resource
2026-01-31 14:01:24,723 [Worker-29: Building workspace] INFO  o.e.m.c.i.embedder.EclipseLogger - Using 'UTF-8' encoding to copy filtered resources.
2026-01-31 14:01:24,723 [Worker-29: Building workspace] INFO  o.e.m.c.i.embedder.EclipseLogger - skip non existing resourceDirectory D:\Rays\Spring-WorkSpace\Spring-MVC\spring-mvc-tiles\src\test\resources
2026-01-31 14:01:31,691 [Worker-31: Building workspace] INFO  o.e.m.c.i.embedder.EclipseLogger - Using 'UTF-8' encoding to copy filtered resources.
2026-01-31 14:01:31,691 [Worker-31: Building workspace] INFO  o.e.m.c.i.embedder.EclipseLogger - Copying 0 resource
2026-01-31 14:01:31,691 [Worker-31: Building workspace] INFO  o.e.m.c.i.embedder.EclipseLogger - Using 'UTF-8' encoding to copy filtered resources.
2026-01-31 14:01:31,691 [Worker-31: Building workspace] INFO  o.e.m.c.i.embedder.EclipseLogger - skip non existing resourceDirectory D:\Rays\Spring-WorkSpace\Spring-MVC\spring-mvc-tiles\src\test\resources
2026-01-31 14:01:44,344 [Worker-24: Building workspace] INFO  o.e.m.c.i.embedder.EclipseLogger - Using 'UTF-8' encoding to copy filtered resources.
2026-01-31 14:01:44,344 [Worker-24: Building workspace] INFO  o.e.m.c.i.embedder.EclipseLogger - Copying 0 resource
2026-01-31 14:01:44,344 [Worker-24: Building workspace] INFO  o.e.m.c.i.embedder.EclipseLogger - Using 'UTF-8' encoding to copy filtered resources.
2026-01-31 14:01:44,344 [Worker-24: Building workspace] INFO  o.e.m.c.i.embedder.EclipseLogger - skip non existing resourceDirectory D:\Rays\Spring-WorkSpace\Spring-MVC\spring-mvc-tiles\src\test\resources
2026-01-31 14:03:01,793 [Worker-25: Building workspace] INFO  o.e.m.c.i.embedder.EclipseLogger - Using 'UTF-8' encoding to copy filtered resources.
2026-01-31 14:03:01,793 [Worker-25: Building workspace] INFO  o.e.m.c.i.embedder.EclipseLogger - Copying 0 resource
2026-01-31 14:03:01,809 [Worker-25: Building workspace] INFO  o.e.m.c.i.embedder.EclipseLogger - Using 'UTF-8' encoding to copy filtered resources.
2026-01-31 14:03:01,809 [Worker-25: Building workspace] INFO  o.e.m.c.i.embedder.EclipseLogger - skip non existing resourceDirectory D:\Rays\Spring-WorkSpace\Spring-MVC\spring-mvc-tiles\src\test\resources
2026-01-31 14:03:17,465 [Worker-22: Building workspace] INFO  o.e.m.c.i.embedder.EclipseLogger - Using 'UTF-8' encoding to copy filtered resources.
2026-01-31 14:03:17,481 [Worker-22: Building workspace] INFO  o.e.m.c.i.embedder.EclipseLogger - Copying 0 resource
2026-01-31 14:03:17,481 [Worker-22: Building workspace] INFO  o.e.m.c.i.embedder.EclipseLogger - Using 'UTF-8' encoding to copy filtered resources.
2026-01-31 14:03:17,481 [Worker-22: Building workspace] INFO  o.e.m.c.i.embedder.EclipseLogger - skip non existing resourceDirectory D:\Rays\Spring-WorkSpace\Spring-MVC\spring-mvc-tiles\src\test\resources
2026-01-31 14:03:23,778 [Worker-31: Building workspace] INFO  o.e.m.c.i.embedder.EclipseLogger - Using 'UTF-8' encoding to copy filtered resources.
2026-01-31 14:03:23,778 [Worker-31: Building workspace] INFO  o.e.m.c.i.embedder.EclipseLogger - Copying 0 resource
2026-01-31 14:03:23,778 [Worker-31: Building workspace] INFO  o.e.m.c.i.embedder.EclipseLogger - Using 'UTF-8' encoding to copy filtered resources.
2026-01-31 14:03:23,778 [Worker-31: Building workspace] INFO  o.e.m.c.i.embedder.EclipseLogger - skip non existing resourceDirectory D:\Rays\Spring-WorkSpace\Spring-MVC\spring-mvc-tiles\src\test\resources
2026-01-31 14:03:52,524 [Worker-26: Building workspace] INFO  o.e.m.c.i.embedder.EclipseLogger - Using 'UTF-8' encoding to copy filtered resources.
2026-01-31 14:03:52,524 [Worker-26: Building workspace] INFO  o.e.m.c.i.embedder.EclipseLogger - Copying 0 resource
2026-01-31 14:03:52,540 [Worker-26: Building workspace] INFO  o.e.m.c.i.embedder.EclipseLogger - Using 'UTF-8' encoding to copy filtered resources.
2026-01-31 14:03:52,540 [Worker-26: Building workspace] INFO  o.e.m.c.i.embedder.EclipseLogger - skip non existing resourceDirectory D:\Rays\Spring-WorkSpace\Spring-MVC\spring-mvc-tiles\src\test\resources
2026-01-31 14:03:57,368 [Worker-19: Building workspace] INFO  o.e.m.c.i.embedder.EclipseLogger - Using 'UTF-8' encoding to copy filtered resources.
2026-01-31 14:03:57,368 [Worker-19: Building workspace] INFO  o.e.m.c.i.embedder.EclipseLogger - Copying 0 resource
2026-01-31 14:03:57,384 [Worker-19: Building workspace] INFO  o.e.m.c.i.embedder.EclipseLogger - Using 'UTF-8' encoding to copy filtered resources.
2026-01-31 14:03:57,384 [Worker-19: Building workspace] INFO  o.e.m.c.i.embedder.EclipseLogger - skip non existing resourceDirectory D:\Rays\Spring-WorkSpace\Spring-MVC\spring-mvc-tiles\src\test\resources
2026-01-31 14:04:29,620 [Worker-28: Building workspace] INFO  o.e.m.c.i.embedder.EclipseLogger - Using 'UTF-8' encoding to copy filtered resources.
2026-01-31 14:04:29,620 [Worker-28: Building workspace] INFO  o.e.m.c.i.embedder.EclipseLogger - Copying 0 resource
2026-01-31 14:04:29,620 [Worker-28: Building workspace] INFO  o.e.m.c.i.embedder.EclipseLogger - Using 'UTF-8' encoding to copy filtered resources.
2026-01-31 14:04:29,620 [Worker-28: Building workspace] INFO  o.e.m.c.i.embedder.EclipseLogger - skip non existing resourceDirectory D:\Rays\Spring-WorkSpace\Spring-MVC\spring-mvc-tiles\src\test\resources
2026-01-31 14:04:40,510 [Worker-26: Building workspace] INFO  o.e.m.c.i.embedder.EclipseLogger - Using 'UTF-8' encoding to copy filtered resources.
2026-01-31 14:04:40,510 [Worker-26: Building workspace] INFO  o.e.m.c.i.embedder.EclipseLogger - Copying 0 resource
2026-01-31 14:04:40,510 [Worker-26: Building workspace] INFO  o.e.m.c.i.embedder.EclipseLogger - Using 'UTF-8' encoding to copy filtered resources.
2026-01-31 14:04:40,510 [Worker-26: Building workspace] INFO  o.e.m.c.i.embedder.EclipseLogger - skip non existing resourceDirectory D:\Rays\Spring-WorkSpace\Spring-MVC\spring-mvc-tiles\src\test\resources
2026-01-31 14:04:47,010 [Worker-23: Building workspace] INFO  o.e.m.c.i.embedder.EclipseLogger - Using 'UTF-8' encoding to copy filtered resources.
2026-01-31 14:04:47,042 [Worker-23: Building workspace] INFO  o.e.m.c.i.embedder.EclipseLogger - Copying 0 resource
2026-01-31 14:04:47,042 [Worker-23: Building workspace] INFO  o.e.m.c.i.embedder.EclipseLogger - Using 'UTF-8' encoding to copy filtered resources.
2026-01-31 14:04:47,042 [Worker-23: Building workspace] INFO  o.e.m.c.i.embedder.EclipseLogger - skip non existing resourceDirectory D:\Rays\Spring-WorkSpace\Spring-MVC\spring-mvc-tiles\src\test\resources
2026-01-31 14:05:18,420 [Worker-25: Building workspace] INFO  o.e.m.c.i.embedder.EclipseLogger - Using 'UTF-8' encoding to copy filtered resources.
2026-01-31 14:05:18,420 [Worker-25: Building workspace] INFO  o.e.m.c.i.embedder.EclipseLogger - Copying 0 resource
2026-01-31 14:05:18,420 [Worker-25: Building workspace] INFO  o.e.m.c.i.embedder.EclipseLogger - Using 'UTF-8' encoding to copy filtered resources.
2026-01-31 14:05:18,420 [Worker-25: Building workspace] INFO  o.e.m.c.i.embedder.EclipseLogger - skip non existing resourceDirectory D:\Rays\Spring-WorkSpace\Spring-MVC\spring-mvc-tiles\src\test\resources
2026-01-31 14:05:29,873 [Worker-30: Building workspace] INFO  o.e.m.c.i.embedder.EclipseLogger - Using 'UTF-8' encoding to copy filtered resources.
2026-01-31 14:05:29,873 [Worker-30: Building workspace] INFO  o.e.m.c.i.embedder.EclipseLogger - Copying 0 resource
2026-01-31 14:05:29,873 [Worker-30: Building workspace] INFO  o.e.m.c.i.embedder.EclipseLogger - Using 'UTF-8' encoding to copy filtered resources.
2026-01-31 14:05:29,873 [Worker-30: Building workspace] INFO  o.e.m.c.i.embedder.EclipseLogger - skip non existing resourceDirectory D:\Rays\Spring-WorkSpace\Spring-MVC\spring-mvc-tiles\src\test\resources
2026-01-31 14:05:36,092 [Worker-19: Building workspace] INFO  o.e.m.c.i.embedder.EclipseLogger - Using 'UTF-8' encoding to copy filtered resources.
2026-01-31 14:05:36,092 [Worker-19: Building workspace] INFO  o.e.m.c.i.embedder.EclipseLogger - Copying 0 resource
2026-01-31 14:05:36,092 [Worker-19: Building workspace] INFO  o.e.m.c.i.embedder.EclipseLogger - Using 'UTF-8' encoding to copy filtered resources.
2026-01-31 14:05:36,092 [Worker-19: Building workspace] INFO  o.e.m.c.i.embedder.EclipseLogger - skip non existing resourceDirectory D:\Rays\Spring-WorkSpace\Spring-MVC\spring-mvc-tiles\src\test\resources
2026-01-31 14:06:08,940 [Worker-25: Building workspace] INFO  o.e.m.c.i.embedder.EclipseLogger - Using 'UTF-8' encoding to copy filtered resources.
2026-01-31 14:06:08,940 [Worker-25: Building workspace] INFO  o.e.m.c.i.embedder.EclipseLogger - Copying 0 resource
2026-01-31 14:06:08,940 [Worker-25: Building workspace] INFO  o.e.m.c.i.embedder.EclipseLogger - Using 'UTF-8' encoding to copy filtered resources.
2026-01-31 14:06:08,940 [Worker-25: Building workspace] INFO  o.e.m.c.i.embedder.EclipseLogger - skip non existing resourceDirectory D:\Rays\Spring-WorkSpace\Spring-MVC\spring-mvc-tiles\src\test\resources
2026-01-31 14:06:30,690 [Worker-22: Building workspace] INFO  o.e.m.c.i.embedder.EclipseLogger - Using 'UTF-8' encoding to copy filtered resources.
2026-01-31 14:06:30,690 [Worker-22: Building workspace] INFO  o.e.m.c.i.embedder.EclipseLogger - Copying 0 resource
2026-01-31 14:06:30,690 [Worker-22: Building workspace] INFO  o.e.m.c.i.embedder.EclipseLogger - Using 'UTF-8' encoding to copy filtered resources.
2026-01-31 14:06:30,690 [Worker-22: Building workspace] INFO  o.e.m.c.i.embedder.EclipseLogger - skip non existing resourceDirectory D:\Rays\Spring-WorkSpace\Spring-MVC\spring-mvc-tiles\src\test\resources
2026-01-31 14:06:35,768 [Worker-19: Building workspace] INFO  o.e.m.c.i.embedder.EclipseLogger - Using 'UTF-8' encoding to copy filtered resources.
2026-01-31 14:06:35,768 [Worker-19: Building workspace] INFO  o.e.m.c.i.embedder.EclipseLogger - Copying 0 resource
2026-01-31 14:06:35,768 [Worker-19: Building workspace] INFO  o.e.m.c.i.embedder.EclipseLogger - Using 'UTF-8' encoding to copy filtered resources.
2026-01-31 14:06:35,768 [Worker-19: Building workspace] INFO  o.e.m.c.i.embedder.EclipseLogger - skip non existing resourceDirectory D:\Rays\Spring-WorkSpace\Spring-MVC\spring-mvc-tiles\src\test\resources
2026-01-31 14:07:10,698 [Worker-25: Building workspace] INFO  o.e.m.c.i.embedder.EclipseLogger - Using 'UTF-8' encoding to copy filtered resources.
2026-01-31 14:07:10,698 [Worker-25: Building workspace] INFO  o.e.m.c.i.embedder.EclipseLogger - Copying 0 resource
2026-01-31 14:07:10,698 [Worker-25: Building workspace] INFO  o.e.m.c.i.embedder.EclipseLogger - Using 'UTF-8' encoding to copy filtered resources.
2026-01-31 14:07:10,698 [Worker-25: Building workspace] INFO  o.e.m.c.i.embedder.EclipseLogger - skip non existing resourceDirectory D:\Rays\Spring-WorkSpace\Spring-MVC\spring-mvc-tiles\src\test\resources
2026-01-31 14:07:49,168 [Worker-25: Building workspace] INFO  o.e.m.c.i.embedder.EclipseLogger - Using 'UTF-8' encoding to copy filtered resources.
2026-01-31 14:07:49,168 [Worker-25: Building workspace] INFO  o.e.m.c.i.embedder.EclipseLogger - Copying 0 resource
2026-01-31 14:07:49,168 [Worker-25: Building workspace] INFO  o.e.m.c.i.embedder.EclipseLogger - Using 'UTF-8' encoding to copy filtered resources.
2026-01-31 14:07:49,168 [Worker-25: Building workspace] INFO  o.e.m.c.i.embedder.EclipseLogger - skip non existing resourceDirectory D:\Rays\Spring-WorkSpace\Spring-MVC\spring-mvc-tiles\src\test\resources
2026-01-31 14:07:53,371 [Worker-31: Building workspace] INFO  o.e.m.c.i.embedder.EclipseLogger - Using 'UTF-8' encoding to copy filtered resources.
2026-01-31 14:07:53,371 [Worker-31: Building workspace] INFO  o.e.m.c.i.embedder.EclipseLogger - Copying 0 resource
2026-01-31 14:07:53,371 [Worker-31: Building workspace] INFO  o.e.m.c.i.embedder.EclipseLogger - Using 'UTF-8' encoding to copy filtered resources.
2026-01-31 14:07:53,371 [Worker-31: Building workspace] INFO  o.e.m.c.i.embedder.EclipseLogger - skip non existing resourceDirectory D:\Rays\Spring-WorkSpace\Spring-MVC\spring-mvc-tiles\src\test\resources
2026-01-31 14:08:19,714 [Worker-30: Building workspace] INFO  o.e.m.c.i.embedder.EclipseLogger - Using 'UTF-8' encoding to copy filtered resources.
2026-01-31 14:08:19,714 [Worker-30: Building workspace] INFO  o.e.m.c.i.embedder.EclipseLogger - Copying 0 resource
2026-01-31 14:08:19,714 [Worker-30: Building workspace] INFO  o.e.m.c.i.embedder.EclipseLogger - Using 'UTF-8' encoding to copy filtered resources.
2026-01-31 14:08:19,714 [Worker-30: Building workspace] INFO  o.e.m.c.i.embedder.EclipseLogger - skip non existing resourceDirectory D:\Rays\Spring-WorkSpace\Spring-MVC\spring-mvc-tiles\src\test\resources
2026-01-31 14:08:24,370 [Worker-31: Building workspace] INFO  o.e.m.c.i.embedder.EclipseLogger - Using 'UTF-8' encoding to copy filtered resources.
2026-01-31 14:08:24,370 [Worker-31: Building workspace] INFO  o.e.m.c.i.embedder.EclipseLogger - Copying 0 resource
2026-01-31 14:08:24,370 [Worker-31: Building workspace] INFO  o.e.m.c.i.embedder.EclipseLogger - Using 'UTF-8' encoding to copy filtered resources.
2026-01-31 14:08:24,370 [Worker-31: Building workspace] INFO  o.e.m.c.i.embedder.EclipseLogger - skip non existing resourceDirectory D:\Rays\Spring-WorkSpace\Spring-MVC\spring-mvc-tiles\src\test\resources
2026-01-31 14:08:53,464 [Worker-25: Building workspace] INFO  o.e.m.c.i.embedder.EclipseLogger - Using 'UTF-8' encoding to copy filtered resources.
2026-01-31 14:08:53,464 [Worker-25: Building workspace] INFO  o.e.m.c.i.embedder.EclipseLogger - Copying 0 resource
2026-01-31 14:08:53,479 [Worker-25: Building workspace] INFO  o.e.m.c.i.embedder.EclipseLogger - Using 'UTF-8' encoding to copy filtered resources.
2026-01-31 14:08:53,479 [Worker-25: Building workspace] INFO  o.e.m.c.i.embedder.EclipseLogger - skip non existing resourceDirectory D:\Rays\Spring-WorkSpace\Spring-MVC\spring-mvc-tiles\src\test\resources
2026-01-31 14:09:07,573 [Worker-19: Building workspace] INFO  o.e.m.c.i.embedder.EclipseLogger - Using 'UTF-8' encoding to copy filtered resources.
2026-01-31 14:09:07,573 [Worker-19: Building workspace] INFO  o.e.m.c.i.embedder.EclipseLogger - Copying 0 resource
2026-01-31 14:09:07,573 [Worker-19: Building workspace] INFO  o.e.m.c.i.embedder.EclipseLogger - Using 'UTF-8' encoding to copy filtered resources.
2026-01-31 14:09:07,573 [Worker-19: Building workspace] INFO  o.e.m.c.i.embedder.EclipseLogger - skip non existing resourceDirectory D:\Rays\Spring-WorkSpace\Spring-MVC\spring-mvc-tiles\src\test\resources
2026-01-31 14:09:37,125 [Worker-31: Building workspace] INFO  o.e.m.c.i.embedder.EclipseLogger - Using 'UTF-8' encoding to copy filtered resources.
2026-01-31 14:09:37,125 [Worker-31: Building workspace] INFO  o.e.m.c.i.embedder.EclipseLogger - Copying 0 resource
2026-01-31 14:09:37,125 [Worker-31: Building workspace] INFO  o.e.m.c.i.embedder.EclipseLogger - Using 'UTF-8' encoding to copy filtered resources.
2026-01-31 14:09:37,125 [Worker-31: Building workspace] INFO  o.e.m.c.i.embedder.EclipseLogger - skip non existing resourceDirectory D:\Rays\Spring-WorkSpace\Spring-MVC\spring-mvc-tiles\src\test\resources
2026-01-31 14:09:46,722 [Worker-32: Building workspace] INFO  o.e.m.c.i.embedder.EclipseLogger - Using 'UTF-8' encoding to copy filtered resources.
2026-01-31 14:09:46,722 [Worker-32: Building workspace] INFO  o.e.m.c.i.embedder.EclipseLogger - Copying 0 resource
2026-01-31 14:09:46,722 [Worker-32: Building workspace] INFO  o.e.m.c.i.embedder.EclipseLogger - Using 'UTF-8' encoding to copy filtered resources.
2026-01-31 14:09:46,722 [Worker-32: Building workspace] INFO  o.e.m.c.i.embedder.EclipseLogger - skip non existing resourceDirectory D:\Rays\Spring-WorkSpace\Spring-MVC\spring-mvc-tiles\src\test\resources
2026-01-31 14:10:40,131 [Worker-31: Building workspace] INFO  o.e.m.c.i.embedder.EclipseLogger - Using 'UTF-8' encoding to copy filtered resources.
2026-01-31 14:10:40,131 [Worker-31: Building workspace] INFO  o.e.m.c.i.embedder.EclipseLogger - Copying 0 resource
2026-01-31 14:10:40,131 [Worker-31: Building workspace] INFO  o.e.m.c.i.embedder.EclipseLogger - Using 'UTF-8' encoding to copy filtered resources.
2026-01-31 14:10:40,131 [Worker-31: Building workspace] INFO  o.e.m.c.i.embedder.EclipseLogger - skip non existing resourceDirectory D:\Rays\Spring-WorkSpace\Spring-MVC\spring-mvc-tiles\src\test\resources
2026-01-31 14:10:45,288 [Worker-31: Building workspace] INFO  o.e.m.c.i.embedder.EclipseLogger - Using 'UTF-8' encoding to copy filtered resources.
2026-01-31 14:10:45,288 [Worker-31: Building workspace] INFO  o.e.m.c.i.embedder.EclipseLogger - Copying 0 resource
2026-01-31 14:10:45,303 [Worker-31: Building workspace] INFO  o.e.m.c.i.embedder.EclipseLogger - Using 'UTF-8' encoding to copy filtered resources.
2026-01-31 14:10:45,303 [Worker-31: Building workspace] INFO  o.e.m.c.i.embedder.EclipseLogger - skip non existing resourceDirectory D:\Rays\Spring-WorkSpace\Spring-MVC\spring-mvc-tiles\src\test\resources
2026-01-31 14:11:13,093 [Worker-32: Building workspace] INFO  o.e.m.c.i.embedder.EclipseLogger - Using 'UTF-8' encoding to copy filtered resources.
2026-01-31 14:11:13,093 [Worker-32: Building workspace] INFO  o.e.m.c.i.embedder.EclipseLogger - Copying 0 resource
2026-01-31 14:11:13,108 [Worker-32: Building workspace] INFO  o.e.m.c.i.embedder.EclipseLogger - Using 'UTF-8' encoding to copy filtered resources.
2026-01-31 14:11:13,108 [Worker-32: Building workspace] INFO  o.e.m.c.i.embedder.EclipseLogger - skip non existing resourceDirectory D:\Rays\Spring-WorkSpace\Spring-MVC\spring-mvc-tiles\src\test\resources
2026-01-31 14:11:20,405 [Worker-22: Building workspace] INFO  o.e.m.c.i.embedder.EclipseLogger - Using 'UTF-8' encoding to copy filtered resources.
2026-01-31 14:11:20,405 [Worker-22: Building workspace] INFO  o.e.m.c.i.embedder.EclipseLogger - Copying 0 resource
2026-01-31 14:11:20,405 [Worker-22: Building workspace] INFO  o.e.m.c.i.embedder.EclipseLogger - Using 'UTF-8' encoding to copy filtered resources.
2026-01-31 14:11:20,405 [Worker-22: Building workspace] INFO  o.e.m.c.i.embedder.EclipseLogger - skip non existing resourceDirectory D:\Rays\Spring-WorkSpace\Spring-MVC\spring-mvc-tiles\src\test\resources
2026-01-31 14:11:53,587 [Worker-27: Building workspace] INFO  o.e.m.c.i.embedder.EclipseLogger - Using 'UTF-8' encoding to copy filtered resources.
2026-01-31 14:11:53,587 [Worker-27: Building workspace] INFO  o.e.m.c.i.embedder.EclipseLogger - Copying 0 resource
2026-01-31 14:11:53,587 [Worker-27: Building workspace] INFO  o.e.m.c.i.embedder.EclipseLogger - Using 'UTF-8' encoding to copy filtered resources.
2026-01-31 14:11:53,587 [Worker-27: Building workspace] INFO  o.e.m.c.i.embedder.EclipseLogger - skip non existing resourceDirectory D:\Rays\Spring-WorkSpace\Spring-MVC\spring-mvc-tiles\src\test\resources
2026-01-31 14:12:00,431 [Worker-30: Building workspace] INFO  o.e.m.c.i.embedder.EclipseLogger - Using 'UTF-8' encoding to copy filtered resources.
2026-01-31 14:12:00,431 [Worker-30: Building workspace] INFO  o.e.m.c.i.embedder.EclipseLogger - Copying 0 resource
2026-01-31 14:12:00,431 [Worker-30: Building workspace] INFO  o.e.m.c.i.embedder.EclipseLogger - Using 'UTF-8' encoding to copy filtered resources.
2026-01-31 14:12:00,431 [Worker-30: Building workspace] INFO  o.e.m.c.i.embedder.EclipseLogger - skip non existing resourceDirectory D:\Rays\Spring-WorkSpace\Spring-MVC\spring-mvc-tiles\src\test\resources
2026-01-31 14:12:26,177 [Worker-23: Building workspace] INFO  o.e.m.c.i.embedder.EclipseLogger - Using 'UTF-8' encoding to copy filtered resources.
2026-01-31 14:12:26,177 [Worker-23: Building workspace] INFO  o.e.m.c.i.embedder.EclipseLogger - Copying 0 resource
2026-01-31 14:12:26,177 [Worker-23: Building workspace] INFO  o.e.m.c.i.embedder.EclipseLogger - Using 'UTF-8' encoding to copy filtered resources.
2026-01-31 14:12:26,177 [Worker-23: Building workspace] INFO  o.e.m.c.i.embedder.EclipseLogger - skip non existing resourceDirectory D:\Rays\Spring-WorkSpace\Spring-MVC\spring-mvc-tiles\src\test\resources
2026-01-31 14:12:44,432 [Worker-31: Building workspace] INFO  o.e.m.c.i.embedder.EclipseLogger - Using 'UTF-8' encoding to copy filtered resources.
2026-01-31 14:12:44,432 [Worker-31: Building workspace] INFO  o.e.m.c.i.embedder.EclipseLogger - Copying 0 resource
2026-01-31 14:12:44,432 [Worker-31: Building workspace] INFO  o.e.m.c.i.embedder.EclipseLogger - Using 'UTF-8' encoding to copy filtered resources.
2026-01-31 14:12:44,432 [Worker-31: Building workspace] INFO  o.e.m.c.i.embedder.EclipseLogger - skip non existing resourceDirectory D:\Rays\Spring-WorkSpace\Spring-MVC\spring-mvc-tiles\src\test\resources
2026-01-31 14:13:13,873 [Worker-26: Building workspace] INFO  o.e.m.c.i.embedder.EclipseLogger - Using 'UTF-8' encoding to copy filtered resources.
2026-01-31 14:13:13,873 [Worker-26: Building workspace] INFO  o.e.m.c.i.embedder.EclipseLogger - Copying 0 resource
2026-01-31 14:13:13,873 [Worker-26: Building workspace] INFO  o.e.m.c.i.embedder.EclipseLogger - Using 'UTF-8' encoding to copy filtered resources.
2026-01-31 14:13:13,873 [Worker-26: Building workspace] INFO  o.e.m.c.i.embedder.EclipseLogger - skip non existing resourceDirectory D:\Rays\Spring-WorkSpace\Spring-MVC\spring-mvc-tiles\src\test\resources
2026-01-31 14:13:21,826 [Worker-32: Building workspace] INFO  o.e.m.c.i.embedder.EclipseLogger - Using 'UTF-8' encoding to copy filtered resources.
2026-01-31 14:13:21,826 [Worker-32: Building workspace] INFO  o.e.m.c.i.embedder.EclipseLogger - Copying 0 resource
2026-01-31 14:13:21,826 [Worker-32: Building workspace] INFO  o.e.m.c.i.embedder.EclipseLogger - Using 'UTF-8' encoding to copy filtered resources.
2026-01-31 14:13:21,826 [Worker-32: Building workspace] INFO  o.e.m.c.i.embedder.EclipseLogger - skip non existing resourceDirectory D:\Rays\Spring-WorkSpace\Spring-MVC\spring-mvc-tiles\src\test\resources
2026-01-31 14:13:50,994 [Worker-19: Building workspace] INFO  o.e.m.c.i.embedder.EclipseLogger - Using 'UTF-8' encoding to copy filtered resources.
2026-01-31 14:13:50,994 [Worker-19: Building workspace] INFO  o.e.m.c.i.embedder.EclipseLogger - Copying 0 resource
2026-01-31 14:13:50,994 [Worker-19: Building workspace] INFO  o.e.m.c.i.embedder.EclipseLogger - Using 'UTF-8' encoding to copy filtered resources.
2026-01-31 14:13:50,994 [Worker-19: Building workspace] INFO  o.e.m.c.i.embedder.EclipseLogger - skip non existing resourceDirectory D:\Rays\Spring-WorkSpace\Spring-MVC\spring-mvc-tiles\src\test\resources
2026-01-31 14:13:56,494 [Worker-22: Building workspace] INFO  o.e.m.c.i.embedder.EclipseLogger - Using 'UTF-8' encoding to copy filtered resources.
2026-01-31 14:13:56,494 [Worker-22: Building workspace] INFO  o.e.m.c.i.embedder.EclipseLogger - Copying 0 resource
2026-01-31 14:13:56,509 [Worker-22: Building workspace] INFO  o.e.m.c.i.embedder.EclipseLogger - Using 'UTF-8' encoding to copy filtered resources.
2026-01-31 14:13:56,509 [Worker-22: Building workspace] INFO  o.e.m.c.i.embedder.EclipseLogger - skip non existing resourceDirectory D:\Rays\Spring-WorkSpace\Spring-MVC\spring-mvc-tiles\src\test\resources
2026-01-31 14:14:23,560 [Worker-30: Cleaning all projects] INFO  o.e.m.w.i.f.ResourceFilteringBuildParticipant - Cleaning filtered folder for spring-mvc-simple
2026-01-31 14:14:23,591 [Worker-30: Cleaning all projects] INFO  o.e.m.w.i.f.ResourceFilteringBuildParticipant - Cleaning filtered folder for spring-mvc-tiles
2026-01-31 14:14:24,903 [Worker-22: Building workspace] INFO  o.e.m.c.i.embedder.EclipseLogger - Using 'UTF-8' encoding to copy filtered resources.
2026-01-31 14:14:24,919 [Worker-22: Building workspace] INFO  o.e.m.c.i.embedder.EclipseLogger - Copying 0 resource
2026-01-31 14:14:24,919 [Worker-22: Building workspace] INFO  o.e.m.c.i.embedder.EclipseLogger - Using 'UTF-8' encoding to copy filtered resources.
2026-01-31 14:14:24,919 [Worker-22: Building workspace] INFO  o.e.m.c.i.embedder.EclipseLogger - skip non existing resourceDirectory D:\Rays\Spring-WorkSpace\Spring-MVC\spring-mvc-simple\src\test\resources
2026-01-31 14:14:24,919 [Worker-22: Building workspace] INFO  o.e.m.w.i.f.ResourceFilteringBuildParticipant - Changed resources require a complete clean of filtered resources of spring-mvc-simple
2026-01-31 14:14:24,919 [Worker-22: Building workspace] INFO  o.e.m.w.i.f.ResourceFilteringBuildParticipant - Executing resource filtering for spring-mvc-simple
2026-01-31 14:14:25,138 [Worker-22: Building workspace] INFO  o.e.m.c.i.embedder.EclipseLogger - Using 'UTF-8' encoding to copy filtered resources.
2026-01-31 14:14:25,982 [Worker-30: Building workspace] INFO  o.e.m.c.i.embedder.EclipseLogger - Using 'UTF-8' encoding to copy filtered resources.
2026-01-31 14:14:25,982 [Worker-30: Building workspace] INFO  o.e.m.c.i.embedder.EclipseLogger - Copying 0 resource
2026-01-31 14:14:25,982 [Worker-30: Building workspace] INFO  o.e.m.c.i.embedder.EclipseLogger - Using 'UTF-8' encoding to copy filtered resources.
2026-01-31 14:14:25,982 [Worker-30: Building workspace] INFO  o.e.m.c.i.embedder.EclipseLogger - skip non existing resourceDirectory D:\Rays\Spring-WorkSpace\Spring-MVC\spring-mvc-tiles\src\test\resources
2026-01-31 14:14:25,982 [Worker-30: Building workspace] INFO  o.e.m.w.i.f.ResourceFilteringBuildParticipant - Changed resources require a complete clean of filtered resources of spring-mvc-tiles
2026-01-31 14:14:25,982 [Worker-30: Building workspace] INFO  o.e.m.w.i.f.ResourceFilteringBuildParticipant - Executing resource filtering for spring-mvc-tiles
2026-01-31 14:14:25,982 [Worker-30: Building workspace] INFO  o.e.m.c.i.embedder.EclipseLogger - Using 'UTF-8' encoding to copy filtered resources.
2026-01-31 14:14:38,388 [Worker-19: Updating Maven Project] INFO  o.e.m.c.i.p.ProjectConfigurationManager - Update started
2026-01-31 14:14:39,685 [Worker-19: Updating Maven Project] INFO  o.e.m.c.i.l.LifecycleMappingFactory - Using org.maven.ide.eclipse.wtp.WarLifecycleMapping lifecycle mapping for MavenProject: com.rays:spring-mvc-simple:0.0.1-SNAPSHOT @ D:\Rays\Spring-WorkSpace\Spring-MVC\spring-mvc-tiles\pom.xml.
2026-01-31 14:14:40,497 [Worker-19: Updating Maven Project] INFO  o.e.m.c.i.l.LifecycleMappingFactory - Using org.maven.ide.eclipse.wtp.WarLifecycleMapping lifecycle mapping for MavenProject: com.rays:spring-mvc-simple:0.0.1-SNAPSHOT @ D:\Rays\Spring-WorkSpace\Spring-MVC\spring-mvc-simple\pom.xml.
2026-01-31 14:14:45,091 [Worker-19: Updating Maven Project] INFO  o.e.m.j.i.AbstractJavaProjectConfigurator - Adding source folder /spring-mvc-tiles/src/main/java
2026-01-31 14:14:45,091 [Worker-19: Updating Maven Project] INFO  o.e.m.j.i.AbstractJavaProjectConfigurator - Adding resource folder /spring-mvc-tiles/src/main/resources
2026-01-31 14:14:45,122 [Worker-19: Updating Maven Project] INFO  o.e.m.j.i.AbstractJavaProjectConfigurator - Adding source folder /spring-mvc-tiles/src/test/java
2026-01-31 14:14:47,716 [Worker-19: Updating Maven Project] INFO  o.e.m.w.i.f.ResourceFilteringBuildParticipant - Cleaning filtered folder for spring-mvc-tiles
2026-01-31 14:14:47,732 [Worker-19: Updating Maven Project] INFO  o.e.m.c.i.p.ProjectConfigurationManager - Update completed: 9 sec
2026-01-31 14:14:49,403 [Worker-36: Building Project spring-mvc-tiles] INFO  o.e.m.c.i.embedder.EclipseLogger - Using 'UTF-8' encoding to copy filtered resources.
2026-01-31 14:14:49,403 [Worker-36: Building Project spring-mvc-tiles] INFO  o.e.m.c.i.embedder.EclipseLogger - Copying 0 resource
2026-01-31 14:14:49,403 [Worker-36: Building Project spring-mvc-tiles] INFO  o.e.m.c.i.embedder.EclipseLogger - Using 'UTF-8' encoding to copy filtered resources.
2026-01-31 14:14:49,403 [Worker-36: Building Project spring-mvc-tiles] INFO  o.e.m.c.i.embedder.EclipseLogger - skip non existing resourceDirectory D:\Rays\Spring-WorkSpace\Spring-MVC\spring-mvc-tiles\src\test\resources
2026-01-31 14:14:49,403 [Worker-36: Building Project spring-mvc-tiles] INFO  o.e.m.w.i.f.ResourceFilteringBuildParticipant - Changed resources require a complete clean of filtered resources of spring-mvc-tiles
2026-01-31 14:14:49,403 [Worker-36: Building Project spring-mvc-tiles] INFO  o.e.m.w.i.f.ResourceFilteringBuildParticipant - Executing resource filtering for spring-mvc-tiles
2026-01-31 14:14:49,419 [Worker-36: Building Project spring-mvc-tiles] INFO  o.e.m.c.i.embedder.EclipseLogger - Using 'UTF-8' encoding to copy filtered resources.
2026-01-31 14:14:50,825 [Worker-36: Building Project spring-mvc-tiles] INFO  o.e.m.c.i.embedder.EclipseLogger - Using 'UTF-8' encoding to copy filtered resources.
2026-01-31 14:14:50,903 [Worker-36: Building Project spring-mvc-tiles] INFO  o.e.m.c.i.embedder.EclipseLogger - Copying 0 resource
2026-01-31 14:14:50,903 [Worker-36: Building Project spring-mvc-tiles] INFO  o.e.m.c.i.embedder.EclipseLogger - Using 'UTF-8' encoding to copy filtered resources.
2026-01-31 14:14:50,903 [Worker-36: Building Project spring-mvc-tiles] INFO  o.e.m.c.i.embedder.EclipseLogger - skip non existing resourceDirectory D:\Rays\Spring-WorkSpace\Spring-MVC\spring-mvc-simple\src\test\resources
2026-01-31 14:14:53,232 [Worker-28: Building workspace] INFO  o.e.m.c.i.embedder.EclipseLogger - Using 'UTF-8' encoding to copy filtered resources.
2026-01-31 14:14:53,278 [Worker-28: Building workspace] INFO  o.e.m.c.i.embedder.EclipseLogger - Copying 0 resource
2026-01-31 14:14:53,294 [Worker-28: Building workspace] INFO  o.e.m.c.i.embedder.EclipseLogger - Using 'UTF-8' encoding to copy filtered resources.
2026-01-31 14:14:53,294 [Worker-28: Building workspace] INFO  o.e.m.c.i.embedder.EclipseLogger - skip non existing resourceDirectory D:\Rays\Spring-WorkSpace\Spring-MVC\spring-mvc-tiles\src\test\resources
2026-01-31 14:20:51,338 [Worker-38: Building workspace] INFO  o.e.m.c.i.l.LifecycleMappingFactory - Using org.maven.ide.eclipse.wtp.WarLifecycleMapping lifecycle mapping for MavenProject: com.rays:spring-mvc-simple:0.0.1-SNAPSHOT @ D:\Rays\Spring-WorkSpace\Spring-MVC\spring-mvc-tiles\pom.xml.
2026-01-31 14:20:53,947 [Worker-38: Building workspace] INFO  o.e.m.c.i.embedder.EclipseLogger - Using 'UTF-8' encoding to copy filtered resources.
2026-01-31 14:20:53,947 [Worker-38: Building workspace] INFO  o.e.m.c.i.embedder.EclipseLogger - Copying 0 resource
2026-01-31 14:20:53,947 [Worker-38: Building workspace] INFO  o.e.m.c.i.embedder.EclipseLogger - Using 'UTF-8' encoding to copy filtered resources.
2026-01-31 14:20:53,947 [Worker-38: Building workspace] INFO  o.e.m.c.i.embedder.EclipseLogger - skip non existing resourceDirectory D:\Rays\Spring-WorkSpace\Spring-MVC\spring-mvc-tiles\src\test\resources
2026-01-31 14:20:53,947 [Worker-38: Building workspace] INFO  o.e.m.w.i.f.ResourceFilteringBuildParticipant - Changed resources require a complete clean of filtered resources of spring-mvc-tiles
2026-01-31 14:20:53,947 [Worker-38: Building workspace] INFO  o.e.m.w.i.f.ResourceFilteringBuildParticipant - Executing resource filtering for spring-mvc-tiles
2026-01-31 14:20:53,947 [Worker-38: Building workspace] INFO  o.e.m.c.i.embedder.EclipseLogger - Using 'UTF-8' encoding to copy filtered resources.
2026-01-31 14:21:16,588 [Worker-36: Building workspace] INFO  o.e.m.c.i.l.LifecycleMappingFactory - Using org.maven.ide.eclipse.wtp.WarLifecycleMapping lifecycle mapping for MavenProject: com.rays:spring-mvc-tiles:0.0.1-SNAPSHOT @ D:\Rays\Spring-WorkSpace\Spring-MVC\spring-mvc-tiles\pom.xml.
2026-01-31 14:21:18,650 [Worker-36: Building workspace] INFO  o.e.m.c.i.embedder.EclipseLogger - Using 'UTF-8' encoding to copy filtered resources.
2026-01-31 14:21:18,650 [Worker-36: Building workspace] INFO  o.e.m.c.i.embedder.EclipseLogger - Copying 0 resource
2026-01-31 14:21:18,650 [Worker-36: Building workspace] INFO  o.e.m.c.i.embedder.EclipseLogger - Using 'UTF-8' encoding to copy filtered resources.
2026-01-31 14:21:18,650 [Worker-36: Building workspace] INFO  o.e.m.c.i.embedder.EclipseLogger - skip non existing resourceDirectory D:\Rays\Spring-WorkSpace\Spring-MVC\spring-mvc-tiles\src\test\resources
2026-01-31 14:21:18,650 [Worker-36: Building workspace] INFO  o.e.m.w.i.f.ResourceFilteringBuildParticipant - Changed resources require a complete clean of filtered resources of spring-mvc-tiles
2026-01-31 14:21:18,650 [Worker-36: Building workspace] INFO  o.e.m.w.i.f.ResourceFilteringBuildParticipant - Executing resource filtering for spring-mvc-tiles
2026-01-31 14:21:18,666 [Worker-36: Building workspace] INFO  o.e.m.c.i.embedder.EclipseLogger - Using 'UTF-8' encoding to copy filtered resources.
2026-01-31 14:22:53,048 [Worker-32: Building workspace] INFO  o.e.m.c.i.l.LifecycleMappingFactory - Using org.maven.ide.eclipse.wtp.WarLifecycleMapping lifecycle mapping for MavenProject: com.rays:spring-mvc-simple:0.0.1-SNAPSHOT @ D:\Rays\Spring-WorkSpace\Spring-MVC\spring-mvc-tiles\pom.xml.
2026-01-31 14:22:54,798 [Worker-32: Building workspace] INFO  o.e.m.c.i.embedder.EclipseLogger - Using 'UTF-8' encoding to copy filtered resources.
2026-01-31 14:22:54,798 [Worker-32: Building workspace] INFO  o.e.m.c.i.embedder.EclipseLogger - Copying 0 resource
2026-01-31 14:22:54,798 [Worker-32: Building workspace] INFO  o.e.m.c.i.embedder.EclipseLogger - Using 'UTF-8' encoding to copy filtered resources.
2026-01-31 14:22:54,798 [Worker-32: Building workspace] INFO  o.e.m.c.i.embedder.EclipseLogger - skip non existing resourceDirectory D:\Rays\Spring-WorkSpace\Spring-MVC\spring-mvc-tiles\src\test\resources
2026-01-31 14:22:54,798 [Worker-32: Building workspace] INFO  o.e.m.w.i.f.ResourceFilteringBuildParticipant - Changed resources require a complete clean of filtered resources of spring-mvc-tiles
2026-01-31 14:22:54,798 [Worker-32: Building workspace] INFO  o.e.m.w.i.f.ResourceFilteringBuildParticipant - Executing resource filtering for spring-mvc-tiles
2026-01-31 14:22:54,814 [Worker-32: Building workspace] INFO  o.e.m.c.i.embedder.EclipseLogger - Using 'UTF-8' encoding to copy filtered resources.
2026-01-31 14:23:15,486 [Worker-32: Updating Maven Project] INFO  o.e.m.c.i.p.ProjectConfigurationManager - Update started
2026-01-31 14:23:16,611 [Worker-32: Updating Maven Project] INFO  o.e.m.c.i.l.LifecycleMappingFactory - Using org.maven.ide.eclipse.wtp.WarLifecycleMapping lifecycle mapping for MavenProject: com.rays:spring-mvc-simple:0.0.1-SNAPSHOT @ D:\Rays\Spring-WorkSpace\Spring-MVC\spring-mvc-tiles\pom.xml.
2026-01-31 14:23:17,173 [Worker-32: Updating Maven Project] INFO  o.e.m.c.i.l.LifecycleMappingFactory - Using org.maven.ide.eclipse.wtp.WarLifecycleMapping lifecycle mapping for MavenProject: com.rays:spring-mvc-simple:0.0.1-SNAPSHOT @ D:\Rays\Spring-WorkSpace\Spring-MVC\spring-mvc-simple\pom.xml.
2026-01-31 14:23:19,767 [Worker-32: Updating Maven Project] INFO  o.e.m.j.i.AbstractJavaProjectConfigurator - Adding source folder /spring-mvc-tiles/src/main/java
2026-01-31 14:23:19,783 [Worker-32: Updating Maven Project] INFO  o.e.m.j.i.AbstractJavaProjectConfigurator - Adding resource folder /spring-mvc-tiles/src/main/resources
2026-01-31 14:23:19,783 [Worker-32: Updating Maven Project] INFO  o.e.m.j.i.AbstractJavaProjectConfigurator - Adding source folder /spring-mvc-tiles/src/test/java
2026-01-31 14:23:20,908 [Worker-32: Updating Maven Project] INFO  o.e.m.w.i.f.ResourceFilteringBuildParticipant - Cleaning filtered folder for spring-mvc-tiles
2026-01-31 14:23:20,923 [Worker-32: Updating Maven Project] INFO  o.e.m.c.i.p.ProjectConfigurationManager - Update completed: 5 sec
2026-01-31 14:23:22,830 [Worker-28: Building workspace] INFO  o.e.m.c.i.embedder.EclipseLogger - Using 'UTF-8' encoding to copy filtered resources.
2026-01-31 14:23:22,845 [Worker-28: Building workspace] INFO  o.e.m.c.i.embedder.EclipseLogger - Copying 0 resource
2026-01-31 14:23:22,845 [Worker-28: Building workspace] INFO  o.e.m.c.i.embedder.EclipseLogger - Using 'UTF-8' encoding to copy filtered resources.
2026-01-31 14:23:22,876 [Worker-28: Building workspace] INFO  o.e.m.c.i.embedder.EclipseLogger - skip non existing resourceDirectory D:\Rays\Spring-WorkSpace\Spring-MVC\spring-mvc-simple\src\test\resources
2026-01-31 14:23:25,333 [Worker-45: Building workspace] INFO  o.e.m.c.i.embedder.EclipseLogger - Using 'UTF-8' encoding to copy filtered resources.
2026-01-31 14:23:25,333 [Worker-45: Building workspace] INFO  o.e.m.c.i.embedder.EclipseLogger - Copying 0 resource
2026-01-31 14:23:25,335 [Worker-45: Building workspace] INFO  o.e.m.c.i.embedder.EclipseLogger - Using 'UTF-8' encoding to copy filtered resources.
2026-01-31 14:23:25,335 [Worker-45: Building workspace] INFO  o.e.m.c.i.embedder.EclipseLogger - skip non existing resourceDirectory D:\Rays\Spring-WorkSpace\Spring-MVC\spring-mvc-tiles\src\test\resources
2026-01-31 14:23:25,336 [Worker-45: Building workspace] INFO  o.e.m.w.i.f.ResourceFilteringBuildParticipant - Changed resources require a complete clean of filtered resources of spring-mvc-tiles
2026-01-31 14:23:25,336 [Worker-45: Building workspace] INFO  o.e.m.w.i.f.ResourceFilteringBuildParticipant - Executing resource filtering for spring-mvc-tiles
2026-01-31 14:23:25,346 [Worker-45: Building workspace] INFO  o.e.m.c.i.embedder.EclipseLogger - Using 'UTF-8' encoding to copy filtered resources.
2026-01-31 14:23:38,527 [Worker-27: Updating Maven Project] INFO  o.e.m.c.i.p.ProjectConfigurationManager - Update started
2026-01-31 14:23:39,339 [Worker-27: Updating Maven Project] INFO  o.e.m.c.i.l.LifecycleMappingFactory - Using org.maven.ide.eclipse.wtp.WarLifecycleMapping lifecycle mapping for MavenProject: com.rays:spring-mvc-simple:0.0.1-SNAPSHOT @ D:\Rays\Spring-WorkSpace\Spring-MVC\spring-mvc-tiles\pom.xml.
2026-01-31 14:23:39,918 [Worker-27: Updating Maven Project] INFO  o.e.m.c.i.l.LifecycleMappingFactory - Using org.maven.ide.eclipse.wtp.WarLifecycleMapping lifecycle mapping for MavenProject: com.rays:spring-mvc-simple:0.0.1-SNAPSHOT @ D:\Rays\Spring-WorkSpace\Spring-MVC\spring-mvc-simple\pom.xml.
2026-01-31 14:23:42,261 [Worker-27: Updating Maven Project] INFO  o.e.m.j.i.AbstractJavaProjectConfigurator - Adding source folder /spring-mvc-tiles/src/main/java
2026-01-31 14:23:42,261 [Worker-27: Updating Maven Project] INFO  o.e.m.j.i.AbstractJavaProjectConfigurator - Adding resource folder /spring-mvc-tiles/src/main/resources
2026-01-31 14:23:42,261 [Worker-27: Updating Maven Project] INFO  o.e.m.j.i.AbstractJavaProjectConfigurator - Adding source folder /spring-mvc-tiles/src/test/java
2026-01-31 14:23:43,418 [Worker-27: Updating Maven Project] INFO  o.e.m.w.i.f.ResourceFilteringBuildParticipant - Cleaning filtered folder for spring-mvc-tiles
2026-01-31 14:23:43,433 [Worker-27: Updating Maven Project] INFO  o.e.m.c.i.p.ProjectConfigurationManager - Update completed: 4 sec
2026-01-31 14:23:45,496 [Worker-38: Building workspace] INFO  o.e.m.c.i.embedder.EclipseLogger - Using 'UTF-8' encoding to copy filtered resources.
2026-01-31 14:23:45,496 [Worker-38: Building workspace] INFO  o.e.m.c.i.embedder.EclipseLogger - Copying 0 resource
2026-01-31 14:23:45,496 [Worker-38: Building workspace] INFO  o.e.m.c.i.embedder.EclipseLogger - Using 'UTF-8' encoding to copy filtered resources.
2026-01-31 14:23:45,496 [Worker-38: Building workspace] INFO  o.e.m.c.i.embedder.EclipseLogger - skip non existing resourceDirectory D:\Rays\Spring-WorkSpace\Spring-MVC\spring-mvc-simple\src\test\resources
2026-01-31 14:23:47,277 [Worker-40: Building workspace] INFO  o.e.m.c.i.embedder.EclipseLogger - Using 'UTF-8' encoding to copy filtered resources.
2026-01-31 14:23:47,277 [Worker-40: Building workspace] INFO  o.e.m.c.i.embedder.EclipseLogger - Copying 0 resource
2026-01-31 14:23:47,277 [Worker-40: Building workspace] INFO  o.e.m.c.i.embedder.EclipseLogger - Using 'UTF-8' encoding to copy filtered resources.
2026-01-31 14:23:47,277 [Worker-40: Building workspace] INFO  o.e.m.c.i.embedder.EclipseLogger - skip non existing resourceDirectory D:\Rays\Spring-WorkSpace\Spring-MVC\spring-mvc-tiles\src\test\resources
2026-01-31 14:23:47,277 [Worker-40: Building workspace] INFO  o.e.m.w.i.f.ResourceFilteringBuildParticipant - Changed resources require a complete clean of filtered resources of spring-mvc-tiles
2026-01-31 14:23:47,277 [Worker-40: Building workspace] INFO  o.e.m.w.i.f.ResourceFilteringBuildParticipant - Executing resource filtering for spring-mvc-tiles
2026-01-31 14:23:47,293 [Worker-40: Building workspace] INFO  o.e.m.c.i.embedder.EclipseLogger - Using 'UTF-8' encoding to copy filtered resources.
2026-01-31 14:30:48,476 [Worker-27: Cleaning all projects] INFO  o.e.m.w.i.f.ResourceFilteringBuildParticipant - Cleaning filtered folder for spring-mvc-simple
2026-01-31 14:30:48,554 [Worker-27: Cleaning all projects] INFO  o.e.m.w.i.f.ResourceFilteringBuildParticipant - Cleaning filtered folder for spring-mvc-tiles
2026-01-31 14:30:49,945 [Worker-37: Building workspace] INFO  o.e.m.c.i.embedder.EclipseLogger - Using 'UTF-8' encoding to copy filtered resources.
2026-01-31 14:30:49,945 [Worker-37: Building workspace] INFO  o.e.m.c.i.embedder.EclipseLogger - Copying 0 resource
2026-01-31 14:30:49,945 [Worker-37: Building workspace] INFO  o.e.m.c.i.embedder.EclipseLogger - Using 'UTF-8' encoding to copy filtered resources.
2026-01-31 14:30:49,945 [Worker-37: Building workspace] INFO  o.e.m.c.i.embedder.EclipseLogger - skip non existing resourceDirectory D:\Rays\Spring-WorkSpace\Spring-MVC\spring-mvc-simple\src\test\resources
2026-01-31 14:30:49,945 [Worker-37: Building workspace] INFO  o.e.m.w.i.f.ResourceFilteringBuildParticipant - Changed resources require a complete clean of filtered resources of spring-mvc-simple
2026-01-31 14:30:49,945 [Worker-37: Building workspace] INFO  o.e.m.w.i.f.ResourceFilteringBuildParticipant - Executing resource filtering for spring-mvc-simple
2026-01-31 14:30:50,023 [Worker-37: Building workspace] INFO  o.e.m.c.i.embedder.EclipseLogger - Using 'UTF-8' encoding to copy filtered resources.
2026-01-31 14:30:51,148 [Worker-27: Building workspace] INFO  o.e.m.c.i.embedder.EclipseLogger - Using 'UTF-8' encoding to copy filtered resources.
2026-01-31 14:30:51,148 [Worker-27: Building workspace] INFO  o.e.m.c.i.embedder.EclipseLogger - Copying 0 resource
2026-01-31 14:30:51,148 [Worker-27: Building workspace] INFO  o.e.m.c.i.embedder.EclipseLogger - Using 'UTF-8' encoding to copy filtered resources.
2026-01-31 14:30:51,148 [Worker-27: Building workspace] INFO  o.e.m.c.i.embedder.EclipseLogger - skip non existing resourceDirectory D:\Rays\Spring-WorkSpace\Spring-MVC\spring-mvc-tiles\src\test\resources
2026-01-31 14:30:51,148 [Worker-27: Building workspace] INFO  o.e.m.w.i.f.ResourceFilteringBuildParticipant - Changed resources require a complete clean of filtered resources of spring-mvc-tiles
2026-01-31 14:30:51,148 [Worker-27: Building workspace] INFO  o.e.m.w.i.f.ResourceFilteringBuildParticipant - Executing resource filtering for spring-mvc-tiles
2026-01-31 14:30:51,164 [Worker-27: Building workspace] INFO  o.e.m.c.i.embedder.EclipseLogger - Using 'UTF-8' encoding to copy filtered resources.
2026-01-31 14:31:09,883 [Worker-36: Updating Maven Project] INFO  o.e.m.c.i.p.ProjectConfigurationManager - Update started
2026-01-31 14:31:10,726 [Worker-36: Updating Maven Project] INFO  o.e.m.c.i.l.LifecycleMappingFactory - Using org.maven.ide.eclipse.wtp.WarLifecycleMapping lifecycle mapping for MavenProject: com.rays:spring-mvc-simple:0.0.1-SNAPSHOT @ D:\Rays\Spring-WorkSpace\Spring-MVC\spring-mvc-tiles\pom.xml.
2026-01-31 14:31:11,383 [Worker-36: Updating Maven Project] INFO  o.e.m.c.i.l.LifecycleMappingFactory - Using org.maven.ide.eclipse.wtp.WarLifecycleMapping lifecycle mapping for MavenProject: com.rays:spring-mvc-simple:0.0.1-SNAPSHOT @ D:\Rays\Spring-WorkSpace\Spring-MVC\spring-mvc-simple\pom.xml.
2026-01-31 14:31:14,304 [Worker-36: Updating Maven Project] INFO  o.e.m.j.i.AbstractJavaProjectConfigurator - Adding source folder /spring-mvc-tiles/src/main/java
2026-01-31 14:31:14,304 [Worker-36: Updating Maven Project] INFO  o.e.m.j.i.AbstractJavaProjectConfigurator - Adding resource folder /spring-mvc-tiles/src/main/resources
2026-01-31 14:31:14,304 [Worker-36: Updating Maven Project] INFO  o.e.m.j.i.AbstractJavaProjectConfigurator - Adding source folder /spring-mvc-tiles/src/test/java
2026-01-31 14:31:15,258 [Worker-36: Updating Maven Project] INFO  o.e.m.w.i.f.ResourceFilteringBuildParticipant - Cleaning filtered folder for spring-mvc-tiles
2026-01-31 14:31:15,258 [Worker-36: Updating Maven Project] INFO  o.e.m.c.i.p.ProjectConfigurationManager - Update completed: 5 sec
2026-01-31 14:31:16,054 [Worker-27: Building workspace] INFO  o.e.m.c.i.embedder.EclipseLogger - Using 'UTF-8' encoding to copy filtered resources.
2026-01-31 14:31:16,054 [Worker-27: Building workspace] INFO  o.e.m.c.i.embedder.EclipseLogger - Copying 0 resource
2026-01-31 14:31:16,054 [Worker-27: Building workspace] INFO  o.e.m.c.i.embedder.EclipseLogger - Using 'UTF-8' encoding to copy filtered resources.
2026-01-31 14:31:16,054 [Worker-27: Building workspace] INFO  o.e.m.c.i.embedder.EclipseLogger - skip non existing resourceDirectory D:\Rays\Spring-WorkSpace\Spring-MVC\spring-mvc-simple\src\test\resources
2026-01-31 14:31:17,883 [Worker-56: Building workspace] INFO  o.e.m.c.i.embedder.EclipseLogger - Using 'UTF-8' encoding to copy filtered resources.
2026-01-31 14:31:17,883 [Worker-56: Building workspace] INFO  o.e.m.c.i.embedder.EclipseLogger - Copying 0 resource
2026-01-31 14:31:17,883 [Worker-56: Building workspace] INFO  o.e.m.c.i.embedder.EclipseLogger - Using 'UTF-8' encoding to copy filtered resources.
2026-01-31 14:31:17,883 [Worker-56: Building workspace] INFO  o.e.m.c.i.embedder.EclipseLogger - skip non existing resourceDirectory D:\Rays\Spring-WorkSpace\Spring-MVC\spring-mvc-tiles\src\test\resources
2026-01-31 14:31:17,883 [Worker-56: Building workspace] INFO  o.e.m.w.i.f.ResourceFilteringBuildParticipant - Changed resources require a complete clean of filtered resources of spring-mvc-tiles
2026-01-31 14:31:17,883 [Worker-56: Building workspace] INFO  o.e.m.w.i.f.ResourceFilteringBuildParticipant - Executing resource filtering for spring-mvc-tiles
2026-01-31 14:31:17,883 [Worker-56: Building workspace] INFO  o.e.m.c.i.embedder.EclipseLogger - Using 'UTF-8' encoding to copy filtered resources.
2026-01-31 14:35:07,681 [Worker-56: Building workspace] INFO  o.e.m.c.i.l.LifecycleMappingFactory - Using org.maven.ide.eclipse.wtp.WarLifecycleMapping lifecycle mapping for MavenProject: com.rays:spring-mvc-tiles:0.0.1-SNAPSHOT @ D:\Rays\Spring-WorkSpace\Spring-MVC\spring-mvc-tiles\pom.xml.
2026-01-31 14:35:08,712 [Worker-56: Building workspace] INFO  o.e.m.c.i.embedder.EclipseLogger - Using 'UTF-8' encoding to copy filtered resources.
2026-01-31 14:35:08,712 [Worker-56: Building workspace] INFO  o.e.m.c.i.embedder.EclipseLogger - Copying 0 resource
2026-01-31 14:35:08,712 [Worker-56: Building workspace] INFO  o.e.m.c.i.embedder.EclipseLogger - Using 'UTF-8' encoding to copy filtered resources.
2026-01-31 14:35:08,712 [Worker-56: Building workspace] INFO  o.e.m.c.i.embedder.EclipseLogger - skip non existing resourceDirectory D:\Rays\Spring-WorkSpace\Spring-MVC\spring-mvc-tiles\src\test\resources
2026-01-31 14:35:08,712 [Worker-56: Building workspace] INFO  o.e.m.w.i.f.ResourceFilteringBuildParticipant - Changed resources require a complete clean of filtered resources of spring-mvc-tiles
2026-01-31 14:35:08,712 [Worker-56: Building workspace] INFO  o.e.m.w.i.f.ResourceFilteringBuildParticipant - Executing resource filtering for spring-mvc-tiles
2026-01-31 14:35:08,712 [Worker-56: Building workspace] INFO  o.e.m.c.i.embedder.EclipseLogger - Using 'UTF-8' encoding to copy filtered resources.
2026-01-31 14:36:11,512 [Worker-36: Building workspace] INFO  o.e.m.c.i.embedder.EclipseLogger - Using 'UTF-8' encoding to copy filtered resources.
2026-01-31 14:36:11,512 [Worker-36: Building workspace] INFO  o.e.m.c.i.embedder.EclipseLogger - Copying 0 resource
2026-01-31 14:36:11,512 [Worker-36: Building workspace] INFO  o.e.m.c.i.embedder.EclipseLogger - Using 'UTF-8' encoding to copy filtered resources.
2026-01-31 14:36:11,512 [Worker-36: Building workspace] INFO  o.e.m.c.i.embedder.EclipseLogger - skip non existing resourceDirectory D:\Rays\Spring-WorkSpace\Spring-MVC\spring-mvc-tiles\src\test\resources
2026-01-31 14:36:33,748 [Worker-32: Building workspace] INFO  o.e.m.c.i.embedder.EclipseLogger - Using 'UTF-8' encoding to copy filtered resources.
2026-01-31 14:36:33,748 [Worker-32: Building workspace] INFO  o.e.m.c.i.embedder.EclipseLogger - Copying 0 resource
2026-01-31 14:36:33,748 [Worker-32: Building workspace] INFO  o.e.m.c.i.embedder.EclipseLogger - Using 'UTF-8' encoding to copy filtered resources.
2026-01-31 14:36:33,748 [Worker-32: Building workspace] INFO  o.e.m.c.i.embedder.EclipseLogger - skip non existing resourceDirectory D:\Rays\Spring-WorkSpace\Spring-MVC\spring-mvc-tiles\src\test\resources
2026-01-31 14:36:59,388 [Worker-59: Building workspace] INFO  o.e.m.c.i.embedder.EclipseLogger - Using 'UTF-8' encoding to copy filtered resources.
2026-01-31 14:36:59,388 [Worker-59: Building workspace] INFO  o.e.m.c.i.embedder.EclipseLogger - Copying 0 resource
2026-01-31 14:36:59,388 [Worker-59: Building workspace] INFO  o.e.m.c.i.embedder.EclipseLogger - Using 'UTF-8' encoding to copy filtered resources.
2026-01-31 14:36:59,388 [Worker-59: Building workspace] INFO  o.e.m.c.i.embedder.EclipseLogger - skip non existing resourceDirectory D:\Rays\Spring-WorkSpace\Spring-MVC\spring-mvc-tiles\src\test\resources
2026-01-31 14:37:33,166 [Worker-63: Building workspace] INFO  o.e.m.c.i.embedder.EclipseLogger - Using 'UTF-8' encoding to copy filtered resources.
2026-01-31 14:37:33,166 [Worker-63: Building workspace] INFO  o.e.m.c.i.embedder.EclipseLogger - Copying 0 resource
2026-01-31 14:37:33,166 [Worker-63: Building workspace] INFO  o.e.m.c.i.embedder.EclipseLogger - Using 'UTF-8' encoding to copy filtered resources.
2026-01-31 14:37:33,166 [Worker-63: Building workspace] INFO  o.e.m.c.i.embedder.EclipseLogger - skip non existing resourceDirectory D:\Rays\Spring-WorkSpace\Spring-MVC\spring-mvc-tiles\src\test\resources
2026-01-31 14:38:03,694 [Worker-63: Building workspace] INFO  o.e.m.c.i.embedder.EclipseLogger - Using 'UTF-8' encoding to copy filtered resources.
2026-01-31 14:38:03,694 [Worker-63: Building workspace] INFO  o.e.m.c.i.embedder.EclipseLogger - Copying 0 resource
2026-01-31 14:38:03,694 [Worker-63: Building workspace] INFO  o.e.m.c.i.embedder.EclipseLogger - Using 'UTF-8' encoding to copy filtered resources.
2026-01-31 14:38:03,694 [Worker-63: Building workspace] INFO  o.e.m.c.i.embedder.EclipseLogger - skip non existing resourceDirectory D:\Rays\Spring-WorkSpace\Spring-MVC\spring-mvc-tiles\src\test\resources
2026-01-31 14:38:26,759 [Worker-56: Building workspace] INFO  o.e.m.c.i.embedder.EclipseLogger - Using 'UTF-8' encoding to copy filtered resources.
2026-01-31 14:38:26,759 [Worker-56: Building workspace] INFO  o.e.m.c.i.embedder.EclipseLogger - Copying 0 resource
2026-01-31 14:38:26,774 [Worker-56: Building workspace] INFO  o.e.m.c.i.embedder.EclipseLogger - Using 'UTF-8' encoding to copy filtered resources.
2026-01-31 14:38:26,774 [Worker-56: Building workspace] INFO  o.e.m.c.i.embedder.EclipseLogger - skip non existing resourceDirectory D:\Rays\Spring-WorkSpace\Spring-MVC\spring-mvc-tiles\src\test\resources
2026-01-31 14:38:58,628 [Worker-56: Building workspace] INFO  o.e.m.c.i.embedder.EclipseLogger - Using 'UTF-8' encoding to copy filtered resources.
2026-01-31 14:38:58,628 [Worker-56: Building workspace] INFO  o.e.m.c.i.embedder.EclipseLogger - Copying 0 resource
2026-01-31 14:38:58,628 [Worker-56: Building workspace] INFO  o.e.m.c.i.embedder.EclipseLogger - Using 'UTF-8' encoding to copy filtered resources.
2026-01-31 14:38:58,628 [Worker-56: Building workspace] INFO  o.e.m.c.i.embedder.EclipseLogger - skip non existing resourceDirectory D:\Rays\Spring-WorkSpace\Spring-MVC\spring-mvc-tiles\src\test\resources
2026-01-31 14:39:16,919 [Worker-36: Building workspace] INFO  o.e.m.c.i.embedder.EclipseLogger - Using 'UTF-8' encoding to copy filtered resources.
2026-01-31 14:39:16,919 [Worker-36: Building workspace] INFO  o.e.m.c.i.embedder.EclipseLogger - Copying 0 resource
2026-01-31 14:39:16,919 [Worker-36: Building workspace] INFO  o.e.m.c.i.embedder.EclipseLogger - Using 'UTF-8' encoding to copy filtered resources.
2026-01-31 14:39:16,919 [Worker-36: Building workspace] INFO  o.e.m.c.i.embedder.EclipseLogger - skip non existing resourceDirectory D:\Rays\Spring-WorkSpace\Spring-MVC\spring-mvc-tiles\src\test\resources
2026-01-31 14:39:36,247 [Worker-32: Building workspace] INFO  o.e.m.c.i.embedder.EclipseLogger - Using 'UTF-8' encoding to copy filtered resources.
2026-01-31 14:39:36,247 [Worker-32: Building workspace] INFO  o.e.m.c.i.embedder.EclipseLogger - Copying 0 resource
2026-01-31 14:39:36,263 [Worker-32: Building workspace] INFO  o.e.m.c.i.embedder.EclipseLogger - Using 'UTF-8' encoding to copy filtered resources.
2026-01-31 14:39:36,263 [Worker-32: Building workspace] INFO  o.e.m.c.i.embedder.EclipseLogger - skip non existing resourceDirectory D:\Rays\Spring-WorkSpace\Spring-MVC\spring-mvc-tiles\src\test\resources
2026-01-31 14:39:50,122 [Worker-59: Building workspace] INFO  o.e.m.c.i.embedder.EclipseLogger - Using 'UTF-8' encoding to copy filtered resources.
2026-01-31 14:39:50,122 [Worker-59: Building workspace] INFO  o.e.m.c.i.embedder.EclipseLogger - Copying 0 resource
2026-01-31 14:39:50,122 [Worker-59: Building workspace] INFO  o.e.m.c.i.embedder.EclipseLogger - Using 'UTF-8' encoding to copy filtered resources.
2026-01-31 14:39:50,122 [Worker-59: Building workspace] INFO  o.e.m.c.i.embedder.EclipseLogger - skip non existing resourceDirectory D:\Rays\Spring-WorkSpace\Spring-MVC\spring-mvc-tiles\src\test\resources
2026-01-31 14:40:17,446 [Worker-63: Building workspace] INFO  o.e.m.c.i.embedder.EclipseLogger - Using 'UTF-8' encoding to copy filtered resources.
2026-01-31 14:40:17,446 [Worker-63: Building workspace] INFO  o.e.m.c.i.embedder.EclipseLogger - Copying 0 resource
2026-01-31 14:40:17,446 [Worker-63: Building workspace] INFO  o.e.m.c.i.embedder.EclipseLogger - Using 'UTF-8' encoding to copy filtered resources.
2026-01-31 14:40:17,446 [Worker-63: Building workspace] INFO  o.e.m.c.i.embedder.EclipseLogger - skip non existing resourceDirectory D:\Rays\Spring-WorkSpace\Spring-MVC\spring-mvc-tiles\src\test\resources
2026-01-31 14:40:27,930 [Worker-60: Building workspace] INFO  o.e.m.c.i.embedder.EclipseLogger - Using 'UTF-8' encoding to copy filtered resources.
2026-01-31 14:40:27,930 [Worker-60: Building workspace] INFO  o.e.m.c.i.embedder.EclipseLogger - Copying 0 resource
2026-01-31 14:40:27,930 [Worker-60: Building workspace] INFO  o.e.m.c.i.embedder.EclipseLogger - Using 'UTF-8' encoding to copy filtered resources.
2026-01-31 14:40:27,930 [Worker-60: Building workspace] INFO  o.e.m.c.i.embedder.EclipseLogger - skip non existing resourceDirectory D:\Rays\Spring-WorkSpace\Spring-MVC\spring-mvc-tiles\src\test\resources
2026-01-31 14:40:51,808 [Worker-63: Building workspace] INFO  o.e.m.c.i.embedder.EclipseLogger - Using 'UTF-8' encoding to copy filtered resources.
2026-01-31 14:40:51,808 [Worker-63: Building workspace] INFO  o.e.m.c.i.embedder.EclipseLogger - Copying 0 resource
2026-01-31 14:40:51,808 [Worker-63: Building workspace] INFO  o.e.m.c.i.embedder.EclipseLogger - Using 'UTF-8' encoding to copy filtered resources.
2026-01-31 14:40:51,808 [Worker-63: Building workspace] INFO  o.e.m.c.i.embedder.EclipseLogger - skip non existing resourceDirectory D:\Rays\Spring-WorkSpace\Spring-MVC\spring-mvc-tiles\src\test\resources
2026-01-31 14:41:14,072 [Worker-32: Building workspace] INFO  o.e.m.c.i.embedder.EclipseLogger - Using 'UTF-8' encoding to copy filtered resources.
2026-01-31 14:41:14,072 [Worker-32: Building workspace] INFO  o.e.m.c.i.embedder.EclipseLogger - Copying 0 resource
2026-01-31 14:41:14,088 [Worker-32: Building workspace] INFO  o.e.m.c.i.embedder.EclipseLogger - Using 'UTF-8' encoding to copy filtered resources.
2026-01-31 14:41:14,088 [Worker-32: Building workspace] INFO  o.e.m.c.i.embedder.EclipseLogger - skip non existing resourceDirectory D:\Rays\Spring-WorkSpace\Spring-MVC\spring-mvc-tiles\src\test\resources
2026-01-31 14:41:33,932 [Worker-56: Building workspace] INFO  o.e.m.c.i.embedder.EclipseLogger - Using 'UTF-8' encoding to copy filtered resources.
2026-01-31 14:41:33,932 [Worker-56: Building workspace] INFO  o.e.m.c.i.embedder.EclipseLogger - Copying 0 resource
2026-01-31 14:41:33,932 [Worker-56: Building workspace] INFO  o.e.m.c.i.embedder.EclipseLogger - Using 'UTF-8' encoding to copy filtered resources.
2026-01-31 14:41:33,932 [Worker-56: Building workspace] INFO  o.e.m.c.i.embedder.EclipseLogger - skip non existing resourceDirectory D:\Rays\Spring-WorkSpace\Spring-MVC\spring-mvc-tiles\src\test\resources
2026-01-31 14:41:56,798 [Worker-32: Building workspace] INFO  o.e.m.c.i.embedder.EclipseLogger - Using 'UTF-8' encoding to copy filtered resources.
2026-01-31 14:41:56,798 [Worker-32: Building workspace] INFO  o.e.m.c.i.embedder.EclipseLogger - Copying 0 resource
2026-01-31 14:41:56,798 [Worker-32: Building workspace] INFO  o.e.m.c.i.embedder.EclipseLogger - Using 'UTF-8' encoding to copy filtered resources.
2026-01-31 14:41:56,798 [Worker-32: Building workspace] INFO  o.e.m.c.i.embedder.EclipseLogger - skip non existing resourceDirectory D:\Rays\Spring-WorkSpace\Spring-MVC\spring-mvc-tiles\src\test\resources
2026-01-31 14:43:03,923 [Worker-56: Building workspace] INFO  o.e.m.c.i.embedder.EclipseLogger - Using 'UTF-8' encoding to copy filtered resources.
2026-01-31 14:43:03,923 [Worker-56: Building workspace] INFO  o.e.m.c.i.embedder.EclipseLogger - Copying 0 resource
2026-01-31 14:43:03,939 [Worker-56: Building workspace] INFO  o.e.m.c.i.embedder.EclipseLogger - Using 'UTF-8' encoding to copy filtered resources.
2026-01-31 14:43:03,939 [Worker-56: Building workspace] INFO  o.e.m.c.i.embedder.EclipseLogger - skip non existing resourceDirectory D:\Rays\Spring-WorkSpace\Spring-MVC\spring-mvc-tiles\src\test\resources
2026-01-31 14:43:10,501 [Worker-59: Building workspace] INFO  o.e.m.c.i.embedder.EclipseLogger - Using 'UTF-8' encoding to copy filtered resources.
2026-01-31 14:43:10,501 [Worker-59: Building workspace] INFO  o.e.m.c.i.embedder.EclipseLogger - Copying 0 resource
2026-01-31 14:43:10,501 [Worker-59: Building workspace] INFO  o.e.m.c.i.embedder.EclipseLogger - Using 'UTF-8' encoding to copy filtered resources.
2026-01-31 14:43:10,501 [Worker-59: Building workspace] INFO  o.e.m.c.i.embedder.EclipseLogger - skip non existing resourceDirectory D:\Rays\Spring-WorkSpace\Spring-MVC\spring-mvc-tiles\src\test\resources
2026-01-31 14:43:36,412 [Worker-32: Building workspace] INFO  o.e.m.c.i.embedder.EclipseLogger - Using 'UTF-8' encoding to copy filtered resources.
2026-01-31 14:43:36,412 [Worker-32: Building workspace] INFO  o.e.m.c.i.embedder.EclipseLogger - Copying 0 resource
2026-01-31 14:43:36,412 [Worker-32: Building workspace] INFO  o.e.m.c.i.embedder.EclipseLogger - Using 'UTF-8' encoding to copy filtered resources.
2026-01-31 14:43:36,412 [Worker-32: Building workspace] INFO  o.e.m.c.i.embedder.EclipseLogger - skip non existing resourceDirectory D:\Rays\Spring-WorkSpace\Spring-MVC\spring-mvc-tiles\src\test\resources
2026-01-31 14:44:10,479 [Worker-32: Building workspace] INFO  o.e.m.c.i.embedder.EclipseLogger - Using 'UTF-8' encoding to copy filtered resources.
2026-01-31 14:44:10,479 [Worker-32: Building workspace] INFO  o.e.m.c.i.embedder.EclipseLogger - Copying 0 resource
2026-01-31 14:44:10,479 [Worker-32: Building workspace] INFO  o.e.m.c.i.embedder.EclipseLogger - Using 'UTF-8' encoding to copy filtered resources.
2026-01-31 14:44:10,479 [Worker-32: Building workspace] INFO  o.e.m.c.i.embedder.EclipseLogger - skip non existing resourceDirectory D:\Rays\Spring-WorkSpace\Spring-MVC\spring-mvc-tiles\src\test\resources
2026-01-31 14:44:29,911 [Worker-59: Building workspace] INFO  o.e.m.c.i.embedder.EclipseLogger - Using 'UTF-8' encoding to copy filtered resources.
2026-01-31 14:44:29,911 [Worker-59: Building workspace] INFO  o.e.m.c.i.embedder.EclipseLogger - Copying 0 resource
2026-01-31 14:44:29,926 [Worker-59: Building workspace] INFO  o.e.m.c.i.embedder.EclipseLogger - Using 'UTF-8' encoding to copy filtered resources.
2026-01-31 14:44:29,926 [Worker-59: Building workspace] INFO  o.e.m.c.i.embedder.EclipseLogger - skip non existing resourceDirectory D:\Rays\Spring-WorkSpace\Spring-MVC\spring-mvc-tiles\src\test\resources
2026-01-31 14:44:51,687 [Worker-32: Building workspace] INFO  o.e.m.c.i.embedder.EclipseLogger - Using 'UTF-8' encoding to copy filtered resources.
2026-01-31 14:44:51,687 [Worker-32: Building workspace] INFO  o.e.m.c.i.embedder.EclipseLogger - Copying 0 resource
2026-01-31 14:44:51,687 [Worker-32: Building workspace] INFO  o.e.m.c.i.embedder.EclipseLogger - Using 'UTF-8' encoding to copy filtered resources.
2026-01-31 14:44:51,687 [Worker-32: Building workspace] INFO  o.e.m.c.i.embedder.EclipseLogger - skip non existing resourceDirectory D:\Rays\Spring-WorkSpace\Spring-MVC\spring-mvc-tiles\src\test\resources
2026-01-31 14:45:33,734 [Worker-36: Building workspace] INFO  o.e.m.c.i.embedder.EclipseLogger - Using 'UTF-8' encoding to copy filtered resources.
2026-01-31 14:45:33,734 [Worker-36: Building workspace] INFO  o.e.m.c.i.embedder.EclipseLogger - Copying 0 resource
2026-01-31 14:45:33,734 [Worker-36: Building workspace] INFO  o.e.m.c.i.embedder.EclipseLogger - Using 'UTF-8' encoding to copy filtered resources.
2026-01-31 14:45:33,734 [Worker-36: Building workspace] INFO  o.e.m.c.i.embedder.EclipseLogger - skip non existing resourceDirectory D:\Rays\Spring-WorkSpace\Spring-MVC\spring-mvc-tiles\src\test\resources
2026-01-31 14:45:47,014 [Worker-56: Building workspace] INFO  o.e.m.c.i.embedder.EclipseLogger - Using 'UTF-8' encoding to copy filtered resources.
2026-01-31 14:45:47,014 [Worker-56: Building workspace] INFO  o.e.m.c.i.embedder.EclipseLogger - Copying 0 resource
2026-01-31 14:45:47,014 [Worker-56: Building workspace] INFO  o.e.m.c.i.embedder.EclipseLogger - Using 'UTF-8' encoding to copy filtered resources.
2026-01-31 14:45:47,014 [Worker-56: Building workspace] INFO  o.e.m.c.i.embedder.EclipseLogger - skip non existing resourceDirectory D:\Rays\Spring-WorkSpace\Spring-MVC\spring-mvc-tiles\src\test\resources
2026-01-31 14:45:52,014 [Worker-63: Building workspace] INFO  o.e.m.c.i.embedder.EclipseLogger - Using 'UTF-8' encoding to copy filtered resources.
2026-01-31 14:45:52,014 [Worker-63: Building workspace] INFO  o.e.m.c.i.embedder.EclipseLogger - Copying 0 resource
2026-01-31 14:45:52,014 [Worker-63: Building workspace] INFO  o.e.m.c.i.embedder.EclipseLogger - Using 'UTF-8' encoding to copy filtered resources.
2026-01-31 14:45:52,014 [Worker-63: Building workspace] INFO  o.e.m.c.i.embedder.EclipseLogger - skip non existing resourceDirectory D:\Rays\Spring-WorkSpace\Spring-MVC\spring-mvc-tiles\src\test\resources
2026-01-31 14:46:23,908 [Worker-65: Building workspace] INFO  o.e.m.c.i.embedder.EclipseLogger - Using 'UTF-8' encoding to copy filtered resources.
2026-01-31 14:46:23,908 [Worker-65: Building workspace] INFO  o.e.m.c.i.embedder.EclipseLogger - Copying 0 resource
2026-01-31 14:46:23,923 [Worker-65: Building workspace] INFO  o.e.m.c.i.embedder.EclipseLogger - Using 'UTF-8' encoding to copy filtered resources.
2026-01-31 14:46:23,923 [Worker-65: Building workspace] INFO  o.e.m.c.i.embedder.EclipseLogger - skip non existing resourceDirectory D:\Rays\Spring-WorkSpace\Spring-MVC\spring-mvc-tiles\src\test\resources
2026-01-31 14:46:31,080 [Worker-56: Building workspace] INFO  o.e.m.c.i.embedder.EclipseLogger - Using 'UTF-8' encoding to copy filtered resources.
2026-01-31 14:46:31,080 [Worker-56: Building workspace] INFO  o.e.m.c.i.embedder.EclipseLogger - Copying 0 resource
2026-01-31 14:46:31,080 [Worker-56: Building workspace] INFO  o.e.m.c.i.embedder.EclipseLogger - Using 'UTF-8' encoding to copy filtered resources.
2026-01-31 14:46:31,080 [Worker-56: Building workspace] INFO  o.e.m.c.i.embedder.EclipseLogger - skip non existing resourceDirectory D:\Rays\Spring-WorkSpace\Spring-MVC\spring-mvc-tiles\src\test\resources
2026-01-31 14:47:02,344 [Worker-36: Building workspace] INFO  o.e.m.c.i.embedder.EclipseLogger - Using 'UTF-8' encoding to copy filtered resources.
2026-01-31 14:47:02,344 [Worker-36: Building workspace] INFO  o.e.m.c.i.embedder.EclipseLogger - Copying 0 resource
2026-01-31 14:47:02,344 [Worker-36: Building workspace] INFO  o.e.m.c.i.embedder.EclipseLogger - Using 'UTF-8' encoding to copy filtered resources.
2026-01-31 14:47:02,344 [Worker-36: Building workspace] INFO  o.e.m.c.i.embedder.EclipseLogger - skip non existing resourceDirectory D:\Rays\Spring-WorkSpace\Spring-MVC\spring-mvc-tiles\src\test\resources
2026-01-31 14:47:08,437 [Worker-59: Building workspace] INFO  o.e.m.c.i.embedder.EclipseLogger - Using 'UTF-8' encoding to copy filtered resources.
2026-01-31 14:47:08,437 [Worker-59: Building workspace] INFO  o.e.m.c.i.embedder.EclipseLogger - Copying 0 resource
2026-01-31 14:47:08,453 [Worker-59: Building workspace] INFO  o.e.m.c.i.embedder.EclipseLogger - Using 'UTF-8' encoding to copy filtered resources.
2026-01-31 14:47:08,453 [Worker-59: Building workspace] INFO  o.e.m.c.i.embedder.EclipseLogger - skip non existing resourceDirectory D:\Rays\Spring-WorkSpace\Spring-MVC\spring-mvc-tiles\src\test\resources
2026-01-31 14:47:59,558 [Worker-32: Building workspace] INFO  o.e.m.c.i.embedder.EclipseLogger - Using 'UTF-8' encoding to copy filtered resources.
2026-01-31 14:47:59,558 [Worker-32: Building workspace] INFO  o.e.m.c.i.embedder.EclipseLogger - Copying 0 resource
2026-01-31 14:47:59,558 [Worker-32: Building workspace] INFO  o.e.m.c.i.embedder.EclipseLogger - Using 'UTF-8' encoding to copy filtered resources.
2026-01-31 14:47:59,558 [Worker-32: Building workspace] INFO  o.e.m.c.i.embedder.EclipseLogger - skip non existing resourceDirectory D:\Rays\Spring-WorkSpace\Spring-MVC\spring-mvc-tiles\src\test\resources
2026-01-31 14:48:04,652 [Worker-59: Building workspace] INFO  o.e.m.c.i.embedder.EclipseLogger - Using 'UTF-8' encoding to copy filtered resources.
2026-01-31 14:48:04,652 [Worker-59: Building workspace] INFO  o.e.m.c.i.embedder.EclipseLogger - Copying 0 resource
2026-01-31 14:48:04,652 [Worker-59: Building workspace] INFO  o.e.m.c.i.embedder.EclipseLogger - Using 'UTF-8' encoding to copy filtered resources.
2026-01-31 14:48:04,652 [Worker-59: Building workspace] INFO  o.e.m.c.i.embedder.EclipseLogger - skip non existing resourceDirectory D:\Rays\Spring-WorkSpace\Spring-MVC\spring-mvc-tiles\src\test\resources
2026-01-31 14:48:13,855 [Worker-36: Building workspace] INFO  o.e.m.c.i.embedder.EclipseLogger - Using 'UTF-8' encoding to copy filtered resources.
2026-01-31 14:48:13,855 [Worker-36: Building workspace] INFO  o.e.m.c.i.embedder.EclipseLogger - Copying 0 resource
2026-01-31 14:48:13,855 [Worker-36: Building workspace] INFO  o.e.m.c.i.embedder.EclipseLogger - Using 'UTF-8' encoding to copy filtered resources.
2026-01-31 14:48:13,855 [Worker-36: Building workspace] INFO  o.e.m.c.i.embedder.EclipseLogger - skip non existing resourceDirectory D:\Rays\Spring-WorkSpace\Spring-MVC\spring-mvc-tiles\src\test\resources
2026-01-31 14:48:43,273 [Worker-56: Building workspace] INFO  o.e.m.c.i.embedder.EclipseLogger - Using 'UTF-8' encoding to copy filtered resources.
2026-01-31 14:48:43,273 [Worker-56: Building workspace] INFO  o.e.m.c.i.embedder.EclipseLogger - Copying 0 resource
2026-01-31 14:48:43,273 [Worker-56: Building workspace] INFO  o.e.m.c.i.embedder.EclipseLogger - Using 'UTF-8' encoding to copy filtered resources.
2026-01-31 14:48:43,273 [Worker-56: Building workspace] INFO  o.e.m.c.i.embedder.EclipseLogger - skip non existing resourceDirectory D:\Rays\Spring-WorkSpace\Spring-MVC\spring-mvc-tiles\src\test\resources
2026-01-31 14:49:12,535 [Worker-63: Building workspace] INFO  o.e.m.c.i.embedder.EclipseLogger - Using 'UTF-8' encoding to copy filtered resources.
2026-01-31 14:49:12,535 [Worker-63: Building workspace] INFO  o.e.m.c.i.embedder.EclipseLogger - Copying 0 resource
2026-01-31 14:49:12,535 [Worker-63: Building workspace] INFO  o.e.m.c.i.embedder.EclipseLogger - Using 'UTF-8' encoding to copy filtered resources.
2026-01-31 14:49:12,535 [Worker-63: Building workspace] INFO  o.e.m.c.i.embedder.EclipseLogger - skip non existing resourceDirectory D:\Rays\Spring-WorkSpace\Spring-MVC\spring-mvc-tiles\src\test\resources
2026-01-31 14:49:39,248 [Worker-56: Building workspace] INFO  o.e.m.c.i.embedder.EclipseLogger - Using 'UTF-8' encoding to copy filtered resources.
2026-01-31 14:49:39,248 [Worker-56: Building workspace] INFO  o.e.m.c.i.embedder.EclipseLogger - Copying 0 resource
2026-01-31 14:49:39,248 [Worker-56: Building workspace] INFO  o.e.m.c.i.embedder.EclipseLogger - Using 'UTF-8' encoding to copy filtered resources.
2026-01-31 14:49:39,248 [Worker-56: Building workspace] INFO  o.e.m.c.i.embedder.EclipseLogger - skip non existing resourceDirectory D:\Rays\Spring-WorkSpace\Spring-MVC\spring-mvc-tiles\src\test\resources
2026-01-31 14:50:03,916 [Worker-59: Building workspace] INFO  o.e.m.c.i.embedder.EclipseLogger - Using 'UTF-8' encoding to copy filtered resources.
2026-01-31 14:50:03,916 [Worker-59: Building workspace] INFO  o.e.m.c.i.embedder.EclipseLogger - Copying 0 resource
2026-01-31 14:50:03,932 [Worker-59: Building workspace] INFO  o.e.m.c.i.embedder.EclipseLogger - Using 'UTF-8' encoding to copy filtered resources.
2026-01-31 14:50:03,932 [Worker-59: Building workspace] INFO  o.e.m.c.i.embedder.EclipseLogger - skip non existing resourceDirectory D:\Rays\Spring-WorkSpace\Spring-MVC\spring-mvc-tiles\src\test\resources
2026-01-31 14:50:33,031 [Worker-65: Building workspace] INFO  o.e.m.c.i.embedder.EclipseLogger - Using 'UTF-8' encoding to copy filtered resources.
2026-01-31 14:50:33,031 [Worker-65: Building workspace] INFO  o.e.m.c.i.embedder.EclipseLogger - Copying 0 resource
2026-01-31 14:50:33,031 [Worker-65: Building workspace] INFO  o.e.m.c.i.embedder.EclipseLogger - Using 'UTF-8' encoding to copy filtered resources.
2026-01-31 14:50:33,031 [Worker-65: Building workspace] INFO  o.e.m.c.i.embedder.EclipseLogger - skip non existing resourceDirectory D:\Rays\Spring-WorkSpace\Spring-MVC\spring-mvc-tiles\src\test\resources
2026-01-31 14:50:50,860 [Worker-32: Cleaning all projects] INFO  o.e.m.w.i.f.ResourceFilteringBuildParticipant - Cleaning filtered folder for spring-mvc-simple
2026-01-31 14:50:50,938 [Worker-32: Cleaning all projects] INFO  o.e.m.w.i.f.ResourceFilteringBuildParticipant - Cleaning filtered folder for spring-mvc-tiles
2026-01-31 14:50:51,547 [Worker-32: Building workspace] INFO  o.e.m.c.i.embedder.EclipseLogger - Using 'UTF-8' encoding to copy filtered resources.
2026-01-31 14:50:51,547 [Worker-32: Building workspace] INFO  o.e.m.c.i.embedder.EclipseLogger - Copying 0 resource
2026-01-31 14:50:51,547 [Worker-32: Building workspace] INFO  o.e.m.c.i.embedder.EclipseLogger - Using 'UTF-8' encoding to copy filtered resources.
2026-01-31 14:50:51,547 [Worker-32: Building workspace] INFO  o.e.m.c.i.embedder.EclipseLogger - skip non existing resourceDirectory D:\Rays\Spring-WorkSpace\Spring-MVC\spring-mvc-simple\src\test\resources
2026-01-31 14:50:51,547 [Worker-32: Building workspace] INFO  o.e.m.w.i.f.ResourceFilteringBuildParticipant - Changed resources require a complete clean of filtered resources of spring-mvc-simple
2026-01-31 14:50:51,547 [Worker-32: Building workspace] INFO  o.e.m.w.i.f.ResourceFilteringBuildParticipant - Executing resource filtering for spring-mvc-simple
2026-01-31 14:50:51,922 [Worker-32: Building workspace] INFO  o.e.m.c.i.embedder.EclipseLogger - Using 'UTF-8' encoding to copy filtered resources.
2026-01-31 14:50:52,781 [Worker-59: Building workspace] INFO  o.e.m.c.i.embedder.EclipseLogger - Using 'UTF-8' encoding to copy filtered resources.
2026-01-31 14:50:52,781 [Worker-59: Building workspace] INFO  o.e.m.c.i.embedder.EclipseLogger - Copying 0 resource
2026-01-31 14:50:52,781 [Worker-59: Building workspace] INFO  o.e.m.c.i.embedder.EclipseLogger - Using 'UTF-8' encoding to copy filtered resources.
2026-01-31 14:50:52,781 [Worker-59: Building workspace] INFO  o.e.m.c.i.embedder.EclipseLogger - skip non existing resourceDirectory D:\Rays\Spring-WorkSpace\Spring-MVC\spring-mvc-tiles\src\test\resources
2026-01-31 14:50:52,781 [Worker-59: Building workspace] INFO  o.e.m.w.i.f.ResourceFilteringBuildParticipant - Changed resources require a complete clean of filtered resources of spring-mvc-tiles
2026-01-31 14:50:52,781 [Worker-59: Building workspace] INFO  o.e.m.w.i.f.ResourceFilteringBuildParticipant - Executing resource filtering for spring-mvc-tiles
2026-01-31 14:50:52,797 [Worker-59: Building workspace] INFO  o.e.m.c.i.embedder.EclipseLogger - Using 'UTF-8' encoding to copy filtered resources.
2026-01-31 14:51:18,485 [Worker-63: Updating Maven Project] INFO  o.e.m.c.i.p.ProjectConfigurationManager - Update started
2026-01-31 14:51:19,172 [Worker-63: Updating Maven Project] INFO  o.e.m.c.i.l.LifecycleMappingFactory - Using org.maven.ide.eclipse.wtp.WarLifecycleMapping lifecycle mapping for MavenProject: com.rays:spring-mvc-tiles:0.0.1-SNAPSHOT @ D:\Rays\Spring-WorkSpace\Spring-MVC\spring-mvc-tiles\pom.xml.
2026-01-31 14:51:19,703 [Worker-63: Updating Maven Project] INFO  o.e.m.c.i.l.LifecycleMappingFactory - Using org.maven.ide.eclipse.wtp.WarLifecycleMapping lifecycle mapping for MavenProject: com.rays:spring-mvc-simple:0.0.1-SNAPSHOT @ D:\Rays\Spring-WorkSpace\Spring-MVC\spring-mvc-simple\pom.xml.
2026-01-31 14:51:21,172 [Worker-63: Updating Maven Project] INFO  o.e.m.j.i.AbstractJavaProjectConfigurator - Adding source folder /spring-mvc-tiles/src/main/java
2026-01-31 14:51:21,172 [Worker-63: Updating Maven Project] INFO  o.e.m.j.i.AbstractJavaProjectConfigurator - Adding resource folder /spring-mvc-tiles/src/main/resources
2026-01-31 14:51:21,172 [Worker-63: Updating Maven Project] INFO  o.e.m.j.i.AbstractJavaProjectConfigurator - Adding source folder /spring-mvc-tiles/src/test/java
2026-01-31 14:51:22,110 [Worker-63: Updating Maven Project] INFO  o.e.m.w.i.f.ResourceFilteringBuildParticipant - Cleaning filtered folder for spring-mvc-tiles
2026-01-31 14:51:22,125 [Worker-63: Updating Maven Project] INFO  o.e.m.c.i.p.ProjectConfigurationManager - Update completed: 3 sec
2026-01-31 14:51:22,985 [Worker-56: Building workspace] INFO  o.e.m.c.i.embedder.EclipseLogger - Using 'UTF-8' encoding to copy filtered resources.
2026-01-31 14:51:22,985 [Worker-56: Building workspace] INFO  o.e.m.c.i.embedder.EclipseLogger - Copying 0 resource
2026-01-31 14:51:22,985 [Worker-56: Building workspace] INFO  o.e.m.c.i.embedder.EclipseLogger - Using 'UTF-8' encoding to copy filtered resources.
2026-01-31 14:51:22,985 [Worker-56: Building workspace] INFO  o.e.m.c.i.embedder.EclipseLogger - skip non existing resourceDirectory D:\Rays\Spring-WorkSpace\Spring-MVC\spring-mvc-simple\src\test\resources
2026-01-31 14:51:24,094 [Worker-56: Building workspace] INFO  o.e.m.c.i.embedder.EclipseLogger - Using 'UTF-8' encoding to copy filtered resources.
2026-01-31 14:51:24,094 [Worker-56: Building workspace] INFO  o.e.m.c.i.embedder.EclipseLogger - Copying 0 resource
2026-01-31 14:51:24,094 [Worker-56: Building workspace] INFO  o.e.m.c.i.embedder.EclipseLogger - Using 'UTF-8' encoding to copy filtered resources.
2026-01-31 14:51:24,094 [Worker-56: Building workspace] INFO  o.e.m.c.i.embedder.EclipseLogger - skip non existing resourceDirectory D:\Rays\Spring-WorkSpace\Spring-MVC\spring-mvc-tiles\src\test\resources
2026-01-31 14:51:24,094 [Worker-56: Building workspace] INFO  o.e.m.w.i.f.ResourceFilteringBuildParticipant - Changed resources require a complete clean of filtered resources of spring-mvc-tiles
2026-01-31 14:51:24,110 [Worker-56: Building workspace] INFO  o.e.m.w.i.f.ResourceFilteringBuildParticipant - Executing resource filtering for spring-mvc-tiles
2026-01-31 14:51:24,110 [Worker-56: Building workspace] INFO  o.e.m.c.i.embedder.EclipseLogger - Using 'UTF-8' encoding to copy filtered resources.
2026-01-31 14:52:54,385 [Worker-65: Updating Maven Dependencies] ERROR o.e.m.j.i.l.MavenLaunchConfigurationListener - Launch configuration AppletServer references closed project spring-mvc-simple
org.eclipse.core.runtime.CoreException: Launch configuration AppletServer references closed project spring-mvc-simple
	at org.eclipse.jdt.launching.JavaRuntime.abort(JavaRuntime.java:1839) ~[na:na]
	at org.eclipse.jdt.launching.JavaRuntime.getJavaProject(JavaRuntime.java:1711) ~[na:na]
	at org.eclipse.m2e.jdt.internal.launch.MavenLaunchConfigurationListener.updateLaunchConfiguration(MavenLaunchConfigurationListener.java:53) ~[na:na]
	at org.eclipse.m2e.jdt.internal.launch.MavenLaunchConfigurationListener.launchConfigurationChanged(MavenLaunchConfigurationListener.java:38) ~[na:na]
	at org.eclipse.debug.internal.core.LaunchManager$ConfigurationNotifier.run(LaunchManager.java:225) ~[na:na]
	at org.eclipse.core.runtime.SafeRunner.run(SafeRunner.java:45) ~[org.eclipse.equinox.common_3.10.300.v20190218-2100.jar:na]
	at org.eclipse.debug.internal.core.LaunchManager$ConfigurationNotifier.notify(LaunchManager.java:209) ~[na:na]
	at org.eclipse.debug.internal.core.LaunchConfigurationWorkingCopy.setDirty(LaunchConfigurationWorkingCopy.java:528) ~[na:na]
	at org.eclipse.debug.internal.core.LaunchConfigurationWorkingCopy.setAttribute(LaunchConfigurationWorkingCopy.java:416) ~[na:na]
	at org.eclipse.m2e.jdt.internal.launch.MavenRuntimeClasspathProvider.disable(MavenRuntimeClasspathProvider.java:352) ~[na:na]
	at org.eclipse.m2e.jdt.internal.launch.MavenRuntimeClasspathProvider.disable(MavenRuntimeClasspathProvider.java:378) ~[na:na]
	at org.eclipse.m2e.jdt.internal.launch.MavenLaunchConfigurationListener.mavenProjectChanged(MavenLaunchConfigurationListener.java:70) ~[na:na]
	at org.eclipse.m2e.core.internal.project.registry.ProjectRegistryManager.notifyProjectChangeListeners(ProjectRegistryManager.java:777) ~[na:na]
	at org.eclipse.m2e.core.internal.project.registry.ProjectRegistryManager.applyMutableProjectRegistry(ProjectRegistryManager.java:921) ~[na:na]
	at org.eclipse.m2e.core.internal.project.registry.ProjectRegistryRefreshJob$1.call(ProjectRegistryRefreshJob.java:98) ~[na:na]
	at org.eclipse.m2e.core.internal.project.registry.ProjectRegistryRefreshJob$1.call(ProjectRegistryRefreshJob.java:1) ~[na:na]
	at org.eclipse.m2e.core.internal.embedder.MavenExecutionContext.executeBare(MavenExecutionContext.java:177) ~[na:na]
	at org.eclipse.m2e.core.internal.embedder.MavenExecutionContext.execute(MavenExecutionContext.java:151) ~[na:na]
	at org.eclipse.m2e.core.internal.embedder.MavenExecutionContext.execute(MavenExecutionContext.java:99) ~[na:na]
	at org.eclipse.m2e.core.internal.embedder.MavenImpl.execute(MavenImpl.java:1336) ~[na:na]
	at org.eclipse.m2e.core.internal.project.registry.ProjectRegistryRefreshJob.run(ProjectRegistryRefreshJob.java:81) ~[na:na]
	at org.eclipse.core.internal.jobs.Worker.run(Worker.java:63) ~[org.eclipse.core.jobs_3.10.300.v20190215-2048.jar:na]
2026-01-31 14:52:54,401 [Worker-65: Updating Maven Dependencies] ERROR o.e.m.j.i.l.MavenLaunchConfigurationListener - Launch configuration AppletServer references closed project spring-mvc-simple
org.eclipse.core.runtime.CoreException: Launch configuration AppletServer references closed project spring-mvc-simple
	at org.eclipse.jdt.launching.JavaRuntime.abort(JavaRuntime.java:1839) ~[na:na]
	at org.eclipse.jdt.launching.JavaRuntime.getJavaProject(JavaRuntime.java:1711) ~[na:na]
	at org.eclipse.m2e.jdt.internal.launch.MavenLaunchConfigurationListener.updateLaunchConfiguration(MavenLaunchConfigurationListener.java:53) ~[na:na]
	at org.eclipse.m2e.jdt.internal.launch.MavenLaunchConfigurationListener.launchConfigurationChanged(MavenLaunchConfigurationListener.java:38) ~[na:na]
	at org.eclipse.debug.internal.core.LaunchManager$ConfigurationNotifier.run(LaunchManager.java:225) ~[na:na]
	at org.eclipse.core.runtime.SafeRunner.run(SafeRunner.java:45) ~[org.eclipse.equinox.common_3.10.300.v20190218-2100.jar:na]
	at org.eclipse.debug.internal.core.LaunchManager$ConfigurationNotifier.notify(LaunchManager.java:209) ~[na:na]
	at org.eclipse.debug.internal.core.LaunchConfigurationWorkingCopy.setDirty(LaunchConfigurationWorkingCopy.java:528) ~[na:na]
	at org.eclipse.debug.internal.core.LaunchConfigurationWorkingCopy.setAttribute(LaunchConfigurationWorkingCopy.java:416) ~[na:na]
	at org.eclipse.m2e.jdt.internal.launch.MavenRuntimeClasspathProvider.disable(MavenRuntimeClasspathProvider.java:353) ~[na:na]
	at org.eclipse.m2e.jdt.internal.launch.MavenRuntimeClasspathProvider.disable(MavenRuntimeClasspathProvider.java:378) ~[na:na]
	at org.eclipse.m2e.jdt.internal.launch.MavenLaunchConfigurationListener.mavenProjectChanged(MavenLaunchConfigurationListener.java:70) ~[na:na]
	at org.eclipse.m2e.core.internal.project.registry.ProjectRegistryManager.notifyProjectChangeListeners(ProjectRegistryManager.java:777) ~[na:na]
	at org.eclipse.m2e.core.internal.project.registry.ProjectRegistryManager.applyMutableProjectRegistry(ProjectRegistryManager.java:921) ~[na:na]
	at org.eclipse.m2e.core.internal.project.registry.ProjectRegistryRefreshJob$1.call(ProjectRegistryRefreshJob.java:98) ~[na:na]
	at org.eclipse.m2e.core.internal.project.registry.ProjectRegistryRefreshJob$1.call(ProjectRegistryRefreshJob.java:1) ~[na:na]
	at org.eclipse.m2e.core.internal.embedder.MavenExecutionContext.executeBare(MavenExecutionContext.java:177) ~[na:na]
	at org.eclipse.m2e.core.internal.embedder.MavenExecutionContext.execute(MavenExecutionContext.java:151) ~[na:na]
	at org.eclipse.m2e.core.internal.embedder.MavenExecutionContext.execute(MavenExecutionContext.java:99) ~[na:na]
	at org.eclipse.m2e.core.internal.embedder.MavenImpl.execute(MavenImpl.java:1336) ~[na:na]
	at org.eclipse.m2e.core.internal.project.registry.ProjectRegistryRefreshJob.run(ProjectRegistryRefreshJob.java:81) ~[na:na]
	at org.eclipse.core.internal.jobs.Worker.run(Worker.java:63) ~[org.eclipse.core.jobs_3.10.300.v20190215-2048.jar:na]
2026-01-31 14:52:54,447 [Worker-65: Updating Maven Dependencies] ERROR o.e.m.j.i.l.MavenLaunchConfigurationListener - Launch configuration AppletServer references closed project spring-mvc-simple
org.eclipse.core.runtime.CoreException: Launch configuration AppletServer references closed project spring-mvc-simple
	at org.eclipse.jdt.launching.JavaRuntime.abort(JavaRuntime.java:1839) ~[na:na]
	at org.eclipse.jdt.launching.JavaRuntime.getJavaProject(JavaRuntime.java:1711) ~[na:na]
	at org.eclipse.m2e.jdt.internal.launch.MavenLaunchConfigurationListener.updateLaunchConfiguration(MavenLaunchConfigurationListener.java:53) ~[na:na]
	at org.eclipse.m2e.jdt.internal.launch.MavenLaunchConfigurationListener.launchConfigurationChanged(MavenLaunchConfigurationListener.java:38) ~[na:na]
	at org.eclipse.debug.internal.core.LaunchManager$ConfigurationNotifier.run(LaunchManager.java:225) ~[na:na]
	at org.eclipse.core.runtime.SafeRunner.run(SafeRunner.java:45) ~[org.eclipse.equinox.common_3.10.300.v20190218-2100.jar:na]
	at org.eclipse.debug.internal.core.LaunchManager$ConfigurationNotifier.notify(LaunchManager.java:209) ~[na:na]
	at org.eclipse.debug.internal.core.LaunchManager.launchConfigurationChanged(LaunchManager.java:2151) ~[na:na]
	at org.eclipse.debug.internal.core.LaunchConfigurationWorkingCopy.writeNewFile(LaunchConfigurationWorkingCopy.java:381) ~[na:na]
	at org.eclipse.debug.internal.core.LaunchConfigurationWorkingCopy.doSave0(LaunchConfigurationWorkingCopy.java:258) ~[na:na]
	at org.eclipse.debug.internal.core.LaunchConfigurationWorkingCopy.doSave(LaunchConfigurationWorkingCopy.java:228) ~[na:na]
	at org.eclipse.debug.internal.core.LaunchConfigurationWorkingCopy.doSave(LaunchConfigurationWorkingCopy.java:186) ~[na:na]
	at org.eclipse.m2e.jdt.internal.launch.MavenRuntimeClasspathProvider.disable(MavenRuntimeClasspathProvider.java:354) ~[na:na]
	at org.eclipse.m2e.jdt.internal.launch.MavenRuntimeClasspathProvider.disable(MavenRuntimeClasspathProvider.java:378) ~[na:na]
	at org.eclipse.m2e.jdt.internal.launch.MavenLaunchConfigurationListener.mavenProjectChanged(MavenLaunchConfigurationListener.java:70) ~[na:na]
	at org.eclipse.m2e.core.internal.project.registry.ProjectRegistryManager.notifyProjectChangeListeners(ProjectRegistryManager.java:777) ~[na:na]
	at org.eclipse.m2e.core.internal.project.registry.ProjectRegistryManager.applyMutableProjectRegistry(ProjectRegistryManager.java:921) ~[na:na]
	at org.eclipse.m2e.core.internal.project.registry.ProjectRegistryRefreshJob$1.call(ProjectRegistryRefreshJob.java:98) ~[na:na]
	at org.eclipse.m2e.core.internal.project.registry.ProjectRegistryRefreshJob$1.call(ProjectRegistryRefreshJob.java:1) ~[na:na]
	at org.eclipse.m2e.core.internal.embedder.MavenExecutionContext.executeBare(MavenExecutionContext.java:177) ~[na:na]
	at org.eclipse.m2e.core.internal.embedder.MavenExecutionContext.execute(MavenExecutionContext.java:151) ~[na:na]
	at org.eclipse.m2e.core.internal.embedder.MavenExecutionContext.execute(MavenExecutionContext.java:99) ~[na:na]
	at org.eclipse.m2e.core.internal.embedder.MavenImpl.execute(MavenImpl.java:1336) ~[na:na]
	at org.eclipse.m2e.core.internal.project.registry.ProjectRegistryRefreshJob.run(ProjectRegistryRefreshJob.java:81) ~[na:na]
	at org.eclipse.core.internal.jobs.Worker.run(Worker.java:63) ~[org.eclipse.core.jobs_3.10.300.v20190215-2048.jar:na]
2026-01-31 14:54:01,213 [Worker-65: Cleaning all projects] INFO  o.e.m.w.i.f.ResourceFilteringBuildParticipant - Cleaning filtered folder for spring-mvc-tiles
2026-01-31 14:54:01,729 [Worker-56: Building workspace] INFO  o.e.m.c.i.embedder.EclipseLogger - Using 'UTF-8' encoding to copy filtered resources.
2026-01-31 14:54:01,744 [Worker-56: Building workspace] INFO  o.e.m.c.i.embedder.EclipseLogger - Copying 0 resource
2026-01-31 14:54:01,744 [Worker-56: Building workspace] INFO  o.e.m.c.i.embedder.EclipseLogger - Using 'UTF-8' encoding to copy filtered resources.
2026-01-31 14:54:01,744 [Worker-56: Building workspace] INFO  o.e.m.c.i.embedder.EclipseLogger - skip non existing resourceDirectory D:\Rays\Spring-WorkSpace\Spring-MVC\spring-mvc-tiles\src\test\resources
2026-01-31 14:54:01,744 [Worker-56: Building workspace] INFO  o.e.m.w.i.f.ResourceFilteringBuildParticipant - Changed resources require a complete clean of filtered resources of spring-mvc-tiles
2026-01-31 14:54:01,744 [Worker-56: Building workspace] INFO  o.e.m.w.i.f.ResourceFilteringBuildParticipant - Executing resource filtering for spring-mvc-tiles
2026-01-31 14:54:01,744 [Worker-56: Building workspace] INFO  o.e.m.c.i.embedder.EclipseLogger - Using 'UTF-8' encoding to copy filtered resources.
2026-01-31 14:54:37,376 [Worker-63: Cleaning all projects] INFO  o.e.m.w.i.f.ResourceFilteringBuildParticipant - Cleaning filtered folder for spring-mvc-tiles
2026-01-31 14:54:37,782 [Worker-65: Building workspace] INFO  o.e.m.c.i.embedder.EclipseLogger - Using 'UTF-8' encoding to copy filtered resources.
2026-01-31 14:54:37,782 [Worker-65: Building workspace] INFO  o.e.m.c.i.embedder.EclipseLogger - Copying 0 resource
2026-01-31 14:54:37,782 [Worker-65: Building workspace] INFO  o.e.m.c.i.embedder.EclipseLogger - Using 'UTF-8' encoding to copy filtered resources.
2026-01-31 14:54:37,782 [Worker-65: Building workspace] INFO  o.e.m.c.i.embedder.EclipseLogger - skip non existing resourceDirectory D:\Rays\Spring-WorkSpace\Spring-MVC\spring-mvc-tiles\src\test\resources
2026-01-31 14:54:37,782 [Worker-65: Building workspace] INFO  o.e.m.w.i.f.ResourceFilteringBuildParticipant - Changed resources require a complete clean of filtered resources of spring-mvc-tiles
2026-01-31 14:54:37,782 [Worker-65: Building workspace] INFO  o.e.m.w.i.f.ResourceFilteringBuildParticipant - Executing resource filtering for spring-mvc-tiles
2026-01-31 14:54:37,798 [Worker-65: Building workspace] INFO  o.e.m.c.i.embedder.EclipseLogger - Using 'UTF-8' encoding to copy filtered resources.
2026-01-31 15:02:35,089 [Worker-2: Loading available Gradle versions] INFO  o.e.b.c.i.u.g.PublishedGradleVersions - Gradle version information cache is up-to-date. Trying to read.
2026-01-31 15:02:46,151 [Worker-9: Building workspace] INFO  o.e.m.c.i.embedder.EclipseLogger - Using 'UTF-8' encoding to copy filtered resources.
2026-01-31 15:02:46,237 [Worker-9: Building workspace] INFO  o.e.m.c.i.embedder.EclipseLogger - Copying 0 resource
2026-01-31 15:02:46,248 [Worker-9: Building workspace] INFO  o.e.m.c.i.embedder.EclipseLogger - Using 'UTF-8' encoding to copy filtered resources.
2026-01-31 15:02:46,248 [Worker-9: Building workspace] INFO  o.e.m.c.i.embedder.EclipseLogger - skip non existing resourceDirectory D:\Rays\Spring-WorkSpace\Spring-MVC\spring-mvc-tiles\src\test\resources
2026-01-31 15:07:00,762 [Worker-6: Building workspace] INFO  o.e.m.c.i.embedder.EclipseLogger - Using 'UTF-8' encoding to copy filtered resources.
2026-01-31 15:07:00,775 [Worker-6: Building workspace] INFO  o.e.m.c.i.embedder.EclipseLogger - Copying 0 resource
2026-01-31 15:07:00,777 [Worker-6: Building workspace] INFO  o.e.m.c.i.embedder.EclipseLogger - Using 'UTF-8' encoding to copy filtered resources.
2026-01-31 15:07:00,778 [Worker-6: Building workspace] INFO  o.e.m.c.i.embedder.EclipseLogger - skip non existing resourceDirectory D:\Rays\Spring-WorkSpace\Spring-MVC\spring-mvc-tiles\src\test\resources
2026-01-31 15:07:21,956 [Worker-5: Building workspace] INFO  o.e.m.c.i.embedder.EclipseLogger - Using 'UTF-8' encoding to copy filtered resources.
2026-01-31 15:07:21,961 [Worker-5: Building workspace] INFO  o.e.m.c.i.embedder.EclipseLogger - Copying 0 resource
2026-01-31 15:07:21,969 [Worker-5: Building workspace] INFO  o.e.m.c.i.embedder.EclipseLogger - Using 'UTF-8' encoding to copy filtered resources.
2026-01-31 15:07:21,970 [Worker-5: Building workspace] INFO  o.e.m.c.i.embedder.EclipseLogger - skip non existing resourceDirectory D:\Rays\Spring-WorkSpace\Spring-MVC\spring-mvc-tiles\src\test\resources
2026-01-31 15:09:24,430 [Worker-15: Building workspace] INFO  o.e.m.c.i.embedder.EclipseLogger - Using 'UTF-8' encoding to copy filtered resources.
2026-01-31 15:09:24,430 [Worker-15: Building workspace] INFO  o.e.m.c.i.embedder.EclipseLogger - Copying 0 resource
2026-01-31 15:09:24,433 [Worker-15: Building workspace] INFO  o.e.m.c.i.embedder.EclipseLogger - Using 'UTF-8' encoding to copy filtered resources.
2026-01-31 15:09:24,433 [Worker-15: Building workspace] INFO  o.e.m.c.i.embedder.EclipseLogger - skip non existing resourceDirectory D:\Rays\Spring-WorkSpace\Spring-MVC\spring-mvc-tiles\src\test\resources
2026-01-31 15:09:49,977 [Worker-3: Building workspace] INFO  o.e.m.c.i.embedder.EclipseLogger - Using 'UTF-8' encoding to copy filtered resources.
2026-01-31 15:09:49,977 [Worker-3: Building workspace] INFO  o.e.m.c.i.embedder.EclipseLogger - Copying 0 resource
2026-01-31 15:09:49,979 [Worker-3: Building workspace] INFO  o.e.m.c.i.embedder.EclipseLogger - Using 'UTF-8' encoding to copy filtered resources.
2026-01-31 15:09:49,980 [Worker-3: Building workspace] INFO  o.e.m.c.i.embedder.EclipseLogger - skip non existing resourceDirectory D:\Rays\Spring-WorkSpace\Spring-MVC\spring-mvc-tiles\src\test\resources
2026-01-31 15:11:52,428 [Worker-1: Building workspace] INFO  o.e.m.c.i.embedder.EclipseLogger - Using 'UTF-8' encoding to copy filtered resources.
2026-01-31 15:11:52,431 [Worker-1: Building workspace] INFO  o.e.m.c.i.embedder.EclipseLogger - Copying 0 resource
2026-01-31 15:11:52,436 [Worker-1: Building workspace] INFO  o.e.m.c.i.embedder.EclipseLogger - Using 'UTF-8' encoding to copy filtered resources.
2026-01-31 15:11:52,437 [Worker-1: Building workspace] INFO  o.e.m.c.i.embedder.EclipseLogger - skip non existing resourceDirectory D:\Rays\Spring-WorkSpace\Spring-MVC\spring-mvc-tiles\src\test\resources
2026-01-31 15:12:11,944 [Worker-1: Building workspace] INFO  o.e.m.c.i.embedder.EclipseLogger - Using 'UTF-8' encoding to copy filtered resources.
2026-01-31 15:12:11,946 [Worker-1: Building workspace] INFO  o.e.m.c.i.embedder.EclipseLogger - Copying 0 resource
2026-01-31 15:12:11,970 [Worker-1: Building workspace] INFO  o.e.m.c.i.embedder.EclipseLogger - Using 'UTF-8' encoding to copy filtered resources.
2026-01-31 15:12:11,970 [Worker-1: Building workspace] INFO  o.e.m.c.i.embedder.EclipseLogger - skip non existing resourceDirectory D:\Rays\Spring-WorkSpace\Spring-MVC\spring-mvc-tiles\src\test\resources
2026-01-31 15:25:25,734 [Worker-20: Building workspace] INFO  o.e.m.c.i.embedder.EclipseLogger - Using 'UTF-8' encoding to copy filtered resources.
2026-01-31 15:25:26,074 [Worker-20: Building workspace] INFO  o.e.m.c.i.embedder.EclipseLogger - Copying 0 resource
2026-01-31 15:25:26,082 [Worker-20: Building workspace] INFO  o.e.m.c.i.embedder.EclipseLogger - Using 'UTF-8' encoding to copy filtered resources.
2026-01-31 15:25:26,083 [Worker-20: Building workspace] INFO  o.e.m.c.i.embedder.EclipseLogger - skip non existing resourceDirectory D:\Rays\Spring-WorkSpace\Spring-MVC\spring-mvc-tiles\src\test\resources
2026-01-31 15:27:19,136 [Worker-3: Loading available Gradle versions] INFO  o.e.b.c.i.u.g.PublishedGradleVersions - Gradle version information cache is up-to-date. Trying to read.
2026-01-31 15:27:32,461 [Worker-0: Building workspace] INFO  o.e.m.c.i.embedder.EclipseLogger - Using 'UTF-8' encoding to copy filtered resources.
2026-01-31 15:27:32,508 [Worker-0: Building workspace] INFO  o.e.m.c.i.embedder.EclipseLogger - Copying 0 resource
2026-01-31 15:27:32,571 [Worker-0: Building workspace] INFO  o.e.m.c.i.embedder.EclipseLogger - Using 'UTF-8' encoding to copy filtered resources.
2026-01-31 15:27:32,572 [Worker-0: Building workspace] INFO  o.e.m.c.i.embedder.EclipseLogger - skip non existing resourceDirectory D:\Rays\Spring-WorkSpace\Spring-MVC\spring-mvc-tiles\src\test\resources
2026-01-31 15:27:54,272 [Worker-9: Building workspace] INFO  o.e.m.c.i.embedder.EclipseLogger - Using 'UTF-8' encoding to copy filtered resources.
2026-01-31 15:27:54,286 [Worker-9: Building workspace] INFO  o.e.m.c.i.embedder.EclipseLogger - Copying 0 resource
2026-01-31 15:27:54,289 [Worker-9: Building workspace] INFO  o.e.m.c.i.embedder.EclipseLogger - Using 'UTF-8' encoding to copy filtered resources.
2026-01-31 15:27:54,289 [Worker-9: Building workspace] INFO  o.e.m.c.i.embedder.EclipseLogger - skip non existing resourceDirectory D:\Rays\Spring-WorkSpace\Spring-MVC\spring-mvc-tiles\src\test\resources
2026-01-31 15:31:56,611 [Worker-6: Building workspace] INFO  o.e.m.c.i.embedder.EclipseLogger - Using 'UTF-8' encoding to copy filtered resources.
2026-01-31 15:31:56,612 [Worker-6: Building workspace] INFO  o.e.m.c.i.embedder.EclipseLogger - Copying 0 resource
2026-01-31 15:31:56,618 [Worker-6: Building workspace] INFO  o.e.m.c.i.embedder.EclipseLogger - Using 'UTF-8' encoding to copy filtered resources.
2026-01-31 15:31:56,619 [Worker-6: Building workspace] INFO  o.e.m.c.i.embedder.EclipseLogger - skip non existing resourceDirectory D:\Rays\Spring-WorkSpace\Spring-MVC\spring-mvc-tiles\src\test\resources
2026-01-31 15:32:44,828 [Worker-16: Building workspace] INFO  o.e.m.c.i.embedder.EclipseLogger - Using 'UTF-8' encoding to copy filtered resources.
2026-01-31 15:32:44,829 [Worker-16: Building workspace] INFO  o.e.m.c.i.embedder.EclipseLogger - Copying 0 resource
2026-01-31 15:32:44,832 [Worker-16: Building workspace] INFO  o.e.m.c.i.embedder.EclipseLogger - Using 'UTF-8' encoding to copy filtered resources.
2026-01-31 15:32:44,833 [Worker-16: Building workspace] INFO  o.e.m.c.i.embedder.EclipseLogger - skip non existing resourceDirectory D:\Rays\Spring-WorkSpace\Spring-MVC\spring-mvc-tiles\src\test\resources
2026-01-31 15:33:03,531 [Worker-16: Building workspace] INFO  o.e.m.c.i.embedder.EclipseLogger - Using 'UTF-8' encoding to copy filtered resources.
2026-01-31 15:33:03,531 [Worker-16: Building workspace] INFO  o.e.m.c.i.embedder.EclipseLogger - Copying 0 resource
2026-01-31 15:33:03,538 [Worker-16: Building workspace] INFO  o.e.m.c.i.embedder.EclipseLogger - Using 'UTF-8' encoding to copy filtered resources.
2026-01-31 15:33:03,538 [Worker-16: Building workspace] INFO  o.e.m.c.i.embedder.EclipseLogger - skip non existing resourceDirectory D:\Rays\Spring-WorkSpace\Spring-MVC\spring-mvc-tiles\src\test\resources
2026-01-31 15:33:23,057 [Worker-19: Building workspace] INFO  o.e.m.c.i.embedder.EclipseLogger - Using 'UTF-8' encoding to copy filtered resources.
2026-01-31 15:33:23,057 [Worker-19: Building workspace] INFO  o.e.m.c.i.embedder.EclipseLogger - Copying 0 resource
2026-01-31 15:33:23,065 [Worker-19: Building workspace] INFO  o.e.m.c.i.embedder.EclipseLogger - Using 'UTF-8' encoding to copy filtered resources.
2026-01-31 15:33:23,065 [Worker-19: Building workspace] INFO  o.e.m.c.i.embedder.EclipseLogger - skip non existing resourceDirectory D:\Rays\Spring-WorkSpace\Spring-MVC\spring-mvc-tiles\src\test\resources
2026-01-31 15:33:52,288 [Worker-16: Building workspace] INFO  o.e.m.c.i.embedder.EclipseLogger - Using 'UTF-8' encoding to copy filtered resources.
2026-01-31 15:33:52,288 [Worker-16: Building workspace] INFO  o.e.m.c.i.embedder.EclipseLogger - Copying 0 resource
2026-01-31 15:33:52,291 [Worker-16: Building workspace] INFO  o.e.m.c.i.embedder.EclipseLogger - Using 'UTF-8' encoding to copy filtered resources.
2026-01-31 15:33:52,292 [Worker-16: Building workspace] INFO  o.e.m.c.i.embedder.EclipseLogger - skip non existing resourceDirectory D:\Rays\Spring-WorkSpace\Spring-MVC\spring-mvc-tiles\src\test\resources
2026-01-31 15:34:17,480 [Worker-16: Building workspace] INFO  o.e.m.c.i.embedder.EclipseLogger - Using 'UTF-8' encoding to copy filtered resources.
2026-01-31 15:34:17,480 [Worker-16: Building workspace] INFO  o.e.m.c.i.embedder.EclipseLogger - Copying 0 resource
2026-01-31 15:34:17,485 [Worker-16: Building workspace] INFO  o.e.m.c.i.embedder.EclipseLogger - Using 'UTF-8' encoding to copy filtered resources.
2026-01-31 15:34:17,485 [Worker-16: Building workspace] INFO  o.e.m.c.i.embedder.EclipseLogger - skip non existing resourceDirectory D:\Rays\Spring-WorkSpace\Spring-MVC\spring-mvc-tiles\src\test\resources
2026-01-31 15:34:40,493 [Worker-20: Building workspace] INFO  o.e.m.c.i.embedder.EclipseLogger - Using 'UTF-8' encoding to copy filtered resources.
2026-01-31 15:34:40,494 [Worker-20: Building workspace] INFO  o.e.m.c.i.embedder.EclipseLogger - Copying 0 resource
2026-01-31 15:34:40,519 [Worker-20: Building workspace] INFO  o.e.m.c.i.embedder.EclipseLogger - Using 'UTF-8' encoding to copy filtered resources.
2026-01-31 15:34:40,520 [Worker-20: Building workspace] INFO  o.e.m.c.i.embedder.EclipseLogger - skip non existing resourceDirectory D:\Rays\Spring-WorkSpace\Spring-MVC\spring-mvc-tiles\src\test\resources
2026-01-31 15:35:00,231 [Worker-20: Building workspace] INFO  o.e.m.c.i.embedder.EclipseLogger - Using 'UTF-8' encoding to copy filtered resources.
2026-01-31 15:35:00,231 [Worker-20: Building workspace] INFO  o.e.m.c.i.embedder.EclipseLogger - Copying 0 resource
2026-01-31 15:35:00,234 [Worker-20: Building workspace] INFO  o.e.m.c.i.embedder.EclipseLogger - Using 'UTF-8' encoding to copy filtered resources.
2026-01-31 15:35:00,234 [Worker-20: Building workspace] INFO  o.e.m.c.i.embedder.EclipseLogger - skip non existing resourceDirectory D:\Rays\Spring-WorkSpace\Spring-MVC\spring-mvc-tiles\src\test\resources
2026-01-31 15:35:59,039 [Worker-21: Building workspace] INFO  o.e.m.c.i.embedder.EclipseLogger - Using 'UTF-8' encoding to copy filtered resources.
2026-01-31 15:35:59,040 [Worker-21: Building workspace] INFO  o.e.m.c.i.embedder.EclipseLogger - Copying 0 resource
2026-01-31 15:35:59,043 [Worker-21: Building workspace] INFO  o.e.m.c.i.embedder.EclipseLogger - Using 'UTF-8' encoding to copy filtered resources.
2026-01-31 15:35:59,043 [Worker-21: Building workspace] INFO  o.e.m.c.i.embedder.EclipseLogger - skip non existing resourceDirectory D:\Rays\Spring-WorkSpace\Spring-MVC\spring-mvc-tiles\src\test\resources
2026-01-31 15:36:51,624 [Worker-18: Building workspace] INFO  o.e.m.c.i.embedder.EclipseLogger - Using 'UTF-8' encoding to copy filtered resources.
2026-01-31 15:36:51,626 [Worker-18: Building workspace] INFO  o.e.m.c.i.embedder.EclipseLogger - Copying 0 resource
2026-01-31 15:36:51,630 [Worker-18: Building workspace] INFO  o.e.m.c.i.embedder.EclipseLogger - Using 'UTF-8' encoding to copy filtered resources.
2026-01-31 15:36:51,630 [Worker-18: Building workspace] INFO  o.e.m.c.i.embedder.EclipseLogger - skip non existing resourceDirectory D:\Rays\Spring-WorkSpace\Spring-MVC\spring-mvc-tiles\src\test\resources
2026-01-31 15:37:09,393 [Worker-21: Building workspace] INFO  o.e.m.c.i.embedder.EclipseLogger - Using 'UTF-8' encoding to copy filtered resources.
2026-01-31 15:37:09,394 [Worker-21: Building workspace] INFO  o.e.m.c.i.embedder.EclipseLogger - Copying 0 resource
2026-01-31 15:37:09,396 [Worker-21: Building workspace] INFO  o.e.m.c.i.embedder.EclipseLogger - Using 'UTF-8' encoding to copy filtered resources.
2026-01-31 15:37:09,397 [Worker-21: Building workspace] INFO  o.e.m.c.i.embedder.EclipseLogger - skip non existing resourceDirectory D:\Rays\Spring-WorkSpace\Spring-MVC\spring-mvc-tiles\src\test\resources
2026-01-31 15:37:18,774 [Worker-21: Building workspace] INFO  o.e.m.c.i.embedder.EclipseLogger - Using 'UTF-8' encoding to copy filtered resources.
2026-01-31 15:37:18,775 [Worker-21: Building workspace] INFO  o.e.m.c.i.embedder.EclipseLogger - Copying 0 resource
2026-01-31 15:37:18,776 [Worker-21: Building workspace] INFO  o.e.m.c.i.embedder.EclipseLogger - Using 'UTF-8' encoding to copy filtered resources.
2026-01-31 15:37:18,777 [Worker-21: Building workspace] INFO  o.e.m.c.i.embedder.EclipseLogger - skip non existing resourceDirectory D:\Rays\Spring-WorkSpace\Spring-MVC\spring-mvc-tiles\src\test\resources
2026-01-31 15:37:41,057 [Worker-16: Building workspace] INFO  o.e.m.c.i.embedder.EclipseLogger - Using 'UTF-8' encoding to copy filtered resources.
2026-01-31 15:37:41,058 [Worker-16: Building workspace] INFO  o.e.m.c.i.embedder.EclipseLogger - Copying 0 resource
2026-01-31 15:37:41,061 [Worker-16: Building workspace] INFO  o.e.m.c.i.embedder.EclipseLogger - Using 'UTF-8' encoding to copy filtered resources.
2026-01-31 15:37:41,061 [Worker-16: Building workspace] INFO  o.e.m.c.i.embedder.EclipseLogger - skip non existing resourceDirectory D:\Rays\Spring-WorkSpace\Spring-MVC\spring-mvc-tiles\src\test\resources
2026-01-31 15:37:47,730 [Worker-19: Building workspace] INFO  o.e.m.c.i.embedder.EclipseLogger - Using 'UTF-8' encoding to copy filtered resources.
2026-01-31 15:37:47,731 [Worker-19: Building workspace] INFO  o.e.m.c.i.embedder.EclipseLogger - Copying 0 resource
2026-01-31 15:37:47,736 [Worker-19: Building workspace] INFO  o.e.m.c.i.embedder.EclipseLogger - Using 'UTF-8' encoding to copy filtered resources.
2026-01-31 15:37:47,736 [Worker-19: Building workspace] INFO  o.e.m.c.i.embedder.EclipseLogger - skip non existing resourceDirectory D:\Rays\Spring-WorkSpace\Spring-MVC\spring-mvc-tiles\src\test\resources
2026-01-31 15:38:21,015 [Worker-18: Building workspace] INFO  o.e.m.c.i.embedder.EclipseLogger - Using 'UTF-8' encoding to copy filtered resources.
2026-01-31 15:38:21,016 [Worker-18: Building workspace] INFO  o.e.m.c.i.embedder.EclipseLogger - Copying 0 resource
2026-01-31 15:38:21,018 [Worker-18: Building workspace] INFO  o.e.m.c.i.embedder.EclipseLogger - Using 'UTF-8' encoding to copy filtered resources.
2026-01-31 15:38:21,019 [Worker-18: Building workspace] INFO  o.e.m.c.i.embedder.EclipseLogger - skip non existing resourceDirectory D:\Rays\Spring-WorkSpace\Spring-MVC\spring-mvc-tiles\src\test\resources
2026-01-31 15:38:41,501 [Worker-18: Building workspace] INFO  o.e.m.c.i.embedder.EclipseLogger - Using 'UTF-8' encoding to copy filtered resources.
2026-01-31 15:38:41,502 [Worker-18: Building workspace] INFO  o.e.m.c.i.embedder.EclipseLogger - Copying 0 resource
2026-01-31 15:38:41,504 [Worker-18: Building workspace] INFO  o.e.m.c.i.embedder.EclipseLogger - Using 'UTF-8' encoding to copy filtered resources.
2026-01-31 15:38:41,505 [Worker-18: Building workspace] INFO  o.e.m.c.i.embedder.EclipseLogger - skip non existing resourceDirectory D:\Rays\Spring-WorkSpace\Spring-MVC\spring-mvc-tiles\src\test\resources
2026-01-31 15:39:00,088 [Worker-19: Building workspace] INFO  o.e.m.c.i.embedder.EclipseLogger - Using 'UTF-8' encoding to copy filtered resources.
2026-01-31 15:39:00,089 [Worker-19: Building workspace] INFO  o.e.m.c.i.embedder.EclipseLogger - Copying 0 resource
2026-01-31 15:39:00,090 [Worker-19: Building workspace] INFO  o.e.m.c.i.embedder.EclipseLogger - Using 'UTF-8' encoding to copy filtered resources.
2026-01-31 15:39:00,091 [Worker-19: Building workspace] INFO  o.e.m.c.i.embedder.EclipseLogger - skip non existing resourceDirectory D:\Rays\Spring-WorkSpace\Spring-MVC\spring-mvc-tiles\src\test\resources
2026-01-31 15:41:26,521 [Worker-23: Building workspace] INFO  o.e.m.c.i.embedder.EclipseLogger - Using 'UTF-8' encoding to copy filtered resources.
2026-01-31 15:41:26,522 [Worker-23: Building workspace] INFO  o.e.m.c.i.embedder.EclipseLogger - Copying 0 resource
2026-01-31 15:41:26,526 [Worker-23: Building workspace] INFO  o.e.m.c.i.embedder.EclipseLogger - Using 'UTF-8' encoding to copy filtered resources.
2026-01-31 15:41:26,527 [Worker-23: Building workspace] INFO  o.e.m.c.i.embedder.EclipseLogger - skip non existing resourceDirectory D:\Rays\Spring-WorkSpace\Spring-MVC\spring-mvc-tiles\src\test\resources
2026-01-31 15:41:50,598 [Worker-25: Building workspace] INFO  o.e.m.c.i.embedder.EclipseLogger - Using 'UTF-8' encoding to copy filtered resources.
2026-01-31 15:41:50,598 [Worker-25: Building workspace] INFO  o.e.m.c.i.embedder.EclipseLogger - Copying 0 resource
2026-01-31 15:41:50,601 [Worker-25: Building workspace] INFO  o.e.m.c.i.embedder.EclipseLogger - Using 'UTF-8' encoding to copy filtered resources.
2026-01-31 15:41:50,601 [Worker-25: Building workspace] INFO  o.e.m.c.i.embedder.EclipseLogger - skip non existing resourceDirectory D:\Rays\Spring-WorkSpace\Spring-MVC\spring-mvc-tiles\src\test\resources
2026-01-31 15:42:38,870 [Worker-6: Building workspace] INFO  o.e.m.c.i.embedder.EclipseLogger - Using 'UTF-8' encoding to copy filtered resources.
2026-01-31 15:42:38,871 [Worker-6: Building workspace] INFO  o.e.m.c.i.embedder.EclipseLogger - Copying 0 resource
2026-01-31 15:42:38,874 [Worker-6: Building workspace] INFO  o.e.m.c.i.embedder.EclipseLogger - Using 'UTF-8' encoding to copy filtered resources.
2026-01-31 15:42:38,874 [Worker-6: Building workspace] INFO  o.e.m.c.i.embedder.EclipseLogger - skip non existing resourceDirectory D:\Rays\Spring-WorkSpace\Spring-MVC\spring-mvc-tiles\src\test\resources
2026-01-31 15:44:22,454 [Worker-24: Building workspace] INFO  o.e.m.c.i.embedder.EclipseLogger - Using 'UTF-8' encoding to copy filtered resources.
2026-01-31 15:44:22,454 [Worker-24: Building workspace] INFO  o.e.m.c.i.embedder.EclipseLogger - Copying 0 resource
2026-01-31 15:44:22,456 [Worker-24: Building workspace] INFO  o.e.m.c.i.embedder.EclipseLogger - Using 'UTF-8' encoding to copy filtered resources.
2026-01-31 15:44:22,456 [Worker-24: Building workspace] INFO  o.e.m.c.i.embedder.EclipseLogger - skip non existing resourceDirectory D:\Rays\Spring-WorkSpace\Spring-MVC\spring-mvc-tiles\src\test\resources
2026-01-31 15:45:22,619 [Worker-19: Building workspace] INFO  o.e.m.c.i.embedder.EclipseLogger - Using 'UTF-8' encoding to copy filtered resources.
2026-01-31 15:45:22,619 [Worker-19: Building workspace] INFO  o.e.m.c.i.embedder.EclipseLogger - Copying 0 resource
2026-01-31 15:45:22,621 [Worker-19: Building workspace] INFO  o.e.m.c.i.embedder.EclipseLogger - Using 'UTF-8' encoding to copy filtered resources.
2026-01-31 15:45:22,621 [Worker-19: Building workspace] INFO  o.e.m.c.i.embedder.EclipseLogger - skip non existing resourceDirectory D:\Rays\Spring-WorkSpace\Spring-MVC\spring-mvc-tiles\src\test\resources
2026-01-31 15:45:41,732 [Worker-19: Building workspace] INFO  o.e.m.c.i.embedder.EclipseLogger - Using 'UTF-8' encoding to copy filtered resources.
2026-01-31 15:45:41,733 [Worker-19: Building workspace] INFO  o.e.m.c.i.embedder.EclipseLogger - Copying 0 resource
2026-01-31 15:45:41,735 [Worker-19: Building workspace] INFO  o.e.m.c.i.embedder.EclipseLogger - Using 'UTF-8' encoding to copy filtered resources.
2026-01-31 15:45:41,735 [Worker-19: Building workspace] INFO  o.e.m.c.i.embedder.EclipseLogger - skip non existing resourceDirectory D:\Rays\Spring-WorkSpace\Spring-MVC\spring-mvc-tiles\src\test\resources
2026-01-31 15:46:55,693 [Worker-23: Building workspace] INFO  o.e.m.c.i.embedder.EclipseLogger - Using 'UTF-8' encoding to copy filtered resources.
2026-01-31 15:46:55,693 [Worker-23: Building workspace] INFO  o.e.m.c.i.embedder.EclipseLogger - Copying 0 resource
2026-01-31 15:46:55,695 [Worker-23: Building workspace] INFO  o.e.m.c.i.embedder.EclipseLogger - Using 'UTF-8' encoding to copy filtered resources.
2026-01-31 15:46:55,696 [Worker-23: Building workspace] INFO  o.e.m.c.i.embedder.EclipseLogger - skip non existing resourceDirectory D:\Rays\Spring-WorkSpace\Spring-MVC\spring-mvc-tiles\src\test\resources
2026-01-31 15:53:24,360 [Worker-25: Building workspace] INFO  o.e.m.c.i.embedder.EclipseLogger - Using 'UTF-8' encoding to copy filtered resources.
2026-01-31 15:53:24,360 [Worker-25: Building workspace] INFO  o.e.m.c.i.embedder.EclipseLogger - Copying 0 resource
2026-01-31 15:53:24,362 [Worker-25: Building workspace] INFO  o.e.m.c.i.embedder.EclipseLogger - Using 'UTF-8' encoding to copy filtered resources.
2026-01-31 15:53:24,362 [Worker-25: Building workspace] INFO  o.e.m.c.i.embedder.EclipseLogger - skip non existing resourceDirectory D:\Rays\Spring-WorkSpace\Spring-MVC\spring-mvc-tiles\src\test\resources
2026-01-31 15:54:53,824 [Worker-23: Building workspace] INFO  o.e.m.c.i.embedder.EclipseLogger - Using 'UTF-8' encoding to copy filtered resources.
2026-01-31 15:54:53,824 [Worker-23: Building workspace] INFO  o.e.m.c.i.embedder.EclipseLogger - Copying 0 resource
2026-01-31 15:54:53,826 [Worker-23: Building workspace] INFO  o.e.m.c.i.embedder.EclipseLogger - Using 'UTF-8' encoding to copy filtered resources.
2026-01-31 15:54:53,826 [Worker-23: Building workspace] INFO  o.e.m.c.i.embedder.EclipseLogger - skip non existing resourceDirectory D:\Rays\Spring-WorkSpace\Spring-MVC\spring-mvc-tiles\src\test\resources
2026-01-31 15:55:20,714 [Worker-26: Building workspace] INFO  o.e.m.c.i.embedder.EclipseLogger - Using 'UTF-8' encoding to copy filtered resources.
2026-01-31 15:55:20,715 [Worker-26: Building workspace] INFO  o.e.m.c.i.embedder.EclipseLogger - Copying 0 resource
2026-01-31 15:55:20,717 [Worker-26: Building workspace] INFO  o.e.m.c.i.embedder.EclipseLogger - Using 'UTF-8' encoding to copy filtered resources.
2026-01-31 15:55:20,717 [Worker-26: Building workspace] INFO  o.e.m.c.i.embedder.EclipseLogger - skip non existing resourceDirectory D:\Rays\Spring-WorkSpace\Spring-MVC\spring-mvc-tiles\src\test\resources
2026-01-31 15:55:32,426 [Worker-26: Building workspace] INFO  o.e.m.c.i.embedder.EclipseLogger - Using 'UTF-8' encoding to copy filtered resources.
2026-01-31 15:55:32,426 [Worker-26: Building workspace] INFO  o.e.m.c.i.embedder.EclipseLogger - Copying 0 resource
2026-01-31 15:55:32,428 [Worker-26: Building workspace] INFO  o.e.m.c.i.embedder.EclipseLogger - Using 'UTF-8' encoding to copy filtered resources.
2026-01-31 15:55:32,428 [Worker-26: Building workspace] INFO  o.e.m.c.i.embedder.EclipseLogger - skip non existing resourceDirectory D:\Rays\Spring-WorkSpace\Spring-MVC\spring-mvc-tiles\src\test\resources
2026-01-31 15:55:52,752 [Worker-19: Building workspace] INFO  o.e.m.c.i.embedder.EclipseLogger - Using 'UTF-8' encoding to copy filtered resources.
2026-01-31 15:55:52,752 [Worker-19: Building workspace] INFO  o.e.m.c.i.embedder.EclipseLogger - Copying 0 resource
2026-01-31 15:55:52,754 [Worker-19: Building workspace] INFO  o.e.m.c.i.embedder.EclipseLogger - Using 'UTF-8' encoding to copy filtered resources.
2026-01-31 15:55:52,755 [Worker-19: Building workspace] INFO  o.e.m.c.i.embedder.EclipseLogger - skip non existing resourceDirectory D:\Rays\Spring-WorkSpace\Spring-MVC\spring-mvc-tiles\src\test\resources
2026-01-31 15:57:37,644 [Worker-23: Building workspace] INFO  o.e.m.c.i.embedder.EclipseLogger - Using 'UTF-8' encoding to copy filtered resources.
2026-01-31 15:57:37,645 [Worker-23: Building workspace] INFO  o.e.m.c.i.embedder.EclipseLogger - Copying 0 resource
2026-01-31 15:57:37,648 [Worker-23: Building workspace] INFO  o.e.m.c.i.embedder.EclipseLogger - Using 'UTF-8' encoding to copy filtered resources.
2026-01-31 15:57:37,649 [Worker-23: Building workspace] INFO  o.e.m.c.i.embedder.EclipseLogger - skip non existing resourceDirectory D:\Rays\Spring-WorkSpace\Spring-MVC\spring-mvc-tiles\src\test\resources
2026-01-31 15:58:38,350 [Worker-28: Building workspace] INFO  o.e.m.c.i.embedder.EclipseLogger - Using 'UTF-8' encoding to copy filtered resources.
2026-01-31 15:58:38,350 [Worker-28: Building workspace] INFO  o.e.m.c.i.embedder.EclipseLogger - Copying 0 resource
2026-01-31 15:58:38,352 [Worker-28: Building workspace] INFO  o.e.m.c.i.embedder.EclipseLogger - Using 'UTF-8' encoding to copy filtered resources.
2026-01-31 15:58:38,353 [Worker-28: Building workspace] INFO  o.e.m.c.i.embedder.EclipseLogger - skip non existing resourceDirectory D:\Rays\Spring-WorkSpace\Spring-MVC\spring-mvc-tiles\src\test\resources
2026-01-31 15:59:43,475 [Worker-19: Building workspace] INFO  o.e.m.c.i.embedder.EclipseLogger - Using 'UTF-8' encoding to copy filtered resources.
2026-01-31 15:59:43,475 [Worker-19: Building workspace] INFO  o.e.m.c.i.embedder.EclipseLogger - Copying 0 resource
2026-01-31 15:59:43,477 [Worker-19: Building workspace] INFO  o.e.m.c.i.embedder.EclipseLogger - Using 'UTF-8' encoding to copy filtered resources.
2026-01-31 15:59:43,477 [Worker-19: Building workspace] INFO  o.e.m.c.i.embedder.EclipseLogger - skip non existing resourceDirectory D:\Rays\Spring-WorkSpace\Spring-MVC\spring-mvc-tiles\src\test\resources
2026-01-31 16:01:54,787 [Worker-19: Building workspace] INFO  o.e.m.c.i.embedder.EclipseLogger - Using 'UTF-8' encoding to copy filtered resources.
2026-01-31 16:01:54,788 [Worker-19: Building workspace] INFO  o.e.m.c.i.embedder.EclipseLogger - Copying 0 resource
2026-01-31 16:01:54,790 [Worker-19: Building workspace] INFO  o.e.m.c.i.embedder.EclipseLogger - Using 'UTF-8' encoding to copy filtered resources.
2026-01-31 16:01:54,790 [Worker-19: Building workspace] INFO  o.e.m.c.i.embedder.EclipseLogger - skip non existing resourceDirectory D:\Rays\Spring-WorkSpace\Spring-MVC\spring-mvc-tiles\src\test\resources
2026-01-31 16:07:32,654 [Worker-31: Building workspace] INFO  o.e.m.c.i.embedder.EclipseLogger - Using 'UTF-8' encoding to copy filtered resources.
2026-01-31 16:07:32,699 [Worker-31: Building workspace] INFO  o.e.m.c.i.embedder.EclipseLogger - Copying 0 resource
2026-01-31 16:07:32,701 [Worker-31: Building workspace] INFO  o.e.m.c.i.embedder.EclipseLogger - Using 'UTF-8' encoding to copy filtered resources.
2026-01-31 16:07:32,701 [Worker-31: Building workspace] INFO  o.e.m.c.i.embedder.EclipseLogger - skip non existing resourceDirectory D:\Rays\Spring-WorkSpace\Spring-MVC\spring-mvc-tiles\src\test\resources
2026-01-31 16:15:33,582 [Worker-7: Loading available Gradle versions] INFO  o.e.b.c.i.u.g.PublishedGradleVersions - Gradle version information cache is up-to-date. Trying to read.
2026-01-31 16:16:56,669 [Worker-2: Loading available Gradle versions] INFO  o.e.b.c.i.u.g.PublishedGradleVersions - Gradle version information cache is up-to-date. Trying to read.
2026-01-31 16:17:08,286 [Worker-10: Building workspace] INFO  o.e.m.c.i.embedder.EclipseLogger - Using 'UTF-8' encoding to copy filtered resources.
2026-01-31 16:17:08,302 [Worker-10: Building workspace] INFO  o.e.m.c.i.embedder.EclipseLogger - Copying 0 resource
2026-01-31 16:17:08,309 [Worker-10: Building workspace] INFO  o.e.m.c.i.embedder.EclipseLogger - Using 'UTF-8' encoding to copy filtered resources.
2026-01-31 16:17:08,310 [Worker-10: Building workspace] INFO  o.e.m.c.i.embedder.EclipseLogger - skip non existing resourceDirectory D:\Rays\Spring-WorkSpace\Spring-MVC\spring-mvc-tiles\src\test\resources
2026-02-01 05:27:46,631 [Worker-7: Loading available Gradle versions] INFO  o.e.b.c.i.u.g.PublishedGradleVersions - Gradle version information cache is up-to-date. Trying to read.
2026-02-01 05:28:05,605 [Worker-8: Building workspace] INFO  o.e.m.c.i.embedder.EclipseLogger - Using 'UTF-8' encoding to copy filtered resources.
2026-02-01 05:28:05,643 [Worker-8: Building workspace] INFO  o.e.m.c.i.embedder.EclipseLogger - Copying 0 resource
2026-02-01 05:28:05,647 [Worker-8: Building workspace] INFO  o.e.m.c.i.embedder.EclipseLogger - Using 'UTF-8' encoding to copy filtered resources.
2026-02-01 05:28:05,648 [Worker-8: Building workspace] INFO  o.e.m.c.i.embedder.EclipseLogger - skip non existing resourceDirectory D:\Rays\Spring-WorkSpace\Spring-MVC\spring-mvc-tiles\src\test\resources
2026-02-01 05:28:15,694 [Worker-3: Building workspace] INFO  o.e.m.c.i.l.LifecycleMappingFactory - Using org.maven.ide.eclipse.wtp.WarLifecycleMapping lifecycle mapping for MavenProject: com.rays:spring-mvc-simple:0.0.1-SNAPSHOT @ D:\Rays\Spring-WorkSpace\Spring-MVC\spring-mvc-simple\pom.xml.
2026-02-01 05:28:19,815 [Worker-3: Building workspace] INFO  o.e.m.c.i.embedder.EclipseLogger - Using 'UTF-8' encoding to copy filtered resources.
2026-02-01 05:28:19,816 [Worker-3: Building workspace] INFO  o.e.m.c.i.embedder.EclipseLogger - Copying 0 resource
2026-02-01 05:28:19,820 [Worker-3: Building workspace] INFO  o.e.m.c.i.embedder.EclipseLogger - Using 'UTF-8' encoding to copy filtered resources.
2026-02-01 05:28:19,820 [Worker-3: Building workspace] INFO  o.e.m.c.i.embedder.EclipseLogger - skip non existing resourceDirectory D:\Rays\Spring-WorkSpace\Spring-MVC\spring-mvc-simple\src\test\resources
2026-02-01 05:28:22,216 [Worker-14: Updating Maven Dependencies] INFO  o.e.m.c.i.l.LifecycleMappingFactory - Using org.maven.ide.eclipse.wtp.WarLifecycleMapping lifecycle mapping for MavenProject: com.rays:spring-mvc-simple:0.0.1-SNAPSHOT @ D:\Rays\Spring-WorkSpace\Spring-MVC\spring-mvc-simple\pom.xml.
2026-02-01 05:28:24,699 [Worker-12: Building workspace] INFO  o.e.m.c.i.embedder.EclipseLogger - Using 'UTF-8' encoding to copy filtered resources.
2026-02-01 05:28:24,704 [Worker-12: Building workspace] INFO  o.e.m.c.i.embedder.EclipseLogger - Copying 0 resource
2026-02-01 05:28:24,706 [Worker-12: Building workspace] INFO  o.e.m.c.i.embedder.EclipseLogger - Using 'UTF-8' encoding to copy filtered resources.
2026-02-01 05:28:24,706 [Worker-12: Building workspace] INFO  o.e.m.c.i.embedder.EclipseLogger - skip non existing resourceDirectory D:\Rays\Spring-WorkSpace\Spring-MVC\spring-mvc-simple\src\test\resources
2026-02-01 05:29:48,005 [Worker-9: Loading available Gradle versions] INFO  o.e.b.c.i.u.g.PublishedGradleVersions - Gradle version information cache is up-to-date. Trying to read.
2026-02-01 05:30:02,066 [Worker-11: Building workspace] INFO  o.e.m.c.i.embedder.EclipseLogger - Using 'UTF-8' encoding to copy filtered resources.
2026-02-01 05:30:02,088 [Worker-11: Building workspace] INFO  o.e.m.c.i.embedder.EclipseLogger - Copying 0 resource
2026-02-01 05:30:02,092 [Worker-11: Building workspace] INFO  o.e.m.c.i.embedder.EclipseLogger - Using 'UTF-8' encoding to copy filtered resources.
2026-02-01 05:30:02,093 [Worker-11: Building workspace] INFO  o.e.m.c.i.embedder.EclipseLogger - skip non existing resourceDirectory D:\Rays\Spring-WorkSpace\Spring-MVC\spring-mvc-simple\src\test\resources
2026-02-01 05:30:04,512 [Worker-11: Building workspace] INFO  o.e.m.c.i.embedder.EclipseLogger - Using 'UTF-8' encoding to copy filtered resources.
2026-02-01 05:30:04,513 [Worker-11: Building workspace] INFO  o.e.m.c.i.embedder.EclipseLogger - Copying 0 resource
2026-02-01 05:30:04,516 [Worker-11: Building workspace] INFO  o.e.m.c.i.embedder.EclipseLogger - Using 'UTF-8' encoding to copy filtered resources.
2026-02-01 05:30:04,516 [Worker-11: Building workspace] INFO  o.e.m.c.i.embedder.EclipseLogger - skip non existing resourceDirectory D:\Rays\Spring-WorkSpace\Spring-MVC\spring-mvc-tiles\src\test\resources
2026-02-01 05:31:03,568 [Worker-5: Building workspace] INFO  o.e.m.c.i.embedder.EclipseLogger - Using 'UTF-8' encoding to copy filtered resources.
2026-02-01 05:31:03,568 [Worker-5: Building workspace] INFO  o.e.m.c.i.embedder.EclipseLogger - Copying 0 resource
2026-02-01 05:31:03,584 [Worker-5: Building workspace] INFO  o.e.m.c.i.embedder.EclipseLogger - Using 'UTF-8' encoding to copy filtered resources.
2026-02-01 05:31:03,584 [Worker-5: Building workspace] INFO  o.e.m.c.i.embedder.EclipseLogger - skip non existing resourceDirectory D:\Rays\Spring-WorkSpace\Spring-MVC\spring-mvc-tiles\src\test\resources
2026-02-01 05:31:42,301 [Worker-14: Building workspace] INFO  o.e.m.c.i.embedder.EclipseLogger - Using 'UTF-8' encoding to copy filtered resources.
2026-02-01 05:31:42,301 [Worker-14: Building workspace] INFO  o.e.m.c.i.embedder.EclipseLogger - Copying 0 resource
2026-02-01 05:31:42,316 [Worker-14: Building workspace] INFO  o.e.m.c.i.embedder.EclipseLogger - Using 'UTF-8' encoding to copy filtered resources.
2026-02-01 05:31:42,316 [Worker-14: Building workspace] INFO  o.e.m.c.i.embedder.EclipseLogger - skip non existing resourceDirectory D:\Rays\Spring-WorkSpace\Spring-MVC\spring-mvc-tiles\src\test\resources
2026-02-01 05:38:04,979 [Worker-15: Building workspace] INFO  o.e.m.c.i.embedder.EclipseLogger - Using 'UTF-8' encoding to copy filtered resources.
2026-02-01 05:38:04,979 [Worker-15: Building workspace] INFO  o.e.m.c.i.embedder.EclipseLogger - Copying 0 resource
2026-02-01 05:38:04,979 [Worker-15: Building workspace] INFO  o.e.m.c.i.embedder.EclipseLogger - Using 'UTF-8' encoding to copy filtered resources.
2026-02-01 05:38:04,979 [Worker-15: Building workspace] INFO  o.e.m.c.i.embedder.EclipseLogger - skip non existing resourceDirectory D:\Rays\Spring-WorkSpace\Spring-MVC\spring-mvc-tiles\src\test\resources
2026-02-01 05:38:37,917 [Worker-1: Building workspace] INFO  o.e.m.c.i.embedder.EclipseLogger - Using 'UTF-8' encoding to copy filtered resources.
2026-02-01 05:38:37,917 [Worker-1: Building workspace] INFO  o.e.m.c.i.embedder.EclipseLogger - Copying 0 resource
2026-02-01 05:38:37,917 [Worker-1: Building workspace] INFO  o.e.m.c.i.embedder.EclipseLogger - Using 'UTF-8' encoding to copy filtered resources.
2026-02-01 05:38:37,917 [Worker-1: Building workspace] INFO  o.e.m.c.i.embedder.EclipseLogger - skip non existing resourceDirectory D:\Rays\Spring-WorkSpace\Spring-MVC\spring-mvc-tiles\src\test\resources
2026-02-01 05:39:25,271 [Worker-4: Building workspace] INFO  o.e.m.c.i.embedder.EclipseLogger - Using 'UTF-8' encoding to copy filtered resources.
2026-02-01 05:39:25,552 [Worker-4: Building workspace] INFO  o.e.m.c.i.embedder.EclipseLogger - Copying 0 resource
2026-02-01 05:39:25,568 [Worker-4: Building workspace] INFO  o.e.m.c.i.embedder.EclipseLogger - Using 'UTF-8' encoding to copy filtered resources.
2026-02-01 05:39:25,568 [Worker-4: Building workspace] INFO  o.e.m.c.i.embedder.EclipseLogger - skip non existing resourceDirectory D:\Rays\Spring-WorkSpace\Spring-MVC\spring-mvc-tiles\src\test\resources
2026-02-01 05:43:28,722 [Worker-9: Building workspace] INFO  o.e.m.c.i.embedder.EclipseLogger - Using 'UTF-8' encoding to copy filtered resources.
2026-02-01 05:43:28,722 [Worker-9: Building workspace] INFO  o.e.m.c.i.embedder.EclipseLogger - Copying 0 resource
2026-02-01 05:43:28,722 [Worker-9: Building workspace] INFO  o.e.m.c.i.embedder.EclipseLogger - Using 'UTF-8' encoding to copy filtered resources.
2026-02-01 05:43:28,722 [Worker-9: Building workspace] INFO  o.e.m.c.i.embedder.EclipseLogger - skip non existing resourceDirectory D:\Rays\Spring-WorkSpace\Spring-MVC\spring-mvc-tiles\src\test\resources
2026-02-01 05:44:32,359 [Worker-9: Cleaning all projects] INFO  o.e.m.w.i.f.ResourceFilteringBuildParticipant - Cleaning filtered folder for spring-mvc-simple
2026-02-01 05:44:32,531 [Worker-9: Cleaning all projects] INFO  o.e.m.w.i.f.ResourceFilteringBuildParticipant - Cleaning filtered folder for spring-mvc-tiles
2026-02-01 05:44:33,656 [Worker-18: Building workspace] INFO  o.e.m.c.i.embedder.EclipseLogger - Using 'UTF-8' encoding to copy filtered resources.
2026-02-01 05:44:33,656 [Worker-18: Building workspace] INFO  o.e.m.c.i.embedder.EclipseLogger - Copying 0 resource
2026-02-01 05:44:33,656 [Worker-18: Building workspace] INFO  o.e.m.c.i.embedder.EclipseLogger - Using 'UTF-8' encoding to copy filtered resources.
2026-02-01 05:44:33,656 [Worker-18: Building workspace] INFO  o.e.m.c.i.embedder.EclipseLogger - skip non existing resourceDirectory D:\Rays\Spring-WorkSpace\Spring-MVC\spring-mvc-simple\src\test\resources
2026-02-01 05:44:33,656 [Worker-18: Building workspace] INFO  o.e.m.w.i.f.ResourceFilteringBuildParticipant - Changed resources require a complete clean of filtered resources of spring-mvc-simple
2026-02-01 05:44:33,671 [Worker-18: Building workspace] INFO  o.e.m.w.i.f.ResourceFilteringBuildParticipant - Executing resource filtering for spring-mvc-simple
2026-02-01 05:44:33,843 [Worker-18: Building workspace] INFO  o.e.m.c.i.embedder.EclipseLogger - Using 'UTF-8' encoding to copy filtered resources.
2026-02-01 05:44:34,718 [Worker-18: Building workspace] INFO  o.e.m.c.i.embedder.EclipseLogger - Using 'UTF-8' encoding to copy filtered resources.
2026-02-01 05:44:34,718 [Worker-18: Building workspace] INFO  o.e.m.c.i.embedder.EclipseLogger - Copying 0 resource
2026-02-01 05:44:34,718 [Worker-18: Building workspace] INFO  o.e.m.c.i.embedder.EclipseLogger - Using 'UTF-8' encoding to copy filtered resources.
2026-02-01 05:44:34,718 [Worker-18: Building workspace] INFO  o.e.m.c.i.embedder.EclipseLogger - skip non existing resourceDirectory D:\Rays\Spring-WorkSpace\Spring-MVC\spring-mvc-tiles\src\test\resources
2026-02-01 05:44:34,718 [Worker-18: Building workspace] INFO  o.e.m.w.i.f.ResourceFilteringBuildParticipant - Changed resources require a complete clean of filtered resources of spring-mvc-tiles
2026-02-01 05:44:34,718 [Worker-18: Building workspace] INFO  o.e.m.w.i.f.ResourceFilteringBuildParticipant - Executing resource filtering for spring-mvc-tiles
2026-02-01 05:44:34,734 [Worker-18: Building workspace] INFO  o.e.m.c.i.embedder.EclipseLogger - Using 'UTF-8' encoding to copy filtered resources.
2026-02-01 05:45:05,531 [Worker-9: Updating Maven Project] INFO  o.e.m.c.i.p.ProjectConfigurationManager - Update started
2026-02-01 05:45:07,453 [Worker-9: Updating Maven Project] INFO  o.e.m.c.i.l.LifecycleMappingFactory - Using org.maven.ide.eclipse.wtp.WarLifecycleMapping lifecycle mapping for MavenProject: com.rays:spring-mvc-tiles:0.0.1-SNAPSHOT @ D:\Rays\Spring-WorkSpace\Spring-MVC\spring-mvc-tiles\pom.xml.
2026-02-01 05:45:08,656 [Worker-9: Updating Maven Project] INFO  o.e.m.c.i.l.LifecycleMappingFactory - Using org.maven.ide.eclipse.wtp.WarLifecycleMapping lifecycle mapping for MavenProject: com.rays:spring-mvc-simple:0.0.1-SNAPSHOT @ D:\Rays\Spring-WorkSpace\Spring-MVC\spring-mvc-simple\pom.xml.
2026-02-01 05:45:12,609 [Worker-9: Updating Maven Project] INFO  o.e.m.j.i.AbstractJavaProjectConfigurator - Adding source folder /spring-mvc-tiles/src/main/java
2026-02-01 05:45:12,609 [Worker-9: Updating Maven Project] INFO  o.e.m.j.i.AbstractJavaProjectConfigurator - Adding resource folder /spring-mvc-tiles/src/main/resources
2026-02-01 05:45:12,625 [Worker-9: Updating Maven Project] INFO  o.e.m.j.i.AbstractJavaProjectConfigurator - Adding source folder /spring-mvc-tiles/src/test/java
2026-02-01 05:45:15,296 [Worker-9: Updating Maven Project] INFO  o.e.m.w.i.f.ResourceFilteringBuildParticipant - Cleaning filtered folder for spring-mvc-tiles
2026-02-01 05:45:15,312 [Worker-9: Updating Maven Project] INFO  o.e.m.c.i.p.ProjectConfigurationManager - Update completed: 9 sec
2026-02-01 05:45:17,796 [Worker-19: Building workspace] INFO  o.e.m.c.i.embedder.EclipseLogger - Using 'UTF-8' encoding to copy filtered resources.
2026-02-01 05:45:17,812 [Worker-19: Building workspace] INFO  o.e.m.c.i.embedder.EclipseLogger - Copying 0 resource
2026-02-01 05:45:17,812 [Worker-19: Building workspace] INFO  o.e.m.c.i.embedder.EclipseLogger - Using 'UTF-8' encoding to copy filtered resources.
2026-02-01 05:45:17,812 [Worker-19: Building workspace] INFO  o.e.m.c.i.embedder.EclipseLogger - skip non existing resourceDirectory D:\Rays\Spring-WorkSpace\Spring-MVC\spring-mvc-simple\src\test\resources
2026-02-01 05:45:19,515 [Worker-19: Building workspace] INFO  o.e.m.c.i.embedder.EclipseLogger - Using 'UTF-8' encoding to copy filtered resources.
2026-02-01 05:45:19,515 [Worker-19: Building workspace] INFO  o.e.m.c.i.embedder.EclipseLogger - Copying 0 resource
2026-02-01 05:45:19,531 [Worker-19: Building workspace] INFO  o.e.m.c.i.embedder.EclipseLogger - Using 'UTF-8' encoding to copy filtered resources.
2026-02-01 05:45:19,531 [Worker-19: Building workspace] INFO  o.e.m.c.i.embedder.EclipseLogger - skip non existing resourceDirectory D:\Rays\Spring-WorkSpace\Spring-MVC\spring-mvc-tiles\src\test\resources
2026-02-01 05:45:19,531 [Worker-19: Building workspace] INFO  o.e.m.w.i.f.ResourceFilteringBuildParticipant - Changed resources require a complete clean of filtered resources of spring-mvc-tiles
2026-02-01 05:45:19,531 [Worker-19: Building workspace] INFO  o.e.m.w.i.f.ResourceFilteringBuildParticipant - Executing resource filtering for spring-mvc-tiles
2026-02-01 05:45:19,546 [Worker-19: Building workspace] INFO  o.e.m.c.i.embedder.EclipseLogger - Using 'UTF-8' encoding to copy filtered resources.
2026-02-01 05:48:08,876 [Worker-1: Building workspace] INFO  o.e.m.c.i.embedder.EclipseLogger - Using 'UTF-8' encoding to copy filtered resources.
2026-02-01 05:48:08,876 [Worker-1: Building workspace] INFO  o.e.m.c.i.embedder.EclipseLogger - Copying 0 resource
2026-02-01 05:48:08,876 [Worker-1: Building workspace] INFO  o.e.m.c.i.embedder.EclipseLogger - Using 'UTF-8' encoding to copy filtered resources.
2026-02-01 05:48:08,892 [Worker-1: Building workspace] INFO  o.e.m.c.i.embedder.EclipseLogger - skip non existing resourceDirectory D:\Rays\Spring-WorkSpace\Spring-MVC\spring-mvc-tiles\src\test\resources
2026-02-01 05:50:58,350 [Worker-15: Building workspace] INFO  o.e.m.c.i.embedder.EclipseLogger - Using 'UTF-8' encoding to copy filtered resources.
2026-02-01 05:50:58,350 [Worker-15: Building workspace] INFO  o.e.m.c.i.embedder.EclipseLogger - Copying 0 resource
2026-02-01 05:50:58,350 [Worker-15: Building workspace] INFO  o.e.m.c.i.embedder.EclipseLogger - Using 'UTF-8' encoding to copy filtered resources.
2026-02-01 05:50:58,350 [Worker-15: Building workspace] INFO  o.e.m.c.i.embedder.EclipseLogger - skip non existing resourceDirectory D:\Rays\Spring-WorkSpace\Spring-MVC\spring-mvc-tiles\src\test\resources
2026-02-01 05:51:59,531 [Worker-21: Building workspace] INFO  o.e.m.c.i.embedder.EclipseLogger - Using 'UTF-8' encoding to copy filtered resources.
2026-02-01 05:51:59,531 [Worker-21: Building workspace] INFO  o.e.m.c.i.embedder.EclipseLogger - Copying 0 resource
2026-02-01 05:51:59,531 [Worker-21: Building workspace] INFO  o.e.m.c.i.embedder.EclipseLogger - Using 'UTF-8' encoding to copy filtered resources.
2026-02-01 05:51:59,531 [Worker-21: Building workspace] INFO  o.e.m.c.i.embedder.EclipseLogger - skip non existing resourceDirectory D:\Rays\Spring-WorkSpace\Spring-MVC\spring-mvc-tiles\src\test\resources
2026-02-01 05:53:27,774 [Worker-21: Building workspace] INFO  o.e.m.c.i.embedder.EclipseLogger - Using 'UTF-8' encoding to copy filtered resources.
2026-02-01 05:53:27,774 [Worker-21: Building workspace] INFO  o.e.m.c.i.embedder.EclipseLogger - Copying 0 resource
2026-02-01 05:53:27,774 [Worker-21: Building workspace] INFO  o.e.m.c.i.embedder.EclipseLogger - Using 'UTF-8' encoding to copy filtered resources.
2026-02-01 05:53:27,774 [Worker-21: Building workspace] INFO  o.e.m.c.i.embedder.EclipseLogger - skip non existing resourceDirectory D:\Rays\Spring-WorkSpace\Spring-MVC\spring-mvc-tiles\src\test\resources
2026-02-01 05:56:18,829 [Worker-9: Building workspace] INFO  o.e.m.c.i.embedder.EclipseLogger - Using 'UTF-8' encoding to copy filtered resources.
2026-02-01 05:56:18,829 [Worker-9: Building workspace] INFO  o.e.m.c.i.embedder.EclipseLogger - Copying 0 resource
2026-02-01 05:56:18,829 [Worker-9: Building workspace] INFO  o.e.m.c.i.embedder.EclipseLogger - Using 'UTF-8' encoding to copy filtered resources.
2026-02-01 05:56:18,829 [Worker-9: Building workspace] INFO  o.e.m.c.i.embedder.EclipseLogger - skip non existing resourceDirectory D:\Rays\Spring-WorkSpace\Spring-MVC\spring-mvc-tiles\src\test\resources
2026-02-01 05:58:19,461 [Worker-27: Building workspace] INFO  o.e.m.c.i.embedder.EclipseLogger - Using 'UTF-8' encoding to copy filtered resources.
2026-02-01 05:58:19,461 [Worker-27: Building workspace] INFO  o.e.m.c.i.embedder.EclipseLogger - Copying 0 resource
2026-02-01 05:58:19,461 [Worker-27: Building workspace] INFO  o.e.m.c.i.embedder.EclipseLogger - Using 'UTF-8' encoding to copy filtered resources.
2026-02-01 05:58:19,461 [Worker-27: Building workspace] INFO  o.e.m.c.i.embedder.EclipseLogger - skip non existing resourceDirectory D:\Rays\Spring-WorkSpace\Spring-MVC\spring-mvc-tiles\src\test\resources
2026-02-01 05:58:52,074 [Worker-27: Building workspace] INFO  o.e.m.c.i.embedder.EclipseLogger - Using 'UTF-8' encoding to copy filtered resources.
2026-02-01 05:58:52,074 [Worker-27: Building workspace] INFO  o.e.m.c.i.embedder.EclipseLogger - Copying 0 resource
2026-02-01 05:58:52,074 [Worker-27: Building workspace] INFO  o.e.m.c.i.embedder.EclipseLogger - Using 'UTF-8' encoding to copy filtered resources.
2026-02-01 05:58:52,074 [Worker-27: Building workspace] INFO  o.e.m.c.i.embedder.EclipseLogger - skip non existing resourceDirectory D:\Rays\Spring-WorkSpace\Spring-MVC\spring-mvc-tiles\src\test\resources
2026-02-01 06:02:50,392 [Worker-27: Building workspace] INFO  o.e.m.c.i.embedder.EclipseLogger - Using 'UTF-8' encoding to copy filtered resources.
2026-02-01 06:02:50,392 [Worker-27: Building workspace] INFO  o.e.m.c.i.embedder.EclipseLogger - Copying 0 resource
2026-02-01 06:02:50,392 [Worker-27: Building workspace] INFO  o.e.m.c.i.embedder.EclipseLogger - Using 'UTF-8' encoding to copy filtered resources.
2026-02-01 06:02:50,392 [Worker-27: Building workspace] INFO  o.e.m.c.i.embedder.EclipseLogger - skip non existing resourceDirectory D:\Rays\Spring-WorkSpace\Spring-MVC\spring-mvc-tiles\src\test\resources
2026-02-01 06:03:03,564 [Worker-27: Building workspace] INFO  o.e.m.c.i.embedder.EclipseLogger - Using 'UTF-8' encoding to copy filtered resources.
2026-02-01 06:03:03,564 [Worker-27: Building workspace] INFO  o.e.m.c.i.embedder.EclipseLogger - Copying 0 resource
2026-02-01 06:03:03,564 [Worker-27: Building workspace] INFO  o.e.m.c.i.embedder.EclipseLogger - Using 'UTF-8' encoding to copy filtered resources.
2026-02-01 06:03:03,564 [Worker-27: Building workspace] INFO  o.e.m.c.i.embedder.EclipseLogger - skip non existing resourceDirectory D:\Rays\Spring-WorkSpace\Spring-MVC\spring-mvc-tiles\src\test\resources
2026-02-01 06:03:36,989 [Worker-25: Building workspace] INFO  o.e.m.c.i.embedder.EclipseLogger - Using 'UTF-8' encoding to copy filtered resources.
2026-02-01 06:03:36,989 [Worker-25: Building workspace] INFO  o.e.m.c.i.embedder.EclipseLogger - Copying 0 resource
2026-02-01 06:03:36,989 [Worker-25: Building workspace] INFO  o.e.m.c.i.embedder.EclipseLogger - Using 'UTF-8' encoding to copy filtered resources.
2026-02-01 06:03:36,989 [Worker-25: Building workspace] INFO  o.e.m.c.i.embedder.EclipseLogger - skip non existing resourceDirectory D:\Rays\Spring-WorkSpace\Spring-MVC\spring-mvc-tiles\src\test\resources
2026-02-01 06:07:47,366 [Worker-27: Building workspace] INFO  o.e.m.c.i.embedder.EclipseLogger - Using 'UTF-8' encoding to copy filtered resources.
2026-02-01 06:07:47,403 [Worker-27: Building workspace] INFO  o.e.m.c.i.embedder.EclipseLogger - Copying 0 resource
2026-02-01 06:07:47,406 [Worker-27: Building workspace] INFO  o.e.m.c.i.embedder.EclipseLogger - Using 'UTF-8' encoding to copy filtered resources.
2026-02-01 06:07:47,406 [Worker-27: Building workspace] INFO  o.e.m.c.i.embedder.EclipseLogger - skip non existing resourceDirectory D:\Rays\Spring-WorkSpace\Spring-MVC\spring-mvc-tiles\src\test\resources
2026-02-01 06:08:08,220 [Worker-32: Building workspace] INFO  o.e.m.c.i.embedder.EclipseLogger - Using 'UTF-8' encoding to copy filtered resources.
2026-02-01 06:08:08,220 [Worker-32: Building workspace] INFO  o.e.m.c.i.embedder.EclipseLogger - Copying 0 resource
2026-02-01 06:08:08,220 [Worker-32: Building workspace] INFO  o.e.m.c.i.embedder.EclipseLogger - Using 'UTF-8' encoding to copy filtered resources.
2026-02-01 06:08:08,220 [Worker-32: Building workspace] INFO  o.e.m.c.i.embedder.EclipseLogger - skip non existing resourceDirectory D:\Rays\Spring-WorkSpace\Spring-MVC\spring-mvc-tiles\src\test\resources
2026-02-01 06:08:22,785 [Worker-33: Building workspace] INFO  o.e.m.c.i.embedder.EclipseLogger - Using 'UTF-8' encoding to copy filtered resources.
2026-02-01 06:08:22,785 [Worker-33: Building workspace] INFO  o.e.m.c.i.embedder.EclipseLogger - Copying 0 resource
2026-02-01 06:08:22,785 [Worker-33: Building workspace] INFO  o.e.m.c.i.embedder.EclipseLogger - Using 'UTF-8' encoding to copy filtered resources.
2026-02-01 06:08:22,785 [Worker-33: Building workspace] INFO  o.e.m.c.i.embedder.EclipseLogger - skip non existing resourceDirectory D:\Rays\Spring-WorkSpace\Spring-MVC\spring-mvc-tiles\src\test\resources
2026-02-01 06:09:24,081 [Worker-33: Building workspace] INFO  o.e.m.c.i.embedder.EclipseLogger - Using 'UTF-8' encoding to copy filtered resources.
2026-02-01 06:09:24,081 [Worker-33: Building workspace] INFO  o.e.m.c.i.embedder.EclipseLogger - Copying 0 resource
2026-02-01 06:09:24,081 [Worker-33: Building workspace] INFO  o.e.m.c.i.embedder.EclipseLogger - Using 'UTF-8' encoding to copy filtered resources.
2026-02-01 06:09:24,081 [Worker-33: Building workspace] INFO  o.e.m.c.i.embedder.EclipseLogger - skip non existing resourceDirectory D:\Rays\Spring-WorkSpace\Spring-MVC\spring-mvc-tiles\src\test\resources
2026-02-01 06:09:40,089 [Worker-34: Building workspace] INFO  o.e.m.c.i.embedder.EclipseLogger - Using 'UTF-8' encoding to copy filtered resources.
2026-02-01 06:09:40,089 [Worker-34: Building workspace] INFO  o.e.m.c.i.embedder.EclipseLogger - Copying 0 resource
2026-02-01 06:09:40,089 [Worker-34: Building workspace] INFO  o.e.m.c.i.embedder.EclipseLogger - Using 'UTF-8' encoding to copy filtered resources.
2026-02-01 06:09:40,089 [Worker-34: Building workspace] INFO  o.e.m.c.i.embedder.EclipseLogger - skip non existing resourceDirectory D:\Rays\Spring-WorkSpace\Spring-MVC\spring-mvc-tiles\src\test\resources
2026-02-01 06:10:40,240 [Worker-34: Building workspace] INFO  o.e.m.c.i.embedder.EclipseLogger - Using 'UTF-8' encoding to copy filtered resources.
2026-02-01 06:10:40,240 [Worker-34: Building workspace] INFO  o.e.m.c.i.embedder.EclipseLogger - Copying 0 resource
2026-02-01 06:10:40,240 [Worker-34: Building workspace] INFO  o.e.m.c.i.embedder.EclipseLogger - Using 'UTF-8' encoding to copy filtered resources.
2026-02-01 06:10:40,240 [Worker-34: Building workspace] INFO  o.e.m.c.i.embedder.EclipseLogger - skip non existing resourceDirectory D:\Rays\Spring-WorkSpace\Spring-MVC\spring-mvc-tiles\src\test\resources
2026-02-01 06:15:11,375 [Worker-36: Building workspace] INFO  o.e.m.c.i.embedder.EclipseLogger - Using 'UTF-8' encoding to copy filtered resources.
2026-02-01 06:15:11,375 [Worker-36: Building workspace] INFO  o.e.m.c.i.embedder.EclipseLogger - Copying 0 resource
2026-02-01 06:15:11,375 [Worker-36: Building workspace] INFO  o.e.m.c.i.embedder.EclipseLogger - Using 'UTF-8' encoding to copy filtered resources.
2026-02-01 06:15:11,375 [Worker-36: Building workspace] INFO  o.e.m.c.i.embedder.EclipseLogger - skip non existing resourceDirectory D:\Rays\Spring-WorkSpace\Spring-MVC\spring-mvc-tiles\src\test\resources
2026-02-01 06:16:42,539 [Worker-38: Building workspace] INFO  o.e.m.c.i.embedder.EclipseLogger - Using 'UTF-8' encoding to copy filtered resources.
2026-02-01 06:16:42,539 [Worker-38: Building workspace] INFO  o.e.m.c.i.embedder.EclipseLogger - Copying 0 resource
2026-02-01 06:16:42,539 [Worker-38: Building workspace] INFO  o.e.m.c.i.embedder.EclipseLogger - Using 'UTF-8' encoding to copy filtered resources.
2026-02-01 06:16:42,539 [Worker-38: Building workspace] INFO  o.e.m.c.i.embedder.EclipseLogger - skip non existing resourceDirectory D:\Rays\Spring-WorkSpace\Spring-MVC\spring-mvc-tiles\src\test\resources
2026-02-01 06:17:22,877 [Worker-38: Building workspace] INFO  o.e.m.c.i.embedder.EclipseLogger - Using 'UTF-8' encoding to copy filtered resources.
2026-02-01 06:17:22,877 [Worker-38: Building workspace] INFO  o.e.m.c.i.embedder.EclipseLogger - Copying 0 resource
2026-02-01 06:17:22,877 [Worker-38: Building workspace] INFO  o.e.m.c.i.embedder.EclipseLogger - Using 'UTF-8' encoding to copy filtered resources.
2026-02-01 06:17:22,877 [Worker-38: Building workspace] INFO  o.e.m.c.i.embedder.EclipseLogger - skip non existing resourceDirectory D:\Rays\Spring-WorkSpace\Spring-MVC\spring-mvc-tiles\src\test\resources
2026-02-01 06:19:09,176 [Worker-38: Building workspace] INFO  o.e.m.c.i.embedder.EclipseLogger - Using 'UTF-8' encoding to copy filtered resources.
2026-02-01 06:19:09,176 [Worker-38: Building workspace] INFO  o.e.m.c.i.embedder.EclipseLogger - Copying 0 resource
2026-02-01 06:19:09,176 [Worker-38: Building workspace] INFO  o.e.m.c.i.embedder.EclipseLogger - Using 'UTF-8' encoding to copy filtered resources.
2026-02-01 06:19:09,176 [Worker-38: Building workspace] INFO  o.e.m.c.i.embedder.EclipseLogger - skip non existing resourceDirectory D:\Rays\Spring-WorkSpace\Spring-MVC\spring-mvc-tiles\src\test\resources
2026-02-01 06:20:29,271 [Worker-39: Building workspace] INFO  o.e.m.c.i.embedder.EclipseLogger - Using 'UTF-8' encoding to copy filtered resources.
2026-02-01 06:20:29,271 [Worker-39: Building workspace] INFO  o.e.m.c.i.embedder.EclipseLogger - Copying 0 resource
2026-02-01 06:20:29,271 [Worker-39: Building workspace] INFO  o.e.m.c.i.embedder.EclipseLogger - Using 'UTF-8' encoding to copy filtered resources.
2026-02-01 06:20:29,271 [Worker-39: Building workspace] INFO  o.e.m.c.i.embedder.EclipseLogger - skip non existing resourceDirectory D:\Rays\Spring-WorkSpace\Spring-MVC\spring-mvc-tiles\src\test\resources
2026-02-01 06:23:37,746 [Worker-39: Building workspace] INFO  o.e.m.c.i.embedder.EclipseLogger - Using 'UTF-8' encoding to copy filtered resources.
2026-02-01 06:23:37,746 [Worker-39: Building workspace] INFO  o.e.m.c.i.embedder.EclipseLogger - Copying 0 resource
2026-02-01 06:23:37,749 [Worker-39: Building workspace] INFO  o.e.m.c.i.embedder.EclipseLogger - Using 'UTF-8' encoding to copy filtered resources.
2026-02-01 06:23:37,749 [Worker-39: Building workspace] INFO  o.e.m.c.i.embedder.EclipseLogger - skip non existing resourceDirectory D:\Rays\Spring-WorkSpace\Spring-MVC\spring-mvc-tiles\src\test\resources
2026-02-01 06:30:53,050 [Worker-41: Building workspace] INFO  o.e.m.c.i.embedder.EclipseLogger - Using 'UTF-8' encoding to copy filtered resources.
2026-02-01 06:30:53,050 [Worker-41: Building workspace] INFO  o.e.m.c.i.embedder.EclipseLogger - Copying 0 resource
2026-02-01 06:30:53,052 [Worker-41: Building workspace] INFO  o.e.m.c.i.embedder.EclipseLogger - Using 'UTF-8' encoding to copy filtered resources.
2026-02-01 06:30:53,052 [Worker-41: Building workspace] INFO  o.e.m.c.i.embedder.EclipseLogger - skip non existing resourceDirectory D:\Rays\Spring-WorkSpace\Spring-MVC\spring-mvc-tiles\src\test\resources
2026-02-01 06:32:31,822 [Worker-3: Building workspace] INFO  o.e.m.c.i.embedder.EclipseLogger - Using 'UTF-8' encoding to copy filtered resources.
2026-02-01 06:32:31,838 [Worker-3: Building workspace] INFO  o.e.m.c.i.embedder.EclipseLogger - Copying 0 resource
2026-02-01 06:32:31,838 [Worker-3: Building workspace] INFO  o.e.m.c.i.embedder.EclipseLogger - Using 'UTF-8' encoding to copy filtered resources.
2026-02-01 06:32:31,838 [Worker-3: Building workspace] INFO  o.e.m.c.i.embedder.EclipseLogger - skip non existing resourceDirectory D:\Rays\Spring-WorkSpace\Spring-MVC\spring-mvc-tiles\src\test\resources
2026-02-01 06:35:05,044 [Worker-41: Building workspace] INFO  o.e.m.c.i.embedder.EclipseLogger - Using 'UTF-8' encoding to copy filtered resources.
2026-02-01 06:35:05,044 [Worker-41: Building workspace] INFO  o.e.m.c.i.embedder.EclipseLogger - Copying 0 resource
2026-02-01 06:35:05,044 [Worker-41: Building workspace] INFO  o.e.m.c.i.embedder.EclipseLogger - Using 'UTF-8' encoding to copy filtered resources.
2026-02-01 06:35:05,044 [Worker-41: Building workspace] INFO  o.e.m.c.i.embedder.EclipseLogger - skip non existing resourceDirectory D:\Rays\Spring-WorkSpace\Spring-MVC\spring-mvc-tiles\src\test\resources
2026-02-01 06:36:17,515 [Worker-41: Building workspace] INFO  o.e.m.c.i.embedder.EclipseLogger - Using 'UTF-8' encoding to copy filtered resources.
2026-02-01 06:36:17,515 [Worker-41: Building workspace] INFO  o.e.m.c.i.embedder.EclipseLogger - Copying 0 resource
2026-02-01 06:36:17,531 [Worker-41: Building workspace] INFO  o.e.m.c.i.embedder.EclipseLogger - Using 'UTF-8' encoding to copy filtered resources.
2026-02-01 06:36:17,531 [Worker-41: Building workspace] INFO  o.e.m.c.i.embedder.EclipseLogger - skip non existing resourceDirectory D:\Rays\Spring-WorkSpace\Spring-MVC\spring-mvc-tiles\src\test\resources
2026-02-01 06:38:02,392 [Worker-44: Building workspace] INFO  o.e.m.c.i.embedder.EclipseLogger - Using 'UTF-8' encoding to copy filtered resources.
2026-02-01 06:38:02,392 [Worker-44: Building workspace] INFO  o.e.m.c.i.embedder.EclipseLogger - Copying 0 resource
2026-02-01 06:38:02,392 [Worker-44: Building workspace] INFO  o.e.m.c.i.embedder.EclipseLogger - Using 'UTF-8' encoding to copy filtered resources.
2026-02-01 06:38:02,392 [Worker-44: Building workspace] INFO  o.e.m.c.i.embedder.EclipseLogger - skip non existing resourceDirectory D:\Rays\Spring-WorkSpace\Spring-MVC\spring-mvc-tiles\src\test\resources
2026-02-01 06:40:10,778 [Worker-44: Building workspace] INFO  o.e.m.c.i.embedder.EclipseLogger - Using 'UTF-8' encoding to copy filtered resources.
2026-02-01 06:40:10,778 [Worker-44: Building workspace] INFO  o.e.m.c.i.embedder.EclipseLogger - Copying 0 resource
2026-02-01 06:40:10,778 [Worker-44: Building workspace] INFO  o.e.m.c.i.embedder.EclipseLogger - Using 'UTF-8' encoding to copy filtered resources.
2026-02-01 06:40:10,778 [Worker-44: Building workspace] INFO  o.e.m.c.i.embedder.EclipseLogger - skip non existing resourceDirectory D:\Rays\Spring-WorkSpace\Spring-MVC\spring-mvc-tiles\src\test\resources
2026-02-01 06:40:29,956 [Worker-43: Building workspace] INFO  o.e.m.c.i.embedder.EclipseLogger - Using 'UTF-8' encoding to copy filtered resources.
2026-02-01 06:40:29,956 [Worker-43: Building workspace] INFO  o.e.m.c.i.embedder.EclipseLogger - Copying 0 resource
2026-02-01 06:40:29,971 [Worker-43: Building workspace] INFO  o.e.m.c.i.embedder.EclipseLogger - Using 'UTF-8' encoding to copy filtered resources.
2026-02-01 06:40:29,971 [Worker-43: Building workspace] INFO  o.e.m.c.i.embedder.EclipseLogger - skip non existing resourceDirectory D:\Rays\Spring-WorkSpace\Spring-MVC\spring-mvc-tiles\src\test\resources
2026-02-01 06:41:13,673 [Worker-45: Building workspace] INFO  o.e.m.c.i.embedder.EclipseLogger - Using 'UTF-8' encoding to copy filtered resources.
2026-02-01 06:41:13,688 [Worker-45: Building workspace] INFO  o.e.m.c.i.embedder.EclipseLogger - Copying 0 resource
2026-02-01 06:41:13,688 [Worker-45: Building workspace] INFO  o.e.m.c.i.embedder.EclipseLogger - Using 'UTF-8' encoding to copy filtered resources.
2026-02-01 06:41:13,688 [Worker-45: Building workspace] INFO  o.e.m.c.i.embedder.EclipseLogger - skip non existing resourceDirectory D:\Rays\Spring-WorkSpace\Spring-MVC\spring-mvc-tiles\src\test\resources
2026-02-01 06:42:47,900 [Worker-36: Building workspace] INFO  o.e.m.c.i.embedder.EclipseLogger - Using 'UTF-8' encoding to copy filtered resources.
2026-02-01 06:42:47,900 [Worker-36: Building workspace] INFO  o.e.m.c.i.embedder.EclipseLogger - Copying 0 resource
2026-02-01 06:42:47,900 [Worker-36: Building workspace] INFO  o.e.m.c.i.embedder.EclipseLogger - Using 'UTF-8' encoding to copy filtered resources.
2026-02-01 06:42:47,900 [Worker-36: Building workspace] INFO  o.e.m.c.i.embedder.EclipseLogger - skip non existing resourceDirectory D:\Rays\Spring-WorkSpace\Spring-MVC\spring-mvc-tiles\src\test\resources
2026-02-01 06:45:22,725 [Worker-45: Building workspace] INFO  o.e.m.c.i.embedder.EclipseLogger - Using 'UTF-8' encoding to copy filtered resources.
2026-02-01 06:45:22,725 [Worker-45: Building workspace] INFO  o.e.m.c.i.embedder.EclipseLogger - Copying 0 resource
2026-02-01 06:45:22,725 [Worker-45: Building workspace] INFO  o.e.m.c.i.embedder.EclipseLogger - Using 'UTF-8' encoding to copy filtered resources.
2026-02-01 06:45:22,725 [Worker-45: Building workspace] INFO  o.e.m.c.i.embedder.EclipseLogger - skip non existing resourceDirectory D:\Rays\Spring-WorkSpace\Spring-MVC\spring-mvc-tiles\src\test\resources
2026-02-01 06:50:13,550 [Worker-49: Building workspace] INFO  o.e.m.c.i.embedder.EclipseLogger - Using 'UTF-8' encoding to copy filtered resources.
2026-02-01 06:50:13,550 [Worker-49: Building workspace] INFO  o.e.m.c.i.embedder.EclipseLogger - Copying 0 resource
2026-02-01 06:50:13,550 [Worker-49: Building workspace] INFO  o.e.m.c.i.embedder.EclipseLogger - Using 'UTF-8' encoding to copy filtered resources.
2026-02-01 06:50:13,550 [Worker-49: Building workspace] INFO  o.e.m.c.i.embedder.EclipseLogger - skip non existing resourceDirectory D:\Rays\Spring-WorkSpace\Spring-MVC\spring-mvc-tiles\src\test\resources
2026-02-01 06:54:36,945 [Worker-46: Building workspace] INFO  o.e.m.c.i.embedder.EclipseLogger - Using 'UTF-8' encoding to copy filtered resources.
2026-02-01 06:54:36,945 [Worker-46: Building workspace] INFO  o.e.m.c.i.embedder.EclipseLogger - Copying 0 resource
2026-02-01 06:54:36,945 [Worker-46: Building workspace] INFO  o.e.m.c.i.embedder.EclipseLogger - Using 'UTF-8' encoding to copy filtered resources.
2026-02-01 06:54:36,945 [Worker-46: Building workspace] INFO  o.e.m.c.i.embedder.EclipseLogger - skip non existing resourceDirectory D:\Rays\Spring-WorkSpace\Spring-MVC\spring-mvc-tiles\src\test\resources
2026-02-01 06:58:38,187 [Worker-46: Building workspace] INFO  o.e.m.c.i.embedder.EclipseLogger - Using 'UTF-8' encoding to copy filtered resources.
2026-02-01 06:58:38,187 [Worker-46: Building workspace] INFO  o.e.m.c.i.embedder.EclipseLogger - Copying 0 resource
2026-02-01 06:58:38,202 [Worker-46: Building workspace] INFO  o.e.m.c.i.embedder.EclipseLogger - Using 'UTF-8' encoding to copy filtered resources.
2026-02-01 06:58:38,202 [Worker-46: Building workspace] INFO  o.e.m.c.i.embedder.EclipseLogger - skip non existing resourceDirectory D:\Rays\Spring-WorkSpace\Spring-MVC\spring-mvc-tiles\src\test\resources
2026-02-01 06:58:47,374 [Worker-50: Building workspace] INFO  o.e.m.c.i.embedder.EclipseLogger - Using 'UTF-8' encoding to copy filtered resources.
2026-02-01 06:58:47,374 [Worker-50: Building workspace] INFO  o.e.m.c.i.embedder.EclipseLogger - Copying 0 resource
2026-02-01 06:58:47,374 [Worker-50: Building workspace] INFO  o.e.m.c.i.embedder.EclipseLogger - Using 'UTF-8' encoding to copy filtered resources.
2026-02-01 06:58:47,374 [Worker-50: Building workspace] INFO  o.e.m.c.i.embedder.EclipseLogger - skip non existing resourceDirectory D:\Rays\Spring-WorkSpace\Spring-MVC\spring-mvc-tiles\src\test\resources
2026-02-01 06:59:23,355 [Worker-50: Building workspace] INFO  o.e.m.c.i.embedder.EclipseLogger - Using 'UTF-8' encoding to copy filtered resources.
2026-02-01 06:59:23,355 [Worker-50: Building workspace] INFO  o.e.m.c.i.embedder.EclipseLogger - Copying 0 resource
2026-02-01 06:59:23,355 [Worker-50: Building workspace] INFO  o.e.m.c.i.embedder.EclipseLogger - Using 'UTF-8' encoding to copy filtered resources.
2026-02-01 06:59:23,355 [Worker-50: Building workspace] INFO  o.e.m.c.i.embedder.EclipseLogger - skip non existing resourceDirectory D:\Rays\Spring-WorkSpace\Spring-MVC\spring-mvc-tiles\src\test\resources
2026-02-01 07:00:37,504 [Worker-58: Building workspace] INFO  o.e.m.c.i.embedder.EclipseLogger - Using 'UTF-8' encoding to copy filtered resources.
2026-02-01 07:00:37,504 [Worker-58: Building workspace] INFO  o.e.m.c.i.embedder.EclipseLogger - Copying 0 resource
2026-02-01 07:00:37,504 [Worker-58: Building workspace] INFO  o.e.m.c.i.embedder.EclipseLogger - Using 'UTF-8' encoding to copy filtered resources.
2026-02-01 07:00:37,504 [Worker-58: Building workspace] INFO  o.e.m.c.i.embedder.EclipseLogger - skip non existing resourceDirectory D:\Rays\Spring-WorkSpace\Spring-MVC\spring-mvc-tiles\src\test\resources
2026-02-01 07:02:20,337 [Worker-46: Building workspace] INFO  o.e.m.c.i.embedder.EclipseLogger - Using 'UTF-8' encoding to copy filtered resources.
2026-02-01 07:02:20,337 [Worker-46: Building workspace] INFO  o.e.m.c.i.embedder.EclipseLogger - Copying 0 resource
2026-02-01 07:02:20,337 [Worker-46: Building workspace] INFO  o.e.m.c.i.embedder.EclipseLogger - Using 'UTF-8' encoding to copy filtered resources.
2026-02-01 07:02:20,337 [Worker-46: Building workspace] INFO  o.e.m.c.i.embedder.EclipseLogger - skip non existing resourceDirectory D:\Rays\Spring-WorkSpace\Spring-MVC\spring-mvc-tiles\src\test\resources
2026-02-01 07:02:51,581 [Worker-46: Building workspace] INFO  o.e.m.c.i.embedder.EclipseLogger - Using 'UTF-8' encoding to copy filtered resources.
2026-02-01 07:02:51,597 [Worker-46: Building workspace] INFO  o.e.m.c.i.embedder.EclipseLogger - Copying 0 resource
2026-02-01 07:02:51,597 [Worker-46: Building workspace] INFO  o.e.m.c.i.embedder.EclipseLogger - Using 'UTF-8' encoding to copy filtered resources.
2026-02-01 07:02:51,597 [Worker-46: Building workspace] INFO  o.e.m.c.i.embedder.EclipseLogger - skip non existing resourceDirectory D:\Rays\Spring-WorkSpace\Spring-MVC\spring-mvc-tiles\src\test\resources
2026-02-01 07:03:00,867 [Worker-60: Building workspace] INFO  o.e.m.c.i.embedder.EclipseLogger - Using 'UTF-8' encoding to copy filtered resources.
2026-02-01 07:03:00,867 [Worker-60: Building workspace] INFO  o.e.m.c.i.embedder.EclipseLogger - Copying 0 resource
2026-02-01 07:03:00,867 [Worker-60: Building workspace] INFO  o.e.m.c.i.embedder.EclipseLogger - Using 'UTF-8' encoding to copy filtered resources.
2026-02-01 07:03:00,867 [Worker-60: Building workspace] INFO  o.e.m.c.i.embedder.EclipseLogger - skip non existing resourceDirectory D:\Rays\Spring-WorkSpace\Spring-MVC\spring-mvc-tiles\src\test\resources
2026-02-01 07:03:11,551 [Worker-61: Building workspace] INFO  o.e.m.c.i.embedder.EclipseLogger - Using 'UTF-8' encoding to copy filtered resources.
2026-02-01 07:03:11,551 [Worker-61: Building workspace] INFO  o.e.m.c.i.embedder.EclipseLogger - Copying 0 resource
2026-02-01 07:03:11,567 [Worker-61: Building workspace] INFO  o.e.m.c.i.embedder.EclipseLogger - Using 'UTF-8' encoding to copy filtered resources.
2026-02-01 07:03:11,567 [Worker-61: Building workspace] INFO  o.e.m.c.i.embedder.EclipseLogger - skip non existing resourceDirectory D:\Rays\Spring-WorkSpace\Spring-MVC\spring-mvc-tiles\src\test\resources
2026-02-01 07:03:20,139 [Worker-58: Building workspace] INFO  o.e.m.c.i.embedder.EclipseLogger - Using 'UTF-8' encoding to copy filtered resources.
2026-02-01 07:03:20,139 [Worker-58: Building workspace] INFO  o.e.m.c.i.embedder.EclipseLogger - Copying 0 resource
2026-02-01 07:03:20,139 [Worker-58: Building workspace] INFO  o.e.m.c.i.embedder.EclipseLogger - Using 'UTF-8' encoding to copy filtered resources.
2026-02-01 07:03:20,139 [Worker-58: Building workspace] INFO  o.e.m.c.i.embedder.EclipseLogger - skip non existing resourceDirectory D:\Rays\Spring-WorkSpace\Spring-MVC\spring-mvc-tiles\src\test\resources
2026-02-01 07:03:28,543 [Worker-62: Building workspace] INFO  o.e.m.c.i.embedder.EclipseLogger - Using 'UTF-8' encoding to copy filtered resources.
2026-02-01 07:03:28,543 [Worker-62: Building workspace] INFO  o.e.m.c.i.embedder.EclipseLogger - Copying 0 resource
2026-02-01 07:03:28,543 [Worker-62: Building workspace] INFO  o.e.m.c.i.embedder.EclipseLogger - Using 'UTF-8' encoding to copy filtered resources.
2026-02-01 07:03:28,543 [Worker-62: Building workspace] INFO  o.e.m.c.i.embedder.EclipseLogger - skip non existing resourceDirectory D:\Rays\Spring-WorkSpace\Spring-MVC\spring-mvc-tiles\src\test\resources
2026-02-01 07:04:31,569 [Worker-58: Building workspace] INFO  o.e.m.c.i.embedder.EclipseLogger - Using 'UTF-8' encoding to copy filtered resources.
2026-02-01 07:04:31,569 [Worker-58: Building workspace] INFO  o.e.m.c.i.embedder.EclipseLogger - Copying 0 resource
2026-02-01 07:04:31,569 [Worker-58: Building workspace] INFO  o.e.m.c.i.embedder.EclipseLogger - Using 'UTF-8' encoding to copy filtered resources.
2026-02-01 07:04:31,569 [Worker-58: Building workspace] INFO  o.e.m.c.i.embedder.EclipseLogger - skip non existing resourceDirectory D:\Rays\Spring-WorkSpace\Spring-MVC\spring-mvc-tiles\src\test\resources
2026-02-01 07:04:50,713 [Worker-58: Building workspace] INFO  o.e.m.c.i.embedder.EclipseLogger - Using 'UTF-8' encoding to copy filtered resources.
2026-02-01 07:04:50,713 [Worker-58: Building workspace] INFO  o.e.m.c.i.embedder.EclipseLogger - Copying 0 resource
2026-02-01 07:04:50,713 [Worker-58: Building workspace] INFO  o.e.m.c.i.embedder.EclipseLogger - Using 'UTF-8' encoding to copy filtered resources.
2026-02-01 07:04:50,713 [Worker-58: Building workspace] INFO  o.e.m.c.i.embedder.EclipseLogger - skip non existing resourceDirectory D:\Rays\Spring-WorkSpace\Spring-MVC\spring-mvc-tiles\src\test\resources
2026-02-01 07:07:03,453 [Worker-58: Building workspace] INFO  o.e.m.c.i.embedder.EclipseLogger - Using 'UTF-8' encoding to copy filtered resources.
2026-02-01 07:07:03,454 [Worker-58: Building workspace] INFO  o.e.m.c.i.embedder.EclipseLogger - Copying 0 resource
2026-02-01 07:07:03,457 [Worker-58: Building workspace] INFO  o.e.m.c.i.embedder.EclipseLogger - Using 'UTF-8' encoding to copy filtered resources.
2026-02-01 07:07:03,457 [Worker-58: Building workspace] INFO  o.e.m.c.i.embedder.EclipseLogger - skip non existing resourceDirectory D:\Rays\Spring-WorkSpace\Spring-MVC\spring-mvc-tiles\src\test\resources
2026-02-01 07:08:04,620 [Worker-58: Building workspace] INFO  o.e.m.c.i.embedder.EclipseLogger - Using 'UTF-8' encoding to copy filtered resources.
2026-02-01 07:08:04,620 [Worker-58: Building workspace] INFO  o.e.m.c.i.embedder.EclipseLogger - Copying 0 resource
2026-02-01 07:08:04,620 [Worker-58: Building workspace] INFO  o.e.m.c.i.embedder.EclipseLogger - Using 'UTF-8' encoding to copy filtered resources.
2026-02-01 07:08:04,620 [Worker-58: Building workspace] INFO  o.e.m.c.i.embedder.EclipseLogger - skip non existing resourceDirectory D:\Rays\Spring-WorkSpace\Spring-MVC\spring-mvc-tiles\src\test\resources
2026-02-01 07:10:31,012 [Worker-60: Building workspace] INFO  o.e.m.c.i.embedder.EclipseLogger - Using 'UTF-8' encoding to copy filtered resources.
2026-02-01 07:10:31,012 [Worker-60: Building workspace] INFO  o.e.m.c.i.embedder.EclipseLogger - Copying 0 resource
2026-02-01 07:10:31,014 [Worker-60: Building workspace] INFO  o.e.m.c.i.embedder.EclipseLogger - Using 'UTF-8' encoding to copy filtered resources.
2026-02-01 07:10:31,014 [Worker-60: Building workspace] INFO  o.e.m.c.i.embedder.EclipseLogger - skip non existing resourceDirectory D:\Rays\Spring-WorkSpace\Spring-MVC\spring-mvc-tiles\src\test\resources
2026-02-01 07:12:17,739 [Worker-66: Building workspace] INFO  o.e.m.c.i.embedder.EclipseLogger - Using 'UTF-8' encoding to copy filtered resources.
2026-02-01 07:12:17,740 [Worker-66: Building workspace] INFO  o.e.m.c.i.embedder.EclipseLogger - Copying 0 resource
2026-02-01 07:12:17,743 [Worker-66: Building workspace] INFO  o.e.m.c.i.embedder.EclipseLogger - Using 'UTF-8' encoding to copy filtered resources.
2026-02-01 07:12:17,743 [Worker-66: Building workspace] INFO  o.e.m.c.i.embedder.EclipseLogger - skip non existing resourceDirectory D:\Rays\Spring-WorkSpace\Spring-MVC\spring-mvc-tiles\src\test\resources
2026-02-01 07:12:52,204 [Worker-67: Building workspace] INFO  o.e.m.c.i.embedder.EclipseLogger - Using 'UTF-8' encoding to copy filtered resources.
2026-02-01 07:12:52,205 [Worker-67: Building workspace] INFO  o.e.m.c.i.embedder.EclipseLogger - Copying 0 resource
2026-02-01 07:12:52,208 [Worker-67: Building workspace] INFO  o.e.m.c.i.embedder.EclipseLogger - Using 'UTF-8' encoding to copy filtered resources.
2026-02-01 07:12:52,209 [Worker-67: Building workspace] INFO  o.e.m.c.i.embedder.EclipseLogger - skip non existing resourceDirectory D:\Rays\Spring-WorkSpace\Spring-MVC\spring-mvc-tiles\src\test\resources
2026-02-01 07:13:44,484 [Worker-60: Building workspace] INFO  o.e.m.c.i.embedder.EclipseLogger - Using 'UTF-8' encoding to copy filtered resources.
2026-02-01 07:13:44,485 [Worker-60: Building workspace] INFO  o.e.m.c.i.embedder.EclipseLogger - Copying 0 resource
2026-02-01 07:13:44,487 [Worker-60: Building workspace] INFO  o.e.m.c.i.embedder.EclipseLogger - Using 'UTF-8' encoding to copy filtered resources.
2026-02-01 07:13:44,487 [Worker-60: Building workspace] INFO  o.e.m.c.i.embedder.EclipseLogger - skip non existing resourceDirectory D:\Rays\Spring-WorkSpace\Spring-MVC\spring-mvc-tiles\src\test\resources
2026-02-01 07:21:21,848 [Worker-60: Creating maven-archetype-webapp] INFO  o.e.m.c.i.p.ProjectConfigurationManager - Collecting project info '/pom.xml' D:\Rays\Spring-WorkSpace\Spring-MVC\spring-mvc-front-ctl\pom.xml
2026-02-01 07:21:22,786 [Worker-60: Creating maven-archetype-webapp] INFO  o.e.m.c.i.l.LifecycleMappingFactory - Using org.maven.ide.eclipse.wtp.WarLifecycleMapping lifecycle mapping for MavenProject: com.rays:spring-mvc-front-ctl:0.0.1-SNAPSHOT @ D:\Rays\Spring-WorkSpace\Spring-MVC\spring-mvc-front-ctl\pom.xml.
2026-02-01 07:21:24,270 [Worker-60: Creating maven-archetype-webapp] INFO  o.e.m.j.i.AbstractJavaProjectConfigurator - Adding source folder /spring-mvc-front-ctl/src/main/java
2026-02-01 07:21:24,270 [Worker-60: Creating maven-archetype-webapp] INFO  o.e.m.j.i.AbstractJavaProjectConfigurator - Adding resource folder /spring-mvc-front-ctl/src/main/resources
2026-02-01 07:21:24,270 [Worker-60: Creating maven-archetype-webapp] INFO  o.e.m.j.i.AbstractJavaProjectConfigurator - Adding source folder /spring-mvc-front-ctl/src/test/java
2026-02-01 07:21:26,195 [Worker-60: Creating maven-archetype-webapp] INFO  o.e.m.c.i.p.ProjectConfigurationManager - Imported and configured 1 project(s) in 4 sec
2026-02-01 07:21:26,523 [Worker-69: Building workspace] WARN  o.e.m.c.i.embedder.EclipseLogger - Using platform encoding (Cp1252 actually) to copy filtered resources, i.e. build is platform dependent!
2026-02-01 07:21:26,523 [Worker-69: Building workspace] INFO  o.e.m.c.i.embedder.EclipseLogger - Copying 0 resource
2026-02-01 07:21:26,539 [Worker-69: Building workspace] WARN  o.e.m.c.i.embedder.EclipseLogger - Using platform encoding (Cp1252 actually) to copy filtered resources, i.e. build is platform dependent!
2026-02-01 07:21:26,539 [Worker-69: Building workspace] INFO  o.e.m.c.i.embedder.EclipseLogger - skip non existing resourceDirectory D:\Rays\Spring-WorkSpace\Spring-MVC\spring-mvc-front-ctl\src\test\resources
2026-02-01 07:21:27,164 [Worker-71: Building workspace] WARN  o.e.m.c.i.embedder.EclipseLogger - Using platform encoding (Cp1252 actually) to copy filtered resources, i.e. build is platform dependent!
2026-02-01 07:21:27,164 [Worker-71: Building workspace] INFO  o.e.m.c.i.embedder.EclipseLogger - Copying 0 resource
2026-02-01 07:21:27,164 [Worker-71: Building workspace] WARN  o.e.m.c.i.embedder.EclipseLogger - Using platform encoding (Cp1252 actually) to copy filtered resources, i.e. build is platform dependent!
2026-02-01 07:21:27,164 [Worker-71: Building workspace] INFO  o.e.m.c.i.embedder.EclipseLogger - skip non existing resourceDirectory D:\Rays\Spring-WorkSpace\Spring-MVC\spring-mvc-front-ctl\src\test\resources
2026-02-01 07:24:30,262 [Worker-60: Building workspace] INFO  o.e.m.c.i.l.LifecycleMappingFactory - Using org.maven.ide.eclipse.wtp.WarLifecycleMapping lifecycle mapping for MavenProject: com.rays:spring-mvc-front-ctl:0.0.1-SNAPSHOT @ D:\Rays\Spring-WorkSpace\Spring-MVC\spring-mvc-front-ctl\pom.xml.
2026-02-01 07:24:34,839 [Worker-60: Building workspace] INFO  o.e.m.c.i.embedder.EclipseLogger - Using 'UTF-8' encoding to copy filtered resources.
2026-02-01 07:24:34,839 [Worker-60: Building workspace] INFO  o.e.m.c.i.embedder.EclipseLogger - Copying 0 resource
2026-02-01 07:24:34,839 [Worker-60: Building workspace] INFO  o.e.m.c.i.embedder.EclipseLogger - Using 'UTF-8' encoding to copy filtered resources.
2026-02-01 07:24:34,839 [Worker-60: Building workspace] INFO  o.e.m.c.i.embedder.EclipseLogger - skip non existing resourceDirectory D:\Rays\Spring-WorkSpace\Spring-MVC\spring-mvc-front-ctl\src\test\resources
2026-02-01 07:24:34,839 [Worker-60: Building workspace] INFO  o.e.m.w.i.f.ResourceFilteringBuildParticipant - Changed resources require a complete clean of filtered resources of spring-mvc-front-ctl
2026-02-01 07:24:34,839 [Worker-60: Building workspace] INFO  o.e.m.w.i.f.ResourceFilteringBuildParticipant - Executing resource filtering for spring-mvc-front-ctl
2026-02-01 07:24:34,855 [Worker-60: Building workspace] INFO  o.e.m.c.i.embedder.EclipseLogger - Using 'UTF-8' encoding to copy filtered resources.
2026-02-01 07:24:36,086 [Worker-60: Building workspace] INFO  o.e.m.c.i.embedder.EclipseLogger - Using 'UTF-8' encoding to copy filtered resources.
2026-02-01 07:24:36,086 [Worker-60: Building workspace] INFO  o.e.m.c.i.embedder.EclipseLogger - Copying 0 resource
2026-02-01 07:24:36,089 [Worker-60: Building workspace] INFO  o.e.m.c.i.embedder.EclipseLogger - Using 'UTF-8' encoding to copy filtered resources.
2026-02-01 07:24:36,089 [Worker-60: Building workspace] INFO  o.e.m.c.i.embedder.EclipseLogger - skip non existing resourceDirectory D:\Rays\Spring-WorkSpace\Spring-MVC\spring-mvc-front-ctl\src\test\resources
2026-02-01 07:26:15,160 [Worker-73: Building workspace] INFO  o.e.m.c.i.embedder.EclipseLogger - Using 'UTF-8' encoding to copy filtered resources.
2026-02-01 07:26:15,160 [Worker-73: Building workspace] INFO  o.e.m.c.i.embedder.EclipseLogger - Copying 0 resource
2026-02-01 07:26:15,176 [Worker-73: Building workspace] INFO  o.e.m.c.i.embedder.EclipseLogger - Using 'UTF-8' encoding to copy filtered resources.
2026-02-01 07:26:15,176 [Worker-73: Building workspace] INFO  o.e.m.c.i.embedder.EclipseLogger - skip non existing resourceDirectory D:\Rays\Spring-WorkSpace\Spring-MVC\spring-mvc-front-ctl\src\test\resources
2026-02-01 07:27:05,363 [Worker-73: Building workspace] INFO  o.e.m.c.i.embedder.EclipseLogger - Using 'UTF-8' encoding to copy filtered resources.
2026-02-01 07:27:05,363 [Worker-73: Building workspace] INFO  o.e.m.c.i.embedder.EclipseLogger - Copying 0 resource
2026-02-01 07:27:05,379 [Worker-73: Building workspace] INFO  o.e.m.c.i.embedder.EclipseLogger - Using 'UTF-8' encoding to copy filtered resources.
2026-02-01 07:27:05,379 [Worker-73: Building workspace] INFO  o.e.m.c.i.embedder.EclipseLogger - skip non existing resourceDirectory D:\Rays\Spring-WorkSpace\Spring-MVC\spring-mvc-front-ctl\src\test\resources
2026-02-01 07:27:19,613 [Worker-73: Building workspace] INFO  o.e.m.c.i.embedder.EclipseLogger - Using 'UTF-8' encoding to copy filtered resources.
2026-02-01 07:27:19,613 [Worker-73: Building workspace] INFO  o.e.m.c.i.embedder.EclipseLogger - Copying 0 resource
2026-02-01 07:27:19,613 [Worker-73: Building workspace] INFO  o.e.m.c.i.embedder.EclipseLogger - Using 'UTF-8' encoding to copy filtered resources.
2026-02-01 07:27:19,613 [Worker-73: Building workspace] INFO  o.e.m.c.i.embedder.EclipseLogger - skip non existing resourceDirectory D:\Rays\Spring-WorkSpace\Spring-MVC\spring-mvc-front-ctl\src\test\resources
2026-02-01 07:27:27,986 [Worker-60: Building workspace] INFO  o.e.m.c.i.embedder.EclipseLogger - Using 'UTF-8' encoding to copy filtered resources.
2026-02-01 07:27:27,986 [Worker-60: Building workspace] INFO  o.e.m.c.i.embedder.EclipseLogger - Copying 0 resource
2026-02-01 07:27:27,986 [Worker-60: Building workspace] INFO  o.e.m.c.i.embedder.EclipseLogger - Using 'UTF-8' encoding to copy filtered resources.
2026-02-01 07:27:27,986 [Worker-60: Building workspace] INFO  o.e.m.c.i.embedder.EclipseLogger - skip non existing resourceDirectory D:\Rays\Spring-WorkSpace\Spring-MVC\spring-mvc-front-ctl\src\test\resources
2026-02-01 07:28:05,296 [Worker-69: Building workspace] INFO  o.e.m.c.i.embedder.EclipseLogger - Using 'UTF-8' encoding to copy filtered resources.
2026-02-01 07:28:05,296 [Worker-69: Building workspace] INFO  o.e.m.c.i.embedder.EclipseLogger - Copying 0 resource
2026-02-01 07:28:05,296 [Worker-69: Building workspace] INFO  o.e.m.c.i.embedder.EclipseLogger - Using 'UTF-8' encoding to copy filtered resources.
2026-02-01 07:28:05,296 [Worker-69: Building workspace] INFO  o.e.m.c.i.embedder.EclipseLogger - skip non existing resourceDirectory D:\Rays\Spring-WorkSpace\Spring-MVC\spring-mvc-front-ctl\src\test\resources
2026-02-01 07:28:18,453 [Worker-73: Building workspace] INFO  o.e.m.c.i.embedder.EclipseLogger - Using 'UTF-8' encoding to copy filtered resources.
2026-02-01 07:28:18,468 [Worker-73: Building workspace] INFO  o.e.m.c.i.embedder.EclipseLogger - Copying 0 resource
2026-02-01 07:28:18,468 [Worker-73: Building workspace] INFO  o.e.m.c.i.embedder.EclipseLogger - Using 'UTF-8' encoding to copy filtered resources.
2026-02-01 07:28:18,468 [Worker-73: Building workspace] INFO  o.e.m.c.i.embedder.EclipseLogger - skip non existing resourceDirectory D:\Rays\Spring-WorkSpace\Spring-MVC\spring-mvc-front-ctl\src\test\resources
2026-02-01 07:28:28,024 [Worker-70: Building workspace] INFO  o.e.m.c.i.embedder.EclipseLogger - Using 'UTF-8' encoding to copy filtered resources.
2026-02-01 07:28:28,024 [Worker-70: Building workspace] INFO  o.e.m.c.i.embedder.EclipseLogger - Copying 0 resource
2026-02-01 07:28:28,024 [Worker-70: Building workspace] INFO  o.e.m.c.i.embedder.EclipseLogger - Using 'UTF-8' encoding to copy filtered resources.
2026-02-01 07:28:28,024 [Worker-70: Building workspace] INFO  o.e.m.c.i.embedder.EclipseLogger - skip non existing resourceDirectory D:\Rays\Spring-WorkSpace\Spring-MVC\spring-mvc-front-ctl\src\test\resources
2026-02-01 07:28:54,750 [Worker-69: Building workspace] INFO  o.e.m.c.i.embedder.EclipseLogger - Using 'UTF-8' encoding to copy filtered resources.
2026-02-01 07:28:54,750 [Worker-69: Building workspace] INFO  o.e.m.c.i.embedder.EclipseLogger - Copying 0 resource
2026-02-01 07:28:54,750 [Worker-69: Building workspace] INFO  o.e.m.c.i.embedder.EclipseLogger - Using 'UTF-8' encoding to copy filtered resources.
2026-02-01 07:28:54,750 [Worker-69: Building workspace] INFO  o.e.m.c.i.embedder.EclipseLogger - skip non existing resourceDirectory D:\Rays\Spring-WorkSpace\Spring-MVC\spring-mvc-front-ctl\src\test\resources
2026-02-01 07:29:08,179 [Worker-74: Building workspace] INFO  o.e.m.c.i.embedder.EclipseLogger - Using 'UTF-8' encoding to copy filtered resources.
2026-02-01 07:29:08,179 [Worker-74: Building workspace] INFO  o.e.m.c.i.embedder.EclipseLogger - Copying 0 resource
2026-02-01 07:29:08,179 [Worker-74: Building workspace] INFO  o.e.m.c.i.embedder.EclipseLogger - Using 'UTF-8' encoding to copy filtered resources.
2026-02-01 07:29:08,179 [Worker-74: Building workspace] INFO  o.e.m.c.i.embedder.EclipseLogger - skip non existing resourceDirectory D:\Rays\Spring-WorkSpace\Spring-MVC\spring-mvc-front-ctl\src\test\resources
2026-02-01 07:29:17,275 [Worker-74: Building workspace] INFO  o.e.m.c.i.embedder.EclipseLogger - Using 'UTF-8' encoding to copy filtered resources.
2026-02-01 07:29:17,275 [Worker-74: Building workspace] INFO  o.e.m.c.i.embedder.EclipseLogger - Copying 0 resource
2026-02-01 07:29:17,275 [Worker-74: Building workspace] INFO  o.e.m.c.i.embedder.EclipseLogger - Using 'UTF-8' encoding to copy filtered resources.
2026-02-01 07:29:17,275 [Worker-74: Building workspace] INFO  o.e.m.c.i.embedder.EclipseLogger - skip non existing resourceDirectory D:\Rays\Spring-WorkSpace\Spring-MVC\spring-mvc-front-ctl\src\test\resources
2026-02-01 07:29:48,577 [Worker-69: Building workspace] INFO  o.e.m.c.i.embedder.EclipseLogger - Using 'UTF-8' encoding to copy filtered resources.
2026-02-01 07:29:48,577 [Worker-69: Building workspace] INFO  o.e.m.c.i.embedder.EclipseLogger - Copying 0 resource
2026-02-01 07:29:48,592 [Worker-69: Building workspace] INFO  o.e.m.c.i.embedder.EclipseLogger - Using 'UTF-8' encoding to copy filtered resources.
2026-02-01 07:29:48,592 [Worker-69: Building workspace] INFO  o.e.m.c.i.embedder.EclipseLogger - skip non existing resourceDirectory D:\Rays\Spring-WorkSpace\Spring-MVC\spring-mvc-front-ctl\src\test\resources
2026-02-01 07:30:09,670 [Worker-75: Building workspace] INFO  o.e.m.c.i.embedder.EclipseLogger - Using 'UTF-8' encoding to copy filtered resources.
2026-02-01 07:30:09,670 [Worker-75: Building workspace] INFO  o.e.m.c.i.embedder.EclipseLogger - Copying 0 resource
2026-02-01 07:30:09,670 [Worker-75: Building workspace] INFO  o.e.m.c.i.embedder.EclipseLogger - Using 'UTF-8' encoding to copy filtered resources.
2026-02-01 07:30:09,670 [Worker-75: Building workspace] INFO  o.e.m.c.i.embedder.EclipseLogger - skip non existing resourceDirectory D:\Rays\Spring-WorkSpace\Spring-MVC\spring-mvc-front-ctl\src\test\resources
2026-02-01 07:30:18,384 [Worker-69: Building workspace] INFO  o.e.m.c.i.embedder.EclipseLogger - Using 'UTF-8' encoding to copy filtered resources.
2026-02-01 07:30:18,384 [Worker-69: Building workspace] INFO  o.e.m.c.i.embedder.EclipseLogger - Copying 0 resource
2026-02-01 07:30:18,384 [Worker-69: Building workspace] INFO  o.e.m.c.i.embedder.EclipseLogger - Using 'UTF-8' encoding to copy filtered resources.
2026-02-01 07:30:18,384 [Worker-69: Building workspace] INFO  o.e.m.c.i.embedder.EclipseLogger - skip non existing resourceDirectory D:\Rays\Spring-WorkSpace\Spring-MVC\spring-mvc-front-ctl\src\test\resources
2026-02-01 07:31:07,325 [Worker-70: Building workspace] INFO  o.e.m.c.i.embedder.EclipseLogger - Using 'UTF-8' encoding to copy filtered resources.
2026-02-01 07:31:07,325 [Worker-70: Building workspace] INFO  o.e.m.c.i.embedder.EclipseLogger - Copying 0 resource
2026-02-01 07:31:07,325 [Worker-70: Building workspace] INFO  o.e.m.c.i.embedder.EclipseLogger - Using 'UTF-8' encoding to copy filtered resources.
2026-02-01 07:31:07,325 [Worker-70: Building workspace] INFO  o.e.m.c.i.embedder.EclipseLogger - skip non existing resourceDirectory D:\Rays\Spring-WorkSpace\Spring-MVC\spring-mvc-front-ctl\src\test\resources
2026-02-01 07:31:26,059 [Worker-73: Building workspace] INFO  o.e.m.c.i.embedder.EclipseLogger - Using 'UTF-8' encoding to copy filtered resources.
2026-02-01 07:31:26,059 [Worker-73: Building workspace] INFO  o.e.m.c.i.embedder.EclipseLogger - Copying 0 resource
2026-02-01 07:31:26,059 [Worker-73: Building workspace] INFO  o.e.m.c.i.embedder.EclipseLogger - Using 'UTF-8' encoding to copy filtered resources.
2026-02-01 07:31:26,059 [Worker-73: Building workspace] INFO  o.e.m.c.i.embedder.EclipseLogger - skip non existing resourceDirectory D:\Rays\Spring-WorkSpace\Spring-MVC\spring-mvc-front-ctl\src\test\resources
2026-02-01 07:31:31,340 [Worker-70: Building workspace] INFO  o.e.m.c.i.embedder.EclipseLogger - Using 'UTF-8' encoding to copy filtered resources.
2026-02-01 07:31:31,340 [Worker-70: Building workspace] INFO  o.e.m.c.i.embedder.EclipseLogger - Copying 0 resource
2026-02-01 07:31:31,340 [Worker-70: Building workspace] INFO  o.e.m.c.i.embedder.EclipseLogger - Using 'UTF-8' encoding to copy filtered resources.
2026-02-01 07:31:31,340 [Worker-70: Building workspace] INFO  o.e.m.c.i.embedder.EclipseLogger - skip non existing resourceDirectory D:\Rays\Spring-WorkSpace\Spring-MVC\spring-mvc-front-ctl\src\test\resources
2026-02-01 07:32:13,840 [Worker-70: Building workspace] INFO  o.e.m.c.i.embedder.EclipseLogger - Using 'UTF-8' encoding to copy filtered resources.
2026-02-01 07:32:13,840 [Worker-70: Building workspace] INFO  o.e.m.c.i.embedder.EclipseLogger - Copying 0 resource
2026-02-01 07:32:13,856 [Worker-70: Building workspace] INFO  o.e.m.c.i.embedder.EclipseLogger - Using 'UTF-8' encoding to copy filtered resources.
2026-02-01 07:32:13,856 [Worker-70: Building workspace] INFO  o.e.m.c.i.embedder.EclipseLogger - skip non existing resourceDirectory D:\Rays\Spring-WorkSpace\Spring-MVC\spring-mvc-front-ctl\src\test\resources
2026-02-01 07:32:30,122 [Worker-69: Building workspace] INFO  o.e.m.c.i.embedder.EclipseLogger - Using 'UTF-8' encoding to copy filtered resources.
2026-02-01 07:32:30,122 [Worker-69: Building workspace] INFO  o.e.m.c.i.embedder.EclipseLogger - Copying 0 resource
2026-02-01 07:32:30,137 [Worker-69: Building workspace] INFO  o.e.m.c.i.embedder.EclipseLogger - Using 'UTF-8' encoding to copy filtered resources.
2026-02-01 07:32:30,137 [Worker-69: Building workspace] INFO  o.e.m.c.i.embedder.EclipseLogger - skip non existing resourceDirectory D:\Rays\Spring-WorkSpace\Spring-MVC\spring-mvc-front-ctl\src\test\resources
2026-02-01 07:32:39,647 [Worker-74: Building workspace] INFO  o.e.m.c.i.embedder.EclipseLogger - Using 'UTF-8' encoding to copy filtered resources.
2026-02-01 07:32:39,647 [Worker-74: Building workspace] INFO  o.e.m.c.i.embedder.EclipseLogger - Copying 0 resource
2026-02-01 07:32:39,647 [Worker-74: Building workspace] INFO  o.e.m.c.i.embedder.EclipseLogger - Using 'UTF-8' encoding to copy filtered resources.
2026-02-01 07:32:39,647 [Worker-74: Building workspace] INFO  o.e.m.c.i.embedder.EclipseLogger - skip non existing resourceDirectory D:\Rays\Spring-WorkSpace\Spring-MVC\spring-mvc-front-ctl\src\test\resources
2026-02-01 07:33:14,422 [Worker-74: Building workspace] INFO  o.e.m.c.i.embedder.EclipseLogger - Using 'UTF-8' encoding to copy filtered resources.
2026-02-01 07:33:14,422 [Worker-74: Building workspace] INFO  o.e.m.c.i.embedder.EclipseLogger - Copying 0 resource
2026-02-01 07:33:14,438 [Worker-74: Building workspace] INFO  o.e.m.c.i.embedder.EclipseLogger - Using 'UTF-8' encoding to copy filtered resources.
2026-02-01 07:33:14,438 [Worker-74: Building workspace] INFO  o.e.m.c.i.embedder.EclipseLogger - skip non existing resourceDirectory D:\Rays\Spring-WorkSpace\Spring-MVC\spring-mvc-front-ctl\src\test\resources
2026-02-01 07:33:19,391 [Worker-78: Building workspace] INFO  o.e.m.c.i.embedder.EclipseLogger - Using 'UTF-8' encoding to copy filtered resources.
2026-02-01 07:33:19,391 [Worker-78: Building workspace] INFO  o.e.m.c.i.embedder.EclipseLogger - Copying 0 resource
2026-02-01 07:33:19,391 [Worker-78: Building workspace] INFO  o.e.m.c.i.embedder.EclipseLogger - Using 'UTF-8' encoding to copy filtered resources.
2026-02-01 07:33:19,391 [Worker-78: Building workspace] INFO  o.e.m.c.i.embedder.EclipseLogger - skip non existing resourceDirectory D:\Rays\Spring-WorkSpace\Spring-MVC\spring-mvc-front-ctl\src\test\resources
2026-02-01 07:33:32,545 [Worker-78: Building workspace] INFO  o.e.m.c.i.embedder.EclipseLogger - Using 'UTF-8' encoding to copy filtered resources.
2026-02-01 07:33:32,545 [Worker-78: Building workspace] INFO  o.e.m.c.i.embedder.EclipseLogger - Copying 0 resource
2026-02-01 07:33:32,545 [Worker-78: Building workspace] INFO  o.e.m.c.i.embedder.EclipseLogger - Using 'UTF-8' encoding to copy filtered resources.
2026-02-01 07:33:32,545 [Worker-78: Building workspace] INFO  o.e.m.c.i.embedder.EclipseLogger - skip non existing resourceDirectory D:\Rays\Spring-WorkSpace\Spring-MVC\spring-mvc-front-ctl\src\test\resources
2026-02-01 07:33:43,346 [Worker-76: Building workspace] INFO  o.e.m.c.i.embedder.EclipseLogger - Using 'UTF-8' encoding to copy filtered resources.
2026-02-01 07:33:43,362 [Worker-76: Building workspace] INFO  o.e.m.c.i.embedder.EclipseLogger - Copying 0 resource
2026-02-01 07:33:43,362 [Worker-76: Building workspace] INFO  o.e.m.c.i.embedder.EclipseLogger - Using 'UTF-8' encoding to copy filtered resources.
2026-02-01 07:33:43,362 [Worker-76: Building workspace] INFO  o.e.m.c.i.embedder.EclipseLogger - skip non existing resourceDirectory D:\Rays\Spring-WorkSpace\Spring-MVC\spring-mvc-front-ctl\src\test\resources
2026-02-01 07:34:52,839 [Worker-60: Building workspace] INFO  o.e.m.c.i.embedder.EclipseLogger - Using 'UTF-8' encoding to copy filtered resources.
2026-02-01 07:34:52,839 [Worker-60: Building workspace] INFO  o.e.m.c.i.embedder.EclipseLogger - Copying 0 resource
2026-02-01 07:34:52,839 [Worker-60: Building workspace] INFO  o.e.m.c.i.embedder.EclipseLogger - Using 'UTF-8' encoding to copy filtered resources.
2026-02-01 07:34:52,839 [Worker-60: Building workspace] INFO  o.e.m.c.i.embedder.EclipseLogger - skip non existing resourceDirectory D:\Rays\Spring-WorkSpace\Spring-MVC\spring-mvc-front-ctl\src\test\resources
2026-02-01 07:35:20,649 [Worker-75: Building workspace] INFO  o.e.m.c.i.embedder.EclipseLogger - Using 'UTF-8' encoding to copy filtered resources.
2026-02-01 07:35:20,649 [Worker-75: Building workspace] INFO  o.e.m.c.i.embedder.EclipseLogger - Copying 0 resource
2026-02-01 07:35:20,649 [Worker-75: Building workspace] INFO  o.e.m.c.i.embedder.EclipseLogger - Using 'UTF-8' encoding to copy filtered resources.
2026-02-01 07:35:20,649 [Worker-75: Building workspace] INFO  o.e.m.c.i.embedder.EclipseLogger - skip non existing resourceDirectory D:\Rays\Spring-WorkSpace\Spring-MVC\spring-mvc-front-ctl\src\test\resources
2026-02-01 07:35:31,214 [Worker-77: Building workspace] INFO  o.e.m.c.i.embedder.EclipseLogger - Using 'UTF-8' encoding to copy filtered resources.
2026-02-01 07:35:31,214 [Worker-77: Building workspace] INFO  o.e.m.c.i.embedder.EclipseLogger - Copying 0 resource
2026-02-01 07:35:31,214 [Worker-77: Building workspace] INFO  o.e.m.c.i.embedder.EclipseLogger - Using 'UTF-8' encoding to copy filtered resources.
2026-02-01 07:35:31,214 [Worker-77: Building workspace] INFO  o.e.m.c.i.embedder.EclipseLogger - skip non existing resourceDirectory D:\Rays\Spring-WorkSpace\Spring-MVC\spring-mvc-front-ctl\src\test\resources
2026-02-01 07:36:19,168 [Worker-73: Building workspace] INFO  o.e.m.c.i.embedder.EclipseLogger - Using 'UTF-8' encoding to copy filtered resources.
2026-02-01 07:36:19,168 [Worker-73: Building workspace] INFO  o.e.m.c.i.embedder.EclipseLogger - Copying 0 resource
2026-02-01 07:36:19,168 [Worker-73: Building workspace] INFO  o.e.m.c.i.embedder.EclipseLogger - Using 'UTF-8' encoding to copy filtered resources.
2026-02-01 07:36:19,168 [Worker-73: Building workspace] INFO  o.e.m.c.i.embedder.EclipseLogger - skip non existing resourceDirectory D:\Rays\Spring-WorkSpace\Spring-MVC\spring-mvc-front-ctl\src\test\resources
2026-02-01 07:36:34,968 [Worker-69: Building workspace] INFO  o.e.m.c.i.embedder.EclipseLogger - Using 'UTF-8' encoding to copy filtered resources.
2026-02-01 07:36:34,968 [Worker-69: Building workspace] INFO  o.e.m.c.i.embedder.EclipseLogger - Copying 0 resource
2026-02-01 07:36:34,968 [Worker-69: Building workspace] INFO  o.e.m.c.i.embedder.EclipseLogger - Using 'UTF-8' encoding to copy filtered resources.
2026-02-01 07:36:34,968 [Worker-69: Building workspace] INFO  o.e.m.c.i.embedder.EclipseLogger - skip non existing resourceDirectory D:\Rays\Spring-WorkSpace\Spring-MVC\spring-mvc-front-ctl\src\test\resources
2026-02-01 07:37:06,589 [Worker-74: Building workspace] INFO  o.e.m.c.i.embedder.EclipseLogger - Using 'UTF-8' encoding to copy filtered resources.
2026-02-01 07:37:06,589 [Worker-74: Building workspace] INFO  o.e.m.c.i.embedder.EclipseLogger - Copying 0 resource
2026-02-01 07:37:06,589 [Worker-74: Building workspace] INFO  o.e.m.c.i.embedder.EclipseLogger - Using 'UTF-8' encoding to copy filtered resources.
2026-02-01 07:37:06,589 [Worker-74: Building workspace] INFO  o.e.m.c.i.embedder.EclipseLogger - skip non existing resourceDirectory D:\Rays\Spring-WorkSpace\Spring-MVC\spring-mvc-front-ctl\src\test\resources
2026-02-01 07:37:20,018 [Worker-74: Building workspace] INFO  o.e.m.c.i.embedder.EclipseLogger - Using 'UTF-8' encoding to copy filtered resources.
2026-02-01 07:37:20,018 [Worker-74: Building workspace] INFO  o.e.m.c.i.embedder.EclipseLogger - Copying 0 resource
2026-02-01 07:37:20,034 [Worker-74: Building workspace] INFO  o.e.m.c.i.embedder.EclipseLogger - Using 'UTF-8' encoding to copy filtered resources.
2026-02-01 07:37:20,034 [Worker-74: Building workspace] INFO  o.e.m.c.i.embedder.EclipseLogger - skip non existing resourceDirectory D:\Rays\Spring-WorkSpace\Spring-MVC\spring-mvc-front-ctl\src\test\resources
2026-02-01 07:37:52,012 [Worker-76: Building workspace] INFO  o.e.m.c.i.embedder.EclipseLogger - Using 'UTF-8' encoding to copy filtered resources.
2026-02-01 07:37:52,012 [Worker-76: Building workspace] INFO  o.e.m.c.i.embedder.EclipseLogger - Copying 0 resource
2026-02-01 07:37:52,012 [Worker-76: Building workspace] INFO  o.e.m.c.i.embedder.EclipseLogger - Using 'UTF-8' encoding to copy filtered resources.
2026-02-01 07:37:52,012 [Worker-76: Building workspace] INFO  o.e.m.c.i.embedder.EclipseLogger - skip non existing resourceDirectory D:\Rays\Spring-WorkSpace\Spring-MVC\spring-mvc-front-ctl\src\test\resources
2026-02-01 07:38:09,340 [Worker-69: Building workspace] INFO  o.e.m.c.i.embedder.EclipseLogger - Using 'UTF-8' encoding to copy filtered resources.
2026-02-01 07:38:09,340 [Worker-69: Building workspace] INFO  o.e.m.c.i.embedder.EclipseLogger - Copying 0 resource
2026-02-01 07:38:09,340 [Worker-69: Building workspace] INFO  o.e.m.c.i.embedder.EclipseLogger - Using 'UTF-8' encoding to copy filtered resources.
2026-02-01 07:38:09,340 [Worker-69: Building workspace] INFO  o.e.m.c.i.embedder.EclipseLogger - skip non existing resourceDirectory D:\Rays\Spring-WorkSpace\Spring-MVC\spring-mvc-front-ctl\src\test\resources
2026-02-01 07:38:44,281 [Worker-74: Building workspace] INFO  o.e.m.c.i.embedder.EclipseLogger - Using 'UTF-8' encoding to copy filtered resources.
2026-02-01 07:38:44,281 [Worker-74: Building workspace] INFO  o.e.m.c.i.embedder.EclipseLogger - Copying 0 resource
2026-02-01 07:38:44,281 [Worker-74: Building workspace] INFO  o.e.m.c.i.embedder.EclipseLogger - Using 'UTF-8' encoding to copy filtered resources.
2026-02-01 07:38:44,281 [Worker-74: Building workspace] INFO  o.e.m.c.i.embedder.EclipseLogger - skip non existing resourceDirectory D:\Rays\Spring-WorkSpace\Spring-MVC\spring-mvc-front-ctl\src\test\resources
2026-02-01 07:39:12,077 [Worker-75: Building workspace] INFO  o.e.m.c.i.embedder.EclipseLogger - Using 'UTF-8' encoding to copy filtered resources.
2026-02-01 07:39:12,077 [Worker-75: Building workspace] INFO  o.e.m.c.i.embedder.EclipseLogger - Copying 0 resource
2026-02-01 07:39:12,077 [Worker-75: Building workspace] INFO  o.e.m.c.i.embedder.EclipseLogger - Using 'UTF-8' encoding to copy filtered resources.
2026-02-01 07:39:12,077 [Worker-75: Building workspace] INFO  o.e.m.c.i.embedder.EclipseLogger - skip non existing resourceDirectory D:\Rays\Spring-WorkSpace\Spring-MVC\spring-mvc-front-ctl\src\test\resources
2026-02-01 07:39:22,061 [Worker-75: Building workspace] INFO  o.e.m.c.i.embedder.EclipseLogger - Using 'UTF-8' encoding to copy filtered resources.
2026-02-01 07:39:22,061 [Worker-75: Building workspace] INFO  o.e.m.c.i.embedder.EclipseLogger - Copying 0 resource
2026-02-01 07:39:22,061 [Worker-75: Building workspace] INFO  o.e.m.c.i.embedder.EclipseLogger - Using 'UTF-8' encoding to copy filtered resources.
2026-02-01 07:39:22,061 [Worker-75: Building workspace] INFO  o.e.m.c.i.embedder.EclipseLogger - skip non existing resourceDirectory D:\Rays\Spring-WorkSpace\Spring-MVC\spring-mvc-front-ctl\src\test\resources
2026-02-01 07:39:51,127 [Worker-78: Building workspace] INFO  o.e.m.c.i.embedder.EclipseLogger - Using 'UTF-8' encoding to copy filtered resources.
2026-02-01 07:39:51,127 [Worker-78: Building workspace] INFO  o.e.m.c.i.embedder.EclipseLogger - Copying 0 resource
2026-02-01 07:39:51,127 [Worker-78: Building workspace] INFO  o.e.m.c.i.embedder.EclipseLogger - Using 'UTF-8' encoding to copy filtered resources.
2026-02-01 07:39:51,127 [Worker-78: Building workspace] INFO  o.e.m.c.i.embedder.EclipseLogger - skip non existing resourceDirectory D:\Rays\Spring-WorkSpace\Spring-MVC\spring-mvc-front-ctl\src\test\resources
2026-02-01 07:40:10,997 [Worker-73: Building workspace] INFO  o.e.m.c.i.embedder.EclipseLogger - Using 'UTF-8' encoding to copy filtered resources.
2026-02-01 07:40:10,997 [Worker-73: Building workspace] INFO  o.e.m.c.i.embedder.EclipseLogger - Copying 0 resource
2026-02-01 07:40:10,997 [Worker-73: Building workspace] INFO  o.e.m.c.i.embedder.EclipseLogger - Using 'UTF-8' encoding to copy filtered resources.
2026-02-01 07:40:10,997 [Worker-73: Building workspace] INFO  o.e.m.c.i.embedder.EclipseLogger - skip non existing resourceDirectory D:\Rays\Spring-WorkSpace\Spring-MVC\spring-mvc-front-ctl\src\test\resources
2026-02-01 07:40:33,467 [Worker-75: Building workspace] INFO  o.e.m.c.i.embedder.EclipseLogger - Using 'UTF-8' encoding to copy filtered resources.
2026-02-01 07:40:33,467 [Worker-75: Building workspace] INFO  o.e.m.c.i.embedder.EclipseLogger - Copying 0 resource
2026-02-01 07:40:33,467 [Worker-75: Building workspace] INFO  o.e.m.c.i.embedder.EclipseLogger - Using 'UTF-8' encoding to copy filtered resources.
2026-02-01 07:40:33,467 [Worker-75: Building workspace] INFO  o.e.m.c.i.embedder.EclipseLogger - skip non existing resourceDirectory D:\Rays\Spring-WorkSpace\Spring-MVC\spring-mvc-front-ctl\src\test\resources
2026-02-01 07:40:39,232 [Worker-74: Building workspace] INFO  o.e.m.c.i.embedder.EclipseLogger - Using 'UTF-8' encoding to copy filtered resources.
2026-02-01 07:40:39,232 [Worker-74: Building workspace] INFO  o.e.m.c.i.embedder.EclipseLogger - Copying 0 resource
2026-02-01 07:40:39,232 [Worker-74: Building workspace] INFO  o.e.m.c.i.embedder.EclipseLogger - Using 'UTF-8' encoding to copy filtered resources.
2026-02-01 07:40:39,232 [Worker-74: Building workspace] INFO  o.e.m.c.i.embedder.EclipseLogger - skip non existing resourceDirectory D:\Rays\Spring-WorkSpace\Spring-MVC\spring-mvc-front-ctl\src\test\resources
2026-02-01 07:41:04,919 [Worker-60: Building workspace] INFO  o.e.m.c.i.embedder.EclipseLogger - Using 'UTF-8' encoding to copy filtered resources.
2026-02-01 07:41:04,935 [Worker-60: Building workspace] INFO  o.e.m.c.i.embedder.EclipseLogger - Copying 0 resource
2026-02-01 07:41:04,935 [Worker-60: Building workspace] INFO  o.e.m.c.i.embedder.EclipseLogger - Using 'UTF-8' encoding to copy filtered resources.
2026-02-01 07:41:04,935 [Worker-60: Building workspace] INFO  o.e.m.c.i.embedder.EclipseLogger - skip non existing resourceDirectory D:\Rays\Spring-WorkSpace\Spring-MVC\spring-mvc-front-ctl\src\test\resources
2026-02-01 07:41:14,658 [Worker-74: Building workspace] INFO  o.e.m.c.i.embedder.EclipseLogger - Using 'UTF-8' encoding to copy filtered resources.
2026-02-01 07:41:14,658 [Worker-74: Building workspace] INFO  o.e.m.c.i.embedder.EclipseLogger - Copying 0 resource
2026-02-01 07:41:14,658 [Worker-74: Building workspace] INFO  o.e.m.c.i.embedder.EclipseLogger - Using 'UTF-8' encoding to copy filtered resources.
2026-02-01 07:41:14,658 [Worker-74: Building workspace] INFO  o.e.m.c.i.embedder.EclipseLogger - skip non existing resourceDirectory D:\Rays\Spring-WorkSpace\Spring-MVC\spring-mvc-front-ctl\src\test\resources
2026-02-01 07:41:38,020 [Worker-69: Building workspace] INFO  o.e.m.c.i.embedder.EclipseLogger - Using 'UTF-8' encoding to copy filtered resources.
2026-02-01 07:41:38,020 [Worker-69: Building workspace] INFO  o.e.m.c.i.embedder.EclipseLogger - Copying 0 resource
2026-02-01 07:41:38,020 [Worker-69: Building workspace] INFO  o.e.m.c.i.embedder.EclipseLogger - Using 'UTF-8' encoding to copy filtered resources.
2026-02-01 07:41:38,035 [Worker-69: Building workspace] INFO  o.e.m.c.i.embedder.EclipseLogger - skip non existing resourceDirectory D:\Rays\Spring-WorkSpace\Spring-MVC\spring-mvc-front-ctl\src\test\resources
2026-02-01 07:42:06,913 [Worker-69: Building workspace] INFO  o.e.m.c.i.embedder.EclipseLogger - Using 'UTF-8' encoding to copy filtered resources.
2026-02-01 07:42:06,913 [Worker-69: Building workspace] INFO  o.e.m.c.i.embedder.EclipseLogger - Copying 0 resource
2026-02-01 07:42:06,913 [Worker-69: Building workspace] INFO  o.e.m.c.i.embedder.EclipseLogger - Using 'UTF-8' encoding to copy filtered resources.
2026-02-01 07:42:06,913 [Worker-69: Building workspace] INFO  o.e.m.c.i.embedder.EclipseLogger - skip non existing resourceDirectory D:\Rays\Spring-WorkSpace\Spring-MVC\spring-mvc-front-ctl\src\test\resources
2026-02-01 07:42:13,929 [Worker-69: Building workspace] INFO  o.e.m.c.i.embedder.EclipseLogger - Using 'UTF-8' encoding to copy filtered resources.
2026-02-01 07:42:13,929 [Worker-69: Building workspace] INFO  o.e.m.c.i.embedder.EclipseLogger - Copying 0 resource
2026-02-01 07:42:13,929 [Worker-69: Building workspace] INFO  o.e.m.c.i.embedder.EclipseLogger - Using 'UTF-8' encoding to copy filtered resources.
2026-02-01 07:42:13,929 [Worker-69: Building workspace] INFO  o.e.m.c.i.embedder.EclipseLogger - skip non existing resourceDirectory D:\Rays\Spring-WorkSpace\Spring-MVC\spring-mvc-front-ctl\src\test\resources
2026-02-01 07:43:17,116 [Worker-78: Building workspace] INFO  o.e.m.c.i.embedder.EclipseLogger - Using 'UTF-8' encoding to copy filtered resources.
2026-02-01 07:43:17,116 [Worker-78: Building workspace] INFO  o.e.m.c.i.embedder.EclipseLogger - Copying 0 resource
2026-02-01 07:43:17,116 [Worker-78: Building workspace] INFO  o.e.m.c.i.embedder.EclipseLogger - Using 'UTF-8' encoding to copy filtered resources.
2026-02-01 07:43:17,116 [Worker-78: Building workspace] INFO  o.e.m.c.i.embedder.EclipseLogger - skip non existing resourceDirectory D:\Rays\Spring-WorkSpace\Spring-MVC\spring-mvc-front-ctl\src\test\resources
2026-02-01 07:53:21,080 [Worker-77: Building workspace] INFO  o.e.m.c.i.embedder.EclipseLogger - Using 'UTF-8' encoding to copy filtered resources.
2026-02-01 07:53:21,081 [Worker-77: Building workspace] INFO  o.e.m.c.i.embedder.EclipseLogger - Copying 0 resource
2026-02-01 07:53:21,083 [Worker-77: Building workspace] INFO  o.e.m.c.i.embedder.EclipseLogger - Using 'UTF-8' encoding to copy filtered resources.
2026-02-01 07:53:21,083 [Worker-77: Building workspace] INFO  o.e.m.c.i.embedder.EclipseLogger - skip non existing resourceDirectory D:\Rays\Spring-WorkSpace\Spring-MVC\spring-mvc-front-ctl\src\test\resources
2026-02-01 07:58:49,068 [Worker-80: Building workspace] INFO  o.e.m.c.i.embedder.EclipseLogger - Using 'UTF-8' encoding to copy filtered resources.
2026-02-01 07:58:49,068 [Worker-80: Building workspace] INFO  o.e.m.c.i.embedder.EclipseLogger - Copying 0 resource
2026-02-01 07:58:49,068 [Worker-80: Building workspace] INFO  o.e.m.c.i.embedder.EclipseLogger - Using 'UTF-8' encoding to copy filtered resources.
2026-02-01 07:58:49,068 [Worker-80: Building workspace] INFO  o.e.m.c.i.embedder.EclipseLogger - skip non existing resourceDirectory D:\Rays\Spring-WorkSpace\Spring-MVC\spring-mvc-front-ctl\src\test\resources
2026-02-01 08:04:45,078 [Worker-74: Building workspace] INFO  o.e.m.c.i.embedder.EclipseLogger - Using 'UTF-8' encoding to copy filtered resources.
2026-02-01 08:04:45,078 [Worker-74: Building workspace] INFO  o.e.m.c.i.embedder.EclipseLogger - Copying 0 resource
2026-02-01 08:04:45,078 [Worker-74: Building workspace] INFO  o.e.m.c.i.embedder.EclipseLogger - Using 'UTF-8' encoding to copy filtered resources.
2026-02-01 08:04:45,078 [Worker-74: Building workspace] INFO  o.e.m.c.i.embedder.EclipseLogger - skip non existing resourceDirectory D:\Rays\Spring-WorkSpace\Spring-MVC\spring-mvc-front-ctl\src\test\resources
2026-02-01 08:11:45,628 [Worker-82: Building workspace] INFO  o.e.m.c.i.embedder.EclipseLogger - Using 'UTF-8' encoding to copy filtered resources.
2026-02-01 08:11:45,628 [Worker-82: Building workspace] INFO  o.e.m.c.i.embedder.EclipseLogger - Copying 0 resource
2026-02-01 08:11:45,630 [Worker-82: Building workspace] INFO  o.e.m.c.i.embedder.EclipseLogger - Using 'UTF-8' encoding to copy filtered resources.
2026-02-01 08:11:45,630 [Worker-82: Building workspace] INFO  o.e.m.c.i.embedder.EclipseLogger - skip non existing resourceDirectory D:\Rays\Spring-WorkSpace\Spring-MVC\spring-mvc-front-ctl\src\test\resources
2026-02-01 08:14:56,151 [Worker-85: Building workspace] INFO  o.e.m.c.i.embedder.EclipseLogger - Using 'UTF-8' encoding to copy filtered resources.
2026-02-01 08:14:56,176 [Worker-85: Building workspace] INFO  o.e.m.c.i.embedder.EclipseLogger - Copying 0 resource
2026-02-01 08:14:56,178 [Worker-85: Building workspace] INFO  o.e.m.c.i.embedder.EclipseLogger - Using 'UTF-8' encoding to copy filtered resources.
2026-02-01 08:14:56,178 [Worker-85: Building workspace] INFO  o.e.m.c.i.embedder.EclipseLogger - skip non existing resourceDirectory D:\Rays\Spring-WorkSpace\Spring-MVC\spring-mvc-front-ctl\src\test\resources
2026-02-01 08:15:42,958 [Worker-89: Building workspace] INFO  o.e.m.c.i.embedder.EclipseLogger - Using 'UTF-8' encoding to copy filtered resources.
2026-02-01 08:15:42,958 [Worker-89: Building workspace] INFO  o.e.m.c.i.embedder.EclipseLogger - Copying 0 resource
2026-02-01 08:15:42,960 [Worker-89: Building workspace] INFO  o.e.m.c.i.embedder.EclipseLogger - Using 'UTF-8' encoding to copy filtered resources.
2026-02-01 08:15:42,960 [Worker-89: Building workspace] INFO  o.e.m.c.i.embedder.EclipseLogger - skip non existing resourceDirectory D:\Rays\Spring-WorkSpace\Spring-MVC\spring-mvc-front-ctl\src\test\resources
2026-02-01 08:17:26,946 [Worker-85: Building workspace] INFO  o.e.m.c.i.embedder.EclipseLogger - Using 'UTF-8' encoding to copy filtered resources.
2026-02-01 08:17:26,947 [Worker-85: Building workspace] INFO  o.e.m.c.i.embedder.EclipseLogger - Copying 0 resource
2026-02-01 08:17:26,948 [Worker-85: Building workspace] INFO  o.e.m.c.i.embedder.EclipseLogger - Using 'UTF-8' encoding to copy filtered resources.
2026-02-01 08:17:26,948 [Worker-85: Building workspace] INFO  o.e.m.c.i.embedder.EclipseLogger - skip non existing resourceDirectory D:\Rays\Spring-WorkSpace\Spring-MVC\spring-mvc-front-ctl\src\test\resources
2026-02-01 08:18:12,076 [Worker-93: Building workspace] INFO  o.e.m.c.i.embedder.EclipseLogger - Using 'UTF-8' encoding to copy filtered resources.
2026-02-01 08:18:12,076 [Worker-93: Building workspace] INFO  o.e.m.c.i.embedder.EclipseLogger - Copying 0 resource
2026-02-01 08:18:12,080 [Worker-93: Building workspace] INFO  o.e.m.c.i.embedder.EclipseLogger - Using 'UTF-8' encoding to copy filtered resources.
2026-02-01 08:18:12,080 [Worker-93: Building workspace] INFO  o.e.m.c.i.embedder.EclipseLogger - skip non existing resourceDirectory D:\Rays\Spring-WorkSpace\Spring-MVC\spring-mvc-front-ctl\src\test\resources
2026-02-01 08:20:01,186 [Worker-85: Building workspace] INFO  o.e.m.c.i.embedder.EclipseLogger - Using 'UTF-8' encoding to copy filtered resources.
2026-02-01 08:20:01,186 [Worker-85: Building workspace] INFO  o.e.m.c.i.embedder.EclipseLogger - Copying 0 resource
2026-02-01 08:20:01,186 [Worker-85: Building workspace] INFO  o.e.m.c.i.embedder.EclipseLogger - Using 'UTF-8' encoding to copy filtered resources.
2026-02-01 08:20:01,186 [Worker-85: Building workspace] INFO  o.e.m.c.i.embedder.EclipseLogger - skip non existing resourceDirectory D:\Rays\Spring-WorkSpace\Spring-MVC\spring-mvc-front-ctl\src\test\resources
2026-02-01 08:20:13,389 [Worker-91: Building workspace] INFO  o.e.m.c.i.embedder.EclipseLogger - Using 'UTF-8' encoding to copy filtered resources.
2026-02-01 08:20:13,389 [Worker-91: Building workspace] INFO  o.e.m.c.i.embedder.EclipseLogger - Copying 0 resource
2026-02-01 08:20:13,389 [Worker-91: Building workspace] INFO  o.e.m.c.i.embedder.EclipseLogger - Using 'UTF-8' encoding to copy filtered resources.
2026-02-01 08:20:13,389 [Worker-91: Building workspace] INFO  o.e.m.c.i.embedder.EclipseLogger - skip non existing resourceDirectory D:\Rays\Spring-WorkSpace\Spring-MVC\spring-mvc-front-ctl\src\test\resources
2026-02-01 08:21:37,608 [Worker-91: Building workspace] INFO  o.e.m.c.i.embedder.EclipseLogger - Using 'UTF-8' encoding to copy filtered resources.
2026-02-01 08:21:37,608 [Worker-91: Building workspace] INFO  o.e.m.c.i.embedder.EclipseLogger - Copying 0 resource
2026-02-01 08:21:37,608 [Worker-91: Building workspace] INFO  o.e.m.c.i.embedder.EclipseLogger - Using 'UTF-8' encoding to copy filtered resources.
2026-02-01 08:21:37,608 [Worker-91: Building workspace] INFO  o.e.m.c.i.embedder.EclipseLogger - skip non existing resourceDirectory D:\Rays\Spring-WorkSpace\Spring-MVC\spring-mvc-front-ctl\src\test\resources
2026-02-01 08:21:57,699 [Worker-88: Building workspace] INFO  o.e.m.c.i.embedder.EclipseLogger - Using 'UTF-8' encoding to copy filtered resources.
2026-02-01 08:21:57,699 [Worker-88: Building workspace] INFO  o.e.m.c.i.embedder.EclipseLogger - Copying 0 resource
2026-02-01 08:21:57,699 [Worker-88: Building workspace] INFO  o.e.m.c.i.embedder.EclipseLogger - Using 'UTF-8' encoding to copy filtered resources.
2026-02-01 08:21:57,699 [Worker-88: Building workspace] INFO  o.e.m.c.i.embedder.EclipseLogger - skip non existing resourceDirectory D:\Rays\Spring-WorkSpace\Spring-MVC\spring-mvc-front-ctl\src\test\resources
2026-02-01 08:22:22,340 [Worker-94: Building workspace] INFO  o.e.m.c.i.embedder.EclipseLogger - Using 'UTF-8' encoding to copy filtered resources.
2026-02-01 08:22:22,340 [Worker-94: Building workspace] INFO  o.e.m.c.i.embedder.EclipseLogger - Copying 0 resource
2026-02-01 08:22:22,340 [Worker-94: Building workspace] INFO  o.e.m.c.i.embedder.EclipseLogger - Using 'UTF-8' encoding to copy filtered resources.
2026-02-01 08:22:22,340 [Worker-94: Building workspace] INFO  o.e.m.c.i.embedder.EclipseLogger - skip non existing resourceDirectory D:\Rays\Spring-WorkSpace\Spring-MVC\spring-mvc-front-ctl\src\test\resources
2026-02-01 08:22:41,067 [Worker-95: Building workspace] INFO  o.e.m.c.i.embedder.EclipseLogger - Using 'UTF-8' encoding to copy filtered resources.
2026-02-01 08:22:41,067 [Worker-95: Building workspace] INFO  o.e.m.c.i.embedder.EclipseLogger - Copying 0 resource
2026-02-01 08:22:41,067 [Worker-95: Building workspace] INFO  o.e.m.c.i.embedder.EclipseLogger - Using 'UTF-8' encoding to copy filtered resources.
2026-02-01 08:22:41,067 [Worker-95: Building workspace] INFO  o.e.m.c.i.embedder.EclipseLogger - skip non existing resourceDirectory D:\Rays\Spring-WorkSpace\Spring-MVC\spring-mvc-front-ctl\src\test\resources
2026-02-01 08:28:15,506 [Worker-88: Cleaning all projects] INFO  o.e.m.w.i.f.ResourceFilteringBuildParticipant - Cleaning filtered folder for spring-mvc-front-ctl
2026-02-01 08:28:15,912 [Worker-88: Cleaning all projects] INFO  o.e.m.w.i.f.ResourceFilteringBuildParticipant - Cleaning filtered folder for spring-mvc-simple
2026-02-01 08:28:16,154 [Worker-88: Cleaning all projects] INFO  o.e.m.w.i.f.ResourceFilteringBuildParticipant - Cleaning filtered folder for spring-mvc-tiles
2026-02-01 08:28:16,852 [Worker-69: Building workspace] INFO  o.e.m.c.i.embedder.EclipseLogger - Using 'UTF-8' encoding to copy filtered resources.
2026-02-01 08:28:16,852 [Worker-69: Building workspace] INFO  o.e.m.c.i.embedder.EclipseLogger - Copying 0 resource
2026-02-01 08:28:16,868 [Worker-69: Building workspace] INFO  o.e.m.c.i.embedder.EclipseLogger - Using 'UTF-8' encoding to copy filtered resources.
2026-02-01 08:28:16,868 [Worker-69: Building workspace] INFO  o.e.m.c.i.embedder.EclipseLogger - skip non existing resourceDirectory D:\Rays\Spring-WorkSpace\Spring-MVC\spring-mvc-front-ctl\src\test\resources
2026-02-01 08:28:16,868 [Worker-69: Building workspace] INFO  o.e.m.w.i.f.ResourceFilteringBuildParticipant - Changed resources require a complete clean of filtered resources of spring-mvc-front-ctl
2026-02-01 08:28:16,868 [Worker-69: Building workspace] INFO  o.e.m.w.i.f.ResourceFilteringBuildParticipant - Executing resource filtering for spring-mvc-front-ctl
2026-02-01 08:28:23,243 [Worker-69: Building workspace] INFO  o.e.m.c.i.embedder.EclipseLogger - Using 'UTF-8' encoding to copy filtered resources.
2026-02-01 08:28:25,602 [Worker-97: Building workspace] INFO  o.e.m.c.i.embedder.EclipseLogger - Using 'UTF-8' encoding to copy filtered resources.
2026-02-01 08:28:25,602 [Worker-97: Building workspace] INFO  o.e.m.c.i.embedder.EclipseLogger - Copying 0 resource
2026-02-01 08:28:25,602 [Worker-97: Building workspace] INFO  o.e.m.c.i.embedder.EclipseLogger - Using 'UTF-8' encoding to copy filtered resources.
2026-02-01 08:28:25,602 [Worker-97: Building workspace] INFO  o.e.m.c.i.embedder.EclipseLogger - skip non existing resourceDirectory D:\Rays\Spring-WorkSpace\Spring-MVC\spring-mvc-simple\src\test\resources
2026-02-01 08:28:25,602 [Worker-97: Building workspace] INFO  o.e.m.w.i.f.ResourceFilteringBuildParticipant - Changed resources require a complete clean of filtered resources of spring-mvc-simple
2026-02-01 08:28:25,602 [Worker-97: Building workspace] INFO  o.e.m.w.i.f.ResourceFilteringBuildParticipant - Executing resource filtering for spring-mvc-simple
2026-02-01 08:28:25,618 [Worker-97: Building workspace] INFO  o.e.m.c.i.embedder.EclipseLogger - Using 'UTF-8' encoding to copy filtered resources.
2026-02-01 08:28:27,399 [Worker-89: Building workspace] INFO  o.e.m.c.i.embedder.EclipseLogger - Using 'UTF-8' encoding to copy filtered resources.
2026-02-01 08:28:27,399 [Worker-89: Building workspace] INFO  o.e.m.c.i.embedder.EclipseLogger - Copying 0 resource
2026-02-01 08:28:27,399 [Worker-89: Building workspace] INFO  o.e.m.c.i.embedder.EclipseLogger - Using 'UTF-8' encoding to copy filtered resources.
2026-02-01 08:28:27,399 [Worker-89: Building workspace] INFO  o.e.m.c.i.embedder.EclipseLogger - skip non existing resourceDirectory D:\Rays\Spring-WorkSpace\Spring-MVC\spring-mvc-tiles\src\test\resources
2026-02-01 08:28:27,399 [Worker-89: Building workspace] INFO  o.e.m.w.i.f.ResourceFilteringBuildParticipant - Changed resources require a complete clean of filtered resources of spring-mvc-tiles
2026-02-01 08:28:27,399 [Worker-89: Building workspace] INFO  o.e.m.w.i.f.ResourceFilteringBuildParticipant - Executing resource filtering for spring-mvc-tiles
2026-02-01 08:28:27,414 [Worker-89: Building workspace] INFO  o.e.m.c.i.embedder.EclipseLogger - Using 'UTF-8' encoding to copy filtered resources.
2026-02-01 08:28:43,633 [Worker-69: Updating Maven Project] INFO  o.e.m.c.i.p.ProjectConfigurationManager - Update started
2026-02-01 08:28:47,544 [Worker-69: Updating Maven Project] INFO  o.e.m.c.i.l.LifecycleMappingFactory - Using org.maven.ide.eclipse.wtp.WarLifecycleMapping lifecycle mapping for MavenProject: com.rays:spring-mvc-front-ctl:0.0.1-SNAPSHOT @ D:\Rays\Spring-WorkSpace\Spring-MVC\spring-mvc-front-ctl\pom.xml.
2026-02-01 08:28:48,465 [Worker-69: Updating Maven Project] INFO  o.e.m.c.i.l.LifecycleMappingFactory - Using org.maven.ide.eclipse.wtp.WarLifecycleMapping lifecycle mapping for MavenProject: com.rays:spring-mvc-simple:0.0.1-SNAPSHOT @ D:\Rays\Spring-WorkSpace\Spring-MVC\spring-mvc-simple\pom.xml.
2026-02-01 08:28:48,590 [Worker-69: Updating Maven Project] INFO  o.e.m.c.i.l.LifecycleMappingFactory - Using org.maven.ide.eclipse.wtp.WarLifecycleMapping lifecycle mapping for MavenProject: com.rays:spring-mvc-tiles:0.0.1-SNAPSHOT @ D:\Rays\Spring-WorkSpace\Spring-MVC\spring-mvc-tiles\pom.xml.
2026-02-01 08:28:52,247 [Worker-69: Updating Maven Project] INFO  o.e.m.j.i.AbstractJavaProjectConfigurator - Adding source folder /spring-mvc-front-ctl/src/main/java
2026-02-01 08:28:52,247 [Worker-69: Updating Maven Project] INFO  o.e.m.j.i.AbstractJavaProjectConfigurator - Adding resource folder /spring-mvc-front-ctl/src/main/resources
2026-02-01 08:28:52,309 [Worker-69: Updating Maven Project] INFO  o.e.m.j.i.AbstractJavaProjectConfigurator - Adding source folder /spring-mvc-front-ctl/src/test/java
2026-02-01 08:28:54,559 [Worker-69: Updating Maven Project] INFO  o.e.m.w.i.f.ResourceFilteringBuildParticipant - Cleaning filtered folder for spring-mvc-front-ctl
2026-02-01 08:28:54,559 [Worker-69: Updating Maven Project] INFO  o.e.m.c.i.p.ProjectConfigurationManager - Update completed: 10 sec
2026-02-01 08:28:57,169 [Worker-91: Building Project spring-mvc-front-ctl] INFO  o.e.m.c.i.embedder.EclipseLogger - Using 'UTF-8' encoding to copy filtered resources.
2026-02-01 08:28:57,169 [Worker-91: Building Project spring-mvc-front-ctl] INFO  o.e.m.c.i.embedder.EclipseLogger - Copying 0 resource
2026-02-01 08:28:57,169 [Worker-91: Building Project spring-mvc-front-ctl] INFO  o.e.m.c.i.embedder.EclipseLogger - Using 'UTF-8' encoding to copy filtered resources.
2026-02-01 08:28:57,169 [Worker-91: Building Project spring-mvc-front-ctl] INFO  o.e.m.c.i.embedder.EclipseLogger - skip non existing resourceDirectory D:\Rays\Spring-WorkSpace\Spring-MVC\spring-mvc-front-ctl\src\test\resources
2026-02-01 08:28:57,169 [Worker-91: Building Project spring-mvc-front-ctl] INFO  o.e.m.w.i.f.ResourceFilteringBuildParticipant - Changed resources require a complete clean of filtered resources of spring-mvc-front-ctl
2026-02-01 08:28:57,169 [Worker-91: Building Project spring-mvc-front-ctl] INFO  o.e.m.w.i.f.ResourceFilteringBuildParticipant - Executing resource filtering for spring-mvc-front-ctl
2026-02-01 08:28:57,184 [Worker-91: Building Project spring-mvc-front-ctl] INFO  o.e.m.c.i.embedder.EclipseLogger - Using 'UTF-8' encoding to copy filtered resources.
2026-02-01 08:28:58,450 [Worker-91: Building Project spring-mvc-front-ctl] INFO  o.e.m.c.i.embedder.EclipseLogger - Using 'UTF-8' encoding to copy filtered resources.
2026-02-01 08:28:58,450 [Worker-91: Building Project spring-mvc-front-ctl] INFO  o.e.m.c.i.embedder.EclipseLogger - Copying 0 resource
2026-02-01 08:28:58,450 [Worker-91: Building Project spring-mvc-front-ctl] INFO  o.e.m.c.i.embedder.EclipseLogger - Using 'UTF-8' encoding to copy filtered resources.
2026-02-01 08:28:58,450 [Worker-91: Building Project spring-mvc-front-ctl] INFO  o.e.m.c.i.embedder.EclipseLogger - skip non existing resourceDirectory D:\Rays\Spring-WorkSpace\Spring-MVC\spring-mvc-simple\src\test\resources
2026-02-01 08:28:59,184 [Worker-91: Building Project spring-mvc-front-ctl] INFO  o.e.m.c.i.embedder.EclipseLogger - Using 'UTF-8' encoding to copy filtered resources.
2026-02-01 08:28:59,184 [Worker-91: Building Project spring-mvc-front-ctl] INFO  o.e.m.c.i.embedder.EclipseLogger - Copying 0 resource
2026-02-01 08:28:59,184 [Worker-91: Building Project spring-mvc-front-ctl] INFO  o.e.m.c.i.embedder.EclipseLogger - Using 'UTF-8' encoding to copy filtered resources.
2026-02-01 08:28:59,184 [Worker-91: Building Project spring-mvc-front-ctl] INFO  o.e.m.c.i.embedder.EclipseLogger - skip non existing resourceDirectory D:\Rays\Spring-WorkSpace\Spring-MVC\spring-mvc-tiles\src\test\resources
2026-02-01 08:29:00,465 [Worker-97: Building workspace] INFO  o.e.m.c.i.embedder.EclipseLogger - Using 'UTF-8' encoding to copy filtered resources.
2026-02-01 08:29:00,465 [Worker-97: Building workspace] INFO  o.e.m.c.i.embedder.EclipseLogger - Copying 0 resource
2026-02-01 08:29:00,465 [Worker-97: Building workspace] INFO  o.e.m.c.i.embedder.EclipseLogger - Using 'UTF-8' encoding to copy filtered resources.
2026-02-01 08:29:00,465 [Worker-97: Building workspace] INFO  o.e.m.c.i.embedder.EclipseLogger - skip non existing resourceDirectory D:\Rays\Spring-WorkSpace\Spring-MVC\spring-mvc-front-ctl\src\test\resources
2026-02-01 08:31:37,394 [Worker-102: Building workspace] INFO  o.e.m.c.i.embedder.EclipseLogger - Using 'UTF-8' encoding to copy filtered resources.
2026-02-01 08:31:37,394 [Worker-102: Building workspace] INFO  o.e.m.c.i.embedder.EclipseLogger - Copying 0 resource
2026-02-01 08:31:37,394 [Worker-102: Building workspace] INFO  o.e.m.c.i.embedder.EclipseLogger - Using 'UTF-8' encoding to copy filtered resources.
2026-02-01 08:31:37,394 [Worker-102: Building workspace] INFO  o.e.m.c.i.embedder.EclipseLogger - skip non existing resourceDirectory D:\Rays\Spring-WorkSpace\Spring-MVC\spring-mvc-front-ctl\src\test\resources
2026-02-01 08:31:47,160 [Worker-96: Building workspace] INFO  o.e.m.c.i.embedder.EclipseLogger - Using 'UTF-8' encoding to copy filtered resources.
2026-02-01 08:31:47,160 [Worker-96: Building workspace] INFO  o.e.m.c.i.embedder.EclipseLogger - Copying 0 resource
2026-02-01 08:31:47,160 [Worker-96: Building workspace] INFO  o.e.m.c.i.embedder.EclipseLogger - Using 'UTF-8' encoding to copy filtered resources.
2026-02-01 08:31:47,160 [Worker-96: Building workspace] INFO  o.e.m.c.i.embedder.EclipseLogger - skip non existing resourceDirectory D:\Rays\Spring-WorkSpace\Spring-MVC\spring-mvc-front-ctl\src\test\resources
2026-02-01 08:32:43,053 [Worker-100: Building workspace] INFO  o.e.m.c.i.embedder.EclipseLogger - Using 'UTF-8' encoding to copy filtered resources.
2026-02-01 08:32:43,053 [Worker-100: Building workspace] INFO  o.e.m.c.i.embedder.EclipseLogger - Copying 0 resource
2026-02-01 08:32:43,053 [Worker-100: Building workspace] INFO  o.e.m.c.i.embedder.EclipseLogger - Using 'UTF-8' encoding to copy filtered resources.
2026-02-01 08:32:43,053 [Worker-100: Building workspace] INFO  o.e.m.c.i.embedder.EclipseLogger - skip non existing resourceDirectory D:\Rays\Spring-WorkSpace\Spring-MVC\spring-mvc-front-ctl\src\test\resources
2026-02-01 08:32:51,881 [Worker-102: Building workspace] INFO  o.e.m.c.i.embedder.EclipseLogger - Using 'UTF-8' encoding to copy filtered resources.
2026-02-01 08:32:51,881 [Worker-102: Building workspace] INFO  o.e.m.c.i.embedder.EclipseLogger - Copying 0 resource
2026-02-01 08:32:51,881 [Worker-102: Building workspace] INFO  o.e.m.c.i.embedder.EclipseLogger - Using 'UTF-8' encoding to copy filtered resources.
2026-02-01 08:32:51,881 [Worker-102: Building workspace] INFO  o.e.m.c.i.embedder.EclipseLogger - skip non existing resourceDirectory D:\Rays\Spring-WorkSpace\Spring-MVC\spring-mvc-front-ctl\src\test\resources
2026-02-01 08:34:20,721 [Worker-100: Building workspace] INFO  o.e.m.c.i.embedder.EclipseLogger - Using 'UTF-8' encoding to copy filtered resources.
2026-02-01 08:34:20,721 [Worker-100: Building workspace] INFO  o.e.m.c.i.embedder.EclipseLogger - Copying 0 resource
2026-02-01 08:34:20,721 [Worker-100: Building workspace] INFO  o.e.m.c.i.embedder.EclipseLogger - Using 'UTF-8' encoding to copy filtered resources.
2026-02-01 08:34:20,721 [Worker-100: Building workspace] INFO  o.e.m.c.i.embedder.EclipseLogger - skip non existing resourceDirectory D:\Rays\Spring-WorkSpace\Spring-MVC\spring-mvc-front-ctl\src\test\resources
2026-02-01 08:34:31,028 [Worker-102: Building workspace] INFO  o.e.m.c.i.embedder.EclipseLogger - Using 'UTF-8' encoding to copy filtered resources.
2026-02-01 08:34:31,028 [Worker-102: Building workspace] INFO  o.e.m.c.i.embedder.EclipseLogger - Copying 0 resource
2026-02-01 08:34:31,028 [Worker-102: Building workspace] INFO  o.e.m.c.i.embedder.EclipseLogger - Using 'UTF-8' encoding to copy filtered resources.
2026-02-01 08:34:31,028 [Worker-102: Building workspace] INFO  o.e.m.c.i.embedder.EclipseLogger - skip non existing resourceDirectory D:\Rays\Spring-WorkSpace\Spring-MVC\spring-mvc-front-ctl\src\test\resources
2026-02-01 08:35:09,735 [Worker-99: Building workspace] INFO  o.e.m.c.i.embedder.EclipseLogger - Using 'UTF-8' encoding to copy filtered resources.
2026-02-01 08:35:09,735 [Worker-99: Building workspace] INFO  o.e.m.c.i.embedder.EclipseLogger - Copying 0 resource
2026-02-01 08:35:09,735 [Worker-99: Building workspace] INFO  o.e.m.c.i.embedder.EclipseLogger - Using 'UTF-8' encoding to copy filtered resources.
2026-02-01 08:35:09,735 [Worker-99: Building workspace] INFO  o.e.m.c.i.embedder.EclipseLogger - skip non existing resourceDirectory D:\Rays\Spring-WorkSpace\Spring-MVC\spring-mvc-front-ctl\src\test\resources
2026-02-01 08:35:36,891 [Worker-102: Building workspace] INFO  o.e.m.c.i.embedder.EclipseLogger - Using 'UTF-8' encoding to copy filtered resources.
2026-02-01 08:35:36,891 [Worker-102: Building workspace] INFO  o.e.m.c.i.embedder.EclipseLogger - Copying 0 resource
2026-02-01 08:35:36,891 [Worker-102: Building workspace] INFO  o.e.m.c.i.embedder.EclipseLogger - Using 'UTF-8' encoding to copy filtered resources.
2026-02-01 08:35:36,891 [Worker-102: Building workspace] INFO  o.e.m.c.i.embedder.EclipseLogger - skip non existing resourceDirectory D:\Rays\Spring-WorkSpace\Spring-MVC\spring-mvc-front-ctl\src\test\resources
2026-02-01 08:35:53,813 [Worker-99: Building workspace] INFO  o.e.m.c.i.embedder.EclipseLogger - Using 'UTF-8' encoding to copy filtered resources.
2026-02-01 08:35:53,813 [Worker-99: Building workspace] INFO  o.e.m.c.i.embedder.EclipseLogger - Copying 0 resource
2026-02-01 08:35:53,813 [Worker-99: Building workspace] INFO  o.e.m.c.i.embedder.EclipseLogger - Using 'UTF-8' encoding to copy filtered resources.
2026-02-01 08:35:53,813 [Worker-99: Building workspace] INFO  o.e.m.c.i.embedder.EclipseLogger - skip non existing resourceDirectory D:\Rays\Spring-WorkSpace\Spring-MVC\spring-mvc-front-ctl\src\test\resources
2026-02-01 08:36:15,706 [Worker-96: Building workspace] INFO  o.e.m.c.i.embedder.EclipseLogger - Using 'UTF-8' encoding to copy filtered resources.
2026-02-01 08:36:15,706 [Worker-96: Building workspace] INFO  o.e.m.c.i.embedder.EclipseLogger - Copying 0 resource
2026-02-01 08:36:15,706 [Worker-96: Building workspace] INFO  o.e.m.c.i.embedder.EclipseLogger - Using 'UTF-8' encoding to copy filtered resources.
2026-02-01 08:36:15,706 [Worker-96: Building workspace] INFO  o.e.m.c.i.embedder.EclipseLogger - skip non existing resourceDirectory D:\Rays\Spring-WorkSpace\Spring-MVC\spring-mvc-front-ctl\src\test\resources
2026-02-01 08:37:25,846 [Worker-96: Building workspace] INFO  o.e.m.c.i.embedder.EclipseLogger - Using 'UTF-8' encoding to copy filtered resources.
2026-02-01 08:37:25,846 [Worker-96: Building workspace] INFO  o.e.m.c.i.embedder.EclipseLogger - Copying 0 resource
2026-02-01 08:37:25,846 [Worker-96: Building workspace] INFO  o.e.m.c.i.embedder.EclipseLogger - Using 'UTF-8' encoding to copy filtered resources.
2026-02-01 08:37:25,846 [Worker-96: Building workspace] INFO  o.e.m.c.i.embedder.EclipseLogger - skip non existing resourceDirectory D:\Rays\Spring-WorkSpace\Spring-MVC\spring-mvc-front-ctl\src\test\resources
2026-02-01 08:37:48,581 [Worker-102: Building workspace] INFO  o.e.m.c.i.embedder.EclipseLogger - Using 'UTF-8' encoding to copy filtered resources.
2026-02-01 08:37:48,581 [Worker-102: Building workspace] INFO  o.e.m.c.i.embedder.EclipseLogger - Copying 0 resource
2026-02-01 08:37:48,581 [Worker-102: Building workspace] INFO  o.e.m.c.i.embedder.EclipseLogger - Using 'UTF-8' encoding to copy filtered resources.
2026-02-01 08:37:48,581 [Worker-102: Building workspace] INFO  o.e.m.c.i.embedder.EclipseLogger - skip non existing resourceDirectory D:\Rays\Spring-WorkSpace\Spring-MVC\spring-mvc-front-ctl\src\test\resources
2026-02-01 08:38:55,053 [Worker-98: Cleaning all projects] INFO  o.e.m.w.i.f.ResourceFilteringBuildParticipant - Cleaning filtered folder for spring-mvc-front-ctl
2026-02-01 08:38:55,131 [Worker-98: Cleaning all projects] INFO  o.e.m.w.i.f.ResourceFilteringBuildParticipant - Cleaning filtered folder for spring-mvc-simple
2026-02-01 08:38:55,209 [Worker-98: Cleaning all projects] INFO  o.e.m.w.i.f.ResourceFilteringBuildParticipant - Cleaning filtered folder for spring-mvc-tiles
2026-02-01 08:38:55,800 [Worker-98: Building workspace] INFO  o.e.m.c.i.embedder.EclipseLogger - Using 'UTF-8' encoding to copy filtered resources.
2026-02-01 08:38:55,800 [Worker-98: Building workspace] INFO  o.e.m.c.i.embedder.EclipseLogger - Copying 0 resource
2026-02-01 08:38:55,800 [Worker-98: Building workspace] INFO  o.e.m.c.i.embedder.EclipseLogger - Using 'UTF-8' encoding to copy filtered resources.
2026-02-01 08:38:55,800 [Worker-98: Building workspace] INFO  o.e.m.c.i.embedder.EclipseLogger - skip non existing resourceDirectory D:\Rays\Spring-WorkSpace\Spring-MVC\spring-mvc-front-ctl\src\test\resources
2026-02-01 08:38:55,800 [Worker-98: Building workspace] INFO  o.e.m.w.i.f.ResourceFilteringBuildParticipant - Changed resources require a complete clean of filtered resources of spring-mvc-front-ctl
2026-02-01 08:38:55,800 [Worker-98: Building workspace] INFO  o.e.m.w.i.f.ResourceFilteringBuildParticipant - Executing resource filtering for spring-mvc-front-ctl
2026-02-01 08:38:55,879 [Worker-98: Building workspace] INFO  o.e.m.c.i.embedder.EclipseLogger - Using 'UTF-8' encoding to copy filtered resources.
2026-02-01 08:38:58,879 [Worker-96: Building workspace] INFO  o.e.m.c.i.embedder.EclipseLogger - Using 'UTF-8' encoding to copy filtered resources.
2026-02-01 08:38:58,879 [Worker-96: Building workspace] INFO  o.e.m.c.i.embedder.EclipseLogger - Copying 0 resource
2026-02-01 08:38:58,879 [Worker-96: Building workspace] INFO  o.e.m.c.i.embedder.EclipseLogger - Using 'UTF-8' encoding to copy filtered resources.
2026-02-01 08:38:58,879 [Worker-96: Building workspace] INFO  o.e.m.c.i.embedder.EclipseLogger - skip non existing resourceDirectory D:\Rays\Spring-WorkSpace\Spring-MVC\spring-mvc-simple\src\test\resources
2026-02-01 08:38:58,879 [Worker-96: Building workspace] INFO  o.e.m.w.i.f.ResourceFilteringBuildParticipant - Changed resources require a complete clean of filtered resources of spring-mvc-simple
2026-02-01 08:38:58,879 [Worker-96: Building workspace] INFO  o.e.m.w.i.f.ResourceFilteringBuildParticipant - Executing resource filtering for spring-mvc-simple
2026-02-01 08:38:58,894 [Worker-96: Building workspace] INFO  o.e.m.c.i.embedder.EclipseLogger - Using 'UTF-8' encoding to copy filtered resources.
2026-02-01 08:38:59,535 [Worker-96: Building workspace] INFO  o.e.m.c.i.embedder.EclipseLogger - Using 'UTF-8' encoding to copy filtered resources.
2026-02-01 08:38:59,535 [Worker-96: Building workspace] INFO  o.e.m.c.i.embedder.EclipseLogger - Copying 0 resource
2026-02-01 08:38:59,535 [Worker-96: Building workspace] INFO  o.e.m.c.i.embedder.EclipseLogger - Using 'UTF-8' encoding to copy filtered resources.
2026-02-01 08:38:59,535 [Worker-96: Building workspace] INFO  o.e.m.c.i.embedder.EclipseLogger - skip non existing resourceDirectory D:\Rays\Spring-WorkSpace\Spring-MVC\spring-mvc-tiles\src\test\resources
2026-02-01 08:38:59,535 [Worker-96: Building workspace] INFO  o.e.m.w.i.f.ResourceFilteringBuildParticipant - Changed resources require a complete clean of filtered resources of spring-mvc-tiles
2026-02-01 08:38:59,535 [Worker-96: Building workspace] INFO  o.e.m.w.i.f.ResourceFilteringBuildParticipant - Executing resource filtering for spring-mvc-tiles
2026-02-01 08:38:59,535 [Worker-96: Building workspace] INFO  o.e.m.c.i.embedder.EclipseLogger - Using 'UTF-8' encoding to copy filtered resources.
2026-02-01 08:39:18,347 [Worker-100: Updating Maven Project] INFO  o.e.m.c.i.p.ProjectConfigurationManager - Update started
2026-02-01 08:39:19,316 [Worker-100: Updating Maven Project] INFO  o.e.m.c.i.l.LifecycleMappingFactory - Using org.maven.ide.eclipse.wtp.WarLifecycleMapping lifecycle mapping for MavenProject: com.rays:spring-mvc-front-ctl:0.0.1-SNAPSHOT @ D:\Rays\Spring-WorkSpace\Spring-MVC\spring-mvc-front-ctl\pom.xml.
2026-02-01 08:39:19,894 [Worker-100: Updating Maven Project] INFO  o.e.m.c.i.l.LifecycleMappingFactory - Using org.maven.ide.eclipse.wtp.WarLifecycleMapping lifecycle mapping for MavenProject: com.rays:spring-mvc-simple:0.0.1-SNAPSHOT @ D:\Rays\Spring-WorkSpace\Spring-MVC\spring-mvc-simple\pom.xml.
2026-02-01 08:39:20,004 [Worker-100: Updating Maven Project] INFO  o.e.m.c.i.l.LifecycleMappingFactory - Using org.maven.ide.eclipse.wtp.WarLifecycleMapping lifecycle mapping for MavenProject: com.rays:spring-mvc-tiles:0.0.1-SNAPSHOT @ D:\Rays\Spring-WorkSpace\Spring-MVC\spring-mvc-tiles\pom.xml.
2026-02-01 08:39:23,488 [Worker-100: Updating Maven Project] INFO  o.e.m.j.i.AbstractJavaProjectConfigurator - Adding source folder /spring-mvc-front-ctl/src/main/java
2026-02-01 08:39:23,488 [Worker-100: Updating Maven Project] INFO  o.e.m.j.i.AbstractJavaProjectConfigurator - Adding resource folder /spring-mvc-front-ctl/src/main/resources
2026-02-01 08:39:23,488 [Worker-100: Updating Maven Project] INFO  o.e.m.j.i.AbstractJavaProjectConfigurator - Adding source folder /spring-mvc-front-ctl/src/test/java
2026-02-01 08:39:24,519 [Worker-100: Updating Maven Project] INFO  o.e.m.w.i.f.ResourceFilteringBuildParticipant - Cleaning filtered folder for spring-mvc-front-ctl
2026-02-01 08:39:24,535 [Worker-100: Updating Maven Project] INFO  o.e.m.c.i.p.ProjectConfigurationManager - Update completed: 6 sec
2026-02-01 08:39:26,410 [Worker-69: Building workspace] INFO  o.e.m.c.i.embedder.EclipseLogger - Using 'UTF-8' encoding to copy filtered resources.
2026-02-01 08:39:26,410 [Worker-69: Building workspace] INFO  o.e.m.c.i.embedder.EclipseLogger - Copying 0 resource
2026-02-01 08:39:26,410 [Worker-69: Building workspace] INFO  o.e.m.c.i.embedder.EclipseLogger - Using 'UTF-8' encoding to copy filtered resources.
2026-02-01 08:39:26,410 [Worker-69: Building workspace] INFO  o.e.m.c.i.embedder.EclipseLogger - skip non existing resourceDirectory D:\Rays\Spring-WorkSpace\Spring-MVC\spring-mvc-front-ctl\src\test\resources
2026-02-01 08:39:26,410 [Worker-69: Building workspace] INFO  o.e.m.w.i.f.ResourceFilteringBuildParticipant - Changed resources require a complete clean of filtered resources of spring-mvc-front-ctl
2026-02-01 08:39:26,410 [Worker-69: Building workspace] INFO  o.e.m.w.i.f.ResourceFilteringBuildParticipant - Executing resource filtering for spring-mvc-front-ctl
2026-02-01 08:39:26,441 [Worker-69: Building workspace] INFO  o.e.m.c.i.embedder.EclipseLogger - Using 'UTF-8' encoding to copy filtered resources.
2026-02-01 08:39:28,222 [Worker-69: Building workspace] INFO  o.e.m.c.i.embedder.EclipseLogger - Using 'UTF-8' encoding to copy filtered resources.
2026-02-01 08:39:28,222 [Worker-69: Building workspace] INFO  o.e.m.c.i.embedder.EclipseLogger - Copying 0 resource
2026-02-01 08:39:28,222 [Worker-69: Building workspace] INFO  o.e.m.c.i.embedder.EclipseLogger - Using 'UTF-8' encoding to copy filtered resources.
2026-02-01 08:39:28,222 [Worker-69: Building workspace] INFO  o.e.m.c.i.embedder.EclipseLogger - skip non existing resourceDirectory D:\Rays\Spring-WorkSpace\Spring-MVC\spring-mvc-simple\src\test\resources
2026-02-01 08:39:30,300 [Worker-102: Building workspace] INFO  o.e.m.c.i.embedder.EclipseLogger - Using 'UTF-8' encoding to copy filtered resources.
2026-02-01 08:39:30,300 [Worker-102: Building workspace] INFO  o.e.m.c.i.embedder.EclipseLogger - Copying 0 resource
2026-02-01 08:39:30,300 [Worker-102: Building workspace] INFO  o.e.m.c.i.embedder.EclipseLogger - Using 'UTF-8' encoding to copy filtered resources.
2026-02-01 08:39:30,300 [Worker-102: Building workspace] INFO  o.e.m.c.i.embedder.EclipseLogger - skip non existing resourceDirectory D:\Rays\Spring-WorkSpace\Spring-MVC\spring-mvc-tiles\src\test\resources
2026-02-01 08:43:36,516 [Worker-99: Building workspace] INFO  o.e.m.c.i.embedder.EclipseLogger - Using 'UTF-8' encoding to copy filtered resources.
2026-02-01 08:43:36,516 [Worker-99: Building workspace] INFO  o.e.m.c.i.embedder.EclipseLogger - Copying 0 resource
2026-02-01 08:43:36,516 [Worker-99: Building workspace] INFO  o.e.m.c.i.embedder.EclipseLogger - Using 'UTF-8' encoding to copy filtered resources.
2026-02-01 08:43:36,516 [Worker-99: Building workspace] INFO  o.e.m.c.i.embedder.EclipseLogger - skip non existing resourceDirectory D:\Rays\Spring-WorkSpace\Spring-MVC\spring-mvc-front-ctl\src\test\resources
2026-02-01 08:44:03,897 [Worker-102: Building workspace] INFO  o.e.m.c.i.embedder.EclipseLogger - Using 'UTF-8' encoding to copy filtered resources.
2026-02-01 08:44:03,913 [Worker-102: Building workspace] INFO  o.e.m.c.i.embedder.EclipseLogger - Copying 0 resource
2026-02-01 08:44:03,913 [Worker-102: Building workspace] INFO  o.e.m.c.i.embedder.EclipseLogger - Using 'UTF-8' encoding to copy filtered resources.
2026-02-01 08:44:03,913 [Worker-102: Building workspace] INFO  o.e.m.c.i.embedder.EclipseLogger - skip non existing resourceDirectory D:\Rays\Spring-WorkSpace\Spring-MVC\spring-mvc-front-ctl\src\test\resources
2026-02-01 08:44:39,044 [Worker-88: Building workspace] INFO  o.e.m.c.i.embedder.EclipseLogger - Using 'UTF-8' encoding to copy filtered resources.
2026-02-01 08:44:39,044 [Worker-88: Building workspace] INFO  o.e.m.c.i.embedder.EclipseLogger - Copying 0 resource
2026-02-01 08:44:39,060 [Worker-88: Building workspace] INFO  o.e.m.c.i.embedder.EclipseLogger - Using 'UTF-8' encoding to copy filtered resources.
2026-02-01 08:44:39,060 [Worker-88: Building workspace] INFO  o.e.m.c.i.embedder.EclipseLogger - skip non existing resourceDirectory D:\Rays\Spring-WorkSpace\Spring-MVC\spring-mvc-front-ctl\src\test\resources
2026-02-01 08:45:31,284 [Worker-108: Building workspace] INFO  o.e.m.c.i.embedder.EclipseLogger - Using 'UTF-8' encoding to copy filtered resources.
2026-02-01 08:45:31,284 [Worker-108: Building workspace] INFO  o.e.m.c.i.embedder.EclipseLogger - Copying 0 resource
2026-02-01 08:45:31,284 [Worker-108: Building workspace] INFO  o.e.m.c.i.embedder.EclipseLogger - Using 'UTF-8' encoding to copy filtered resources.
2026-02-01 08:45:31,284 [Worker-108: Building workspace] INFO  o.e.m.c.i.embedder.EclipseLogger - skip non existing resourceDirectory D:\Rays\Spring-WorkSpace\Spring-MVC\spring-mvc-front-ctl\src\test\resources
2026-02-01 08:48:08,614 [Worker-106: Building workspace] INFO  o.e.m.c.i.embedder.EclipseLogger - Using 'UTF-8' encoding to copy filtered resources.
2026-02-01 08:48:08,614 [Worker-106: Building workspace] INFO  o.e.m.c.i.embedder.EclipseLogger - Copying 0 resource
2026-02-01 08:48:08,614 [Worker-106: Building workspace] INFO  o.e.m.c.i.embedder.EclipseLogger - Using 'UTF-8' encoding to copy filtered resources.
2026-02-01 08:48:08,614 [Worker-106: Building workspace] INFO  o.e.m.c.i.embedder.EclipseLogger - skip non existing resourceDirectory D:\Rays\Spring-WorkSpace\Spring-MVC\spring-mvc-front-ctl\src\test\resources
2026-02-01 08:48:20,411 [Worker-98: Building workspace] INFO  o.e.m.c.i.embedder.EclipseLogger - Using 'UTF-8' encoding to copy filtered resources.
2026-02-01 08:48:20,411 [Worker-98: Building workspace] INFO  o.e.m.c.i.embedder.EclipseLogger - Copying 0 resource
2026-02-01 08:48:20,411 [Worker-98: Building workspace] INFO  o.e.m.c.i.embedder.EclipseLogger - Using 'UTF-8' encoding to copy filtered resources.
2026-02-01 08:48:20,411 [Worker-98: Building workspace] INFO  o.e.m.c.i.embedder.EclipseLogger - skip non existing resourceDirectory D:\Rays\Spring-WorkSpace\Spring-MVC\spring-mvc-front-ctl\src\test\resources
2026-02-01 08:48:42,927 [Worker-98: Building workspace] INFO  o.e.m.c.i.embedder.EclipseLogger - Using 'UTF-8' encoding to copy filtered resources.
2026-02-01 08:48:42,927 [Worker-98: Building workspace] INFO  o.e.m.c.i.embedder.EclipseLogger - Copying 0 resource
2026-02-01 08:48:42,942 [Worker-98: Building workspace] INFO  o.e.m.c.i.embedder.EclipseLogger - Using 'UTF-8' encoding to copy filtered resources.
2026-02-01 08:48:42,942 [Worker-98: Building workspace] INFO  o.e.m.c.i.embedder.EclipseLogger - skip non existing resourceDirectory D:\Rays\Spring-WorkSpace\Spring-MVC\spring-mvc-front-ctl\src\test\resources
2026-02-01 08:49:07,708 [Worker-96: Building workspace] INFO  o.e.m.c.i.embedder.EclipseLogger - Using 'UTF-8' encoding to copy filtered resources.
2026-02-01 08:49:07,708 [Worker-96: Building workspace] INFO  o.e.m.c.i.embedder.EclipseLogger - Copying 0 resource
2026-02-01 08:49:07,708 [Worker-96: Building workspace] INFO  o.e.m.c.i.embedder.EclipseLogger - Using 'UTF-8' encoding to copy filtered resources.
2026-02-01 08:49:07,708 [Worker-96: Building workspace] INFO  o.e.m.c.i.embedder.EclipseLogger - skip non existing resourceDirectory D:\Rays\Spring-WorkSpace\Spring-MVC\spring-mvc-front-ctl\src\test\resources
2026-02-01 08:49:34,546 [Worker-106: Building workspace] INFO  o.e.m.c.i.embedder.EclipseLogger - Using 'UTF-8' encoding to copy filtered resources.
2026-02-01 08:49:34,546 [Worker-106: Building workspace] INFO  o.e.m.c.i.embedder.EclipseLogger - Copying 0 resource
2026-02-01 08:49:34,546 [Worker-106: Building workspace] INFO  o.e.m.c.i.embedder.EclipseLogger - Using 'UTF-8' encoding to copy filtered resources.
2026-02-01 08:49:34,562 [Worker-106: Building workspace] INFO  o.e.m.c.i.embedder.EclipseLogger - skip non existing resourceDirectory D:\Rays\Spring-WorkSpace\Spring-MVC\spring-mvc-front-ctl\src\test\resources
2026-02-01 08:50:20,437 [Worker-109: Building workspace] INFO  o.e.m.c.i.embedder.EclipseLogger - Using 'UTF-8' encoding to copy filtered resources.
2026-02-01 08:50:20,437 [Worker-109: Building workspace] INFO  o.e.m.c.i.embedder.EclipseLogger - Copying 0 resource
2026-02-01 08:50:20,437 [Worker-109: Building workspace] INFO  o.e.m.c.i.embedder.EclipseLogger - Using 'UTF-8' encoding to copy filtered resources.
2026-02-01 08:50:20,437 [Worker-109: Building workspace] INFO  o.e.m.c.i.embedder.EclipseLogger - skip non existing resourceDirectory D:\Rays\Spring-WorkSpace\Spring-MVC\spring-mvc-front-ctl\src\test\resources
2026-02-01 08:50:57,843 [Worker-107: Building workspace] INFO  o.e.m.c.i.embedder.EclipseLogger - Using 'UTF-8' encoding to copy filtered resources.
2026-02-01 08:50:57,843 [Worker-107: Building workspace] INFO  o.e.m.c.i.embedder.EclipseLogger - Copying 0 resource
2026-02-01 08:50:57,843 [Worker-107: Building workspace] INFO  o.e.m.c.i.embedder.EclipseLogger - Using 'UTF-8' encoding to copy filtered resources.
2026-02-01 08:50:57,843 [Worker-107: Building workspace] INFO  o.e.m.c.i.embedder.EclipseLogger - skip non existing resourceDirectory D:\Rays\Spring-WorkSpace\Spring-MVC\spring-mvc-front-ctl\src\test\resources
2026-02-01 08:52:18,652 [Worker-96: Building workspace] INFO  o.e.m.c.i.embedder.EclipseLogger - Using 'UTF-8' encoding to copy filtered resources.
2026-02-01 08:52:18,652 [Worker-96: Building workspace] INFO  o.e.m.c.i.embedder.EclipseLogger - Copying 0 resource
2026-02-01 08:52:18,652 [Worker-96: Building workspace] INFO  o.e.m.c.i.embedder.EclipseLogger - Using 'UTF-8' encoding to copy filtered resources.
2026-02-01 08:52:18,652 [Worker-96: Building workspace] INFO  o.e.m.c.i.embedder.EclipseLogger - skip non existing resourceDirectory D:\Rays\Spring-WorkSpace\Spring-MVC\spring-mvc-front-ctl\src\test\resources
2026-02-01 08:52:42,273 [Worker-88: Building workspace] INFO  o.e.m.c.i.embedder.EclipseLogger - Using 'UTF-8' encoding to copy filtered resources.
2026-02-01 08:52:42,273 [Worker-88: Building workspace] INFO  o.e.m.c.i.embedder.EclipseLogger - Copying 0 resource
2026-02-01 08:52:42,273 [Worker-88: Building workspace] INFO  o.e.m.c.i.embedder.EclipseLogger - Using 'UTF-8' encoding to copy filtered resources.
2026-02-01 08:52:42,273 [Worker-88: Building workspace] INFO  o.e.m.c.i.embedder.EclipseLogger - skip non existing resourceDirectory D:\Rays\Spring-WorkSpace\Spring-MVC\spring-mvc-front-ctl\src\test\resources
2026-02-01 08:54:17,460 [Worker-107: Building workspace] INFO  o.e.m.c.i.embedder.EclipseLogger - Using 'UTF-8' encoding to copy filtered resources.
2026-02-01 08:54:17,460 [Worker-107: Building workspace] INFO  o.e.m.c.i.embedder.EclipseLogger - Copying 0 resource
2026-02-01 08:54:17,460 [Worker-107: Building workspace] INFO  o.e.m.c.i.embedder.EclipseLogger - Using 'UTF-8' encoding to copy filtered resources.
2026-02-01 08:54:17,460 [Worker-107: Building workspace] INFO  o.e.m.c.i.embedder.EclipseLogger - skip non existing resourceDirectory D:\Rays\Spring-WorkSpace\Spring-MVC\spring-mvc-front-ctl\src\test\resources
2026-02-01 08:54:43,711 [Worker-107: Building workspace] INFO  o.e.m.c.i.embedder.EclipseLogger - Using 'UTF-8' encoding to copy filtered resources.
2026-02-01 08:54:43,711 [Worker-107: Building workspace] INFO  o.e.m.c.i.embedder.EclipseLogger - Copying 0 resource
2026-02-01 08:54:43,711 [Worker-107: Building workspace] INFO  o.e.m.c.i.embedder.EclipseLogger - Using 'UTF-8' encoding to copy filtered resources.
2026-02-01 08:54:43,711 [Worker-107: Building workspace] INFO  o.e.m.c.i.embedder.EclipseLogger - skip non existing resourceDirectory D:\Rays\Spring-WorkSpace\Spring-MVC\spring-mvc-front-ctl\src\test\resources
2026-02-01 08:55:13,787 [Worker-104: Building workspace] INFO  o.e.m.c.i.embedder.EclipseLogger - Using 'UTF-8' encoding to copy filtered resources.
2026-02-01 08:55:13,787 [Worker-104: Building workspace] INFO  o.e.m.c.i.embedder.EclipseLogger - Copying 0 resource
2026-02-01 08:55:13,787 [Worker-104: Building workspace] INFO  o.e.m.c.i.embedder.EclipseLogger - Using 'UTF-8' encoding to copy filtered resources.
2026-02-01 08:55:13,787 [Worker-104: Building workspace] INFO  o.e.m.c.i.embedder.EclipseLogger - skip non existing resourceDirectory D:\Rays\Spring-WorkSpace\Spring-MVC\spring-mvc-front-ctl\src\test\resources
2026-02-01 08:55:30,812 [Worker-96: Building workspace] INFO  o.e.m.c.i.embedder.EclipseLogger - Using 'UTF-8' encoding to copy filtered resources.
2026-02-01 08:55:30,812 [Worker-96: Building workspace] INFO  o.e.m.c.i.embedder.EclipseLogger - Copying 0 resource
2026-02-01 08:55:30,812 [Worker-96: Building workspace] INFO  o.e.m.c.i.embedder.EclipseLogger - Using 'UTF-8' encoding to copy filtered resources.
2026-02-01 08:55:30,812 [Worker-96: Building workspace] INFO  o.e.m.c.i.embedder.EclipseLogger - skip non existing resourceDirectory D:\Rays\Spring-WorkSpace\Spring-MVC\spring-mvc-front-ctl\src\test\resources
2026-02-01 08:56:02,872 [Worker-110: Building workspace] INFO  o.e.m.c.i.embedder.EclipseLogger - Using 'UTF-8' encoding to copy filtered resources.
2026-02-01 08:56:02,872 [Worker-110: Building workspace] INFO  o.e.m.c.i.embedder.EclipseLogger - Copying 0 resource
2026-02-01 08:56:02,872 [Worker-110: Building workspace] INFO  o.e.m.c.i.embedder.EclipseLogger - Using 'UTF-8' encoding to copy filtered resources.
2026-02-01 08:56:02,872 [Worker-110: Building workspace] INFO  o.e.m.c.i.embedder.EclipseLogger - skip non existing resourceDirectory D:\Rays\Spring-WorkSpace\Spring-MVC\spring-mvc-front-ctl\src\test\resources
